,job_application_id,dev_vetting_id,resume_skills,ai_vetted_skills,junior_skills,matched_skills_junior,matched_skills_percent,is_passed
0,3ed701ec-b9e1-4fad-bb6e-c295a5d67833,272868,"ReactJS, NextJS, TypeScript, JavaScript, HTML, CSS, SASS, React Hooks, Redux, Storybook, Microfrontend, ES6, AWS, Python, Linux, Windows, Git, Bitbucket, Jest, Node.js, Express.js, MongoDB, MySQL, Webpack, Babel, VS Code, Jenkins, JIRA, Postman, Azure Boards, GitHub, REST API, Figma, Vite, Context API, JSON, Ant Design, Data Structures, Algorithms, Problem Solving","React: Mid-level | JavaScript: Junior | HTML, CSS: Mid-level",['javascript: junior'],['javascript: junior'],100.0,False
1,d78dad13-fa7d-4bda-b88b-c6bbee242a02,273425,"React.js, JavaScript, HTML, CSS, Axios, React Router DOM, Redux Toolkit, Ant Design, Material-UI, Toastify, useForm, MS Excel, MS Office, Arduino IDE, MySQL, Machine Learning, Regression, Classification, Ensemble Learning, RMSE, MAE","React: Junior | JavaScript: Junior | HTML, CSS: Junior","['react: junior', 'javascript: junior', 'html: junior', 'css: junior']","['react: junior', 'javascript: junior', 'html: junior', 'css: junior']",100.0,False
2,7dd4bcd7-8d11-4add-bb85-3546700f57e2,277118,"React.js, HTML, CSS, Bootstrap, Python, Java, C, MySQL, MongoDB, Node.js, Problem-solving, Communication, Teamwork","React: Junior | JavaScript: Junior | HTML, CSS: Junior","['react: junior', 'javascript: junior', 'html: junior', 'css: junior']","['react: junior', 'javascript: junior', 'html: junior', 'css: junior']",66.66666666666666,False
3,b1749232-0c4d-4291-8f5f-e4b8da466bf1,271361,"Java, SQL, PostgreSQL, MySQL, NoSQL, MongoDB, Python, JavaScript, HTML, CSS, React, Next.js, Express.js, Node.js, DaisyUI, Aceternity UI, Tailwind CSS, Git, Docker, Vercel, Netlify, Cloudinary, VS Code, IntelliJ, Eclipse, react-redux, react-router-dom, react-hot-toast, .NET, Flask, REST APIs, Ollama, Socket.io","React: Junior | JavaScript: Junior | HTML, CSS: Junior","['react: junior', 'javascript: junior', 'html: junior', 'css: junior']","['react: junior', 'javascript: junior', 'html: junior', 'css: junior']",100.0,False
4,8baf3a05-667d-47dd-8248-e33de622b42d,258912,"JavaScript, React, Angular, Next.js, Node.js, TypeScript, GraphQL, Git, Cypress, Playwright, Selenium, MongoDB, MySQL, PL/SQL, Docker, React Native, Expo, Express, Firebase, Puppeteer, Appium, Gatsby.js, Styled Components, CSS Modules, Knex, Apollo, React Hook Form, Redux, Sagas, Formik, Reselect, TypeORM, AirTable, PHP, Ruby, Cucumber, Ag-grid, Plaid API, SCRUM, Google Data Studio, Jira, SOAPUI, Postman, Redux Thunk","React: Mid-level | JavaScript: Mid-level | HTML, CSS: Mid-level",[],[],66.66666666666666,False
5,2cf376f0-8884-461e-a207-88b93d6dd104,273565,"React, HTML, CSS, JavaScript, TypeScript, C#, SQL, EJS, Ajax, Express, Nest.js, jQuery, TypeORM, Sequelize, PostgreSQL, Material UI, Ant Design, Jotai, Firebase, Formik, Yup, Redux, Tailwind CSS, Styled Components, Recharts, ASP.NET Core, Entity Framework, Microsoft SQL Server, Azure DevOps, AWS, CI/CD, LINQ, ASP.NET Framework, Bootstrap, Chakra UI, Git, Axios, Fetch API, Redux Toolkit, JWT, Next.js","React: Junior | JavaScript: Junior | HTML, CSS: Junior","['react: junior', 'javascript: junior', 'html: junior', 'css: junior']","['react: junior', 'javascript: junior', 'html: junior', 'css: junior']",100.0,False
6,19881c63-3165-44d1-bf9d-ae8bc5a38fad,238682,"React.js, NestJS, ExpressJS, Docker, Next.js, PostgreSQL, Python, MySQL, React Native, Expo, Node.js, Vue.js, MongoDB, PHP, Laravel, Symfony, AdonisJS, Linux, CI/CD Pipelines, JavaScript, HTML, CSS, Tailwind, Bootstrap","React: Junior | JavaScript: Junior | HTML, CSS: Not experienced","['react: junior', 'javascript: junior']","['react: junior', 'javascript: junior']",100.0,False
7,6f5c16dd-b05f-4e95-af66-04acba5a58b4,279946,"Web Development, Database Management, C/C++, Python, HTML, CSS, JavaScript, OpenCV","React: Mid-level | JavaScript: Junior | HTML, CSS: Junior","['javascript: junior', 'html: junior', 'css: junior']","['javascript: junior', 'html: junior', 'css: junior']",66.66666666666666,False
8,da7cf41c-09e9-4bb6-a357-5f583824df47,255191,"Java, HTML, CSS, JavaScript, C#, C, PHP","React: Not experienced | JavaScript: Not experienced | HTML, CSS: Not experienced",[],[],66.66666666666666,False
9,94a594f6-1d46-44fa-afc6-d5905322e3ed,289989,"Java, JavaScript, TypeScript, MySQL, HTML, CSS, PHP, Python, MongoDB, Mongoose, Object-Oriented Design, Design Patterns, Spring Boot, Express.js, React.js, Node.js, Laravel, Git, GitHub, REST API, Redux, React Native, Context API, Jest, Enzyme, PWA, FastAPI, GraphQL, Web Components, AWS, Terraform, GitLab, CI/CD, Docker, Kubernetes, Redis, Data Structures and Algorithms, Software Engineering, System Design","React: Mid-level | JavaScript: Mid-level | HTML, CSS: Mid-level",[],[],100.0,False
10,0284a9d1-b048-436d-b54a-fa50d09e5912,264428,"JavaScript, TypeScript, React.js, Redux, Node.js, Next.js, HTML, SaaS, CSS, React Testing Library, Redux Saga, Selenium, Cypress, React Final Form, Firebase, Figma, Postman, TestProject, Agile, Scrum","React: Mid-level | JavaScript: Junior | HTML, CSS: Junior","['javascript: junior', 'html: junior', 'css: junior']","['javascript: junior', 'html: junior', 'css: junior']",100.0,False
11,f11466b4-d39d-46d9-b183-53ab49bd3251,260481,"React.js, React Native, JavaScript, Solidity, Python, Java, C, HTML, Node.js, TensorFlow, Keras, Scikit-learn, RoboFlow, Microsoft Office, Microsoft SQL, Git","React: Junior | JavaScript: Junior | HTML, CSS: Junior","['react: junior', 'javascript: junior', 'html: junior', 'css: junior']","['react: junior', 'javascript: junior', 'html: junior']",100.0,False
12,4f397c3c-5ec2-4f14-aaa1-95f85879ef04,268952,"C/C++, Java, JavaScript, HTML, CSS, Tailwind, React.js, Node.js, MongoDB, Express.js, PHP, English, Hindi, French","React: Junior | JavaScript: Junior | HTML, CSS: Junior","['react: junior', 'javascript: junior', 'html: junior', 'css: junior']","['react: junior', 'javascript: junior', 'html: junior', 'css: junior']",100.0,False
13,0d4ff3ad-36ea-4cce-a539-353cbd0090e2,284669,"Java, .NET, SQL, Spring, Spring Boot, J2EE, HTML, CSS, JavaScript, ReactJS, Hibernate, GitHub","React: Junior | JavaScript: Junior | HTML, CSS: Junior","['react: junior', 'javascript: junior', 'html: junior', 'css: junior']","['react: junior', 'javascript: junior', 'html: junior', 'css: junior']",100.0,False
14,0d912493-a9fc-47b8-81af-59de3b117c13,270436,"HTML, CSS, JavaScript, ES6+, TypeScript, React.js, React Native, Redux, Redux Middlewares, React Query, Next.js, Meteor.js, Node.js, GraphQL, WebSocket, Docker, Amazon Web Services (AWS), Bootstrap, jQuery, Jest, Enzyme, Material UI, Tailwind CSS, MongoDB, Firebase, Schema Design, Pixel Perfect Design, Continuous Integration and Continuous Delivery (CI/CD), Pub Sub, Redis, Web Scraping, Mobile First Design and Development, TagUI, Puppeteer","React: Mid-level | JavaScript: Mid-level | HTML, CSS: Mid-level",[],[],100.0,False
15,971df215-eea8-4a39-8ee1-65f89f39e944,279805,"HTML5, CSS3, Bootstrap, JavaScript, MySQL, MongoDB, Core Java, Manual Testing, Automation Testing, WordPress Design, Responsive Design","React: Junior | JavaScript: Junior | HTML, CSS: Mid-level","['react: junior', 'javascript: junior']",['javascript: junior'],66.66666666666666,False
16,aff58ece-1838-4a46-be3f-717ef65dc3a3,274106,"JavaScript, TypeScript, React.js, Material UI, Vite, Tailwind, Zustand, Redux, HTML, CSS, D3.js, Webpack, Next.js, Headless UI, GitLab, Git, Visx, Figma, QR Scanner, React Table by TanStack, React Router, React Context, Storybook, Flow, Salesforce, Visualforce, GitLab CI/CD, Jenkins, Jest, Immutable.js, Grunt, Gulp, ExtJS, Angular, Babel, ESLint, React-Intl, InVision Studio","React: Mid-level | JavaScript: Mid-level | HTML, CSS: Mid-level",[],[],100.0,False
17,e2c60585-2f00-430d-bb94-036483add7a0,269580,"JavaScript, PHP, Gutenberg, Advanced Custom Fields (ACF), HTML, CSS3, Tailwind CSS, SCSS, React.js, Next.js, Remix, Node.js, Express.js, WordPress, WooCommerce, Twig, Liquid Templating, Git, Version Control, Shopify, LearnDash, MySQL, MongoDB, CI/CD, Command Line, AWS, Amazon S3, Amazon RDS, Kinsta, WP Engine","React: Junior | JavaScript: Mid-level | HTML, CSS: Senior",['react: junior'],['react: junior'],100.0,False
18,6988271a-d96a-484a-a6be-981bfabb8b3a,273041,"C, C++, JavaScript, HTML, CSS, Async JavaScript, APIs, Node.js, REST APIs, Mongoose, CRUD, Auth, Bootstrap, Tailwind CSS, Express.js, React.js, MongoDB, MySQL, VSCode, Postman, Netlify, Git, GitHub","React: Not experienced | JavaScript: Junior | HTML, CSS: Junior","['javascript: junior', 'html: junior', 'css: junior']","['javascript: junior', 'html: junior', 'css: junior']",100.0,False
19,3e744e71-9870-42a1-bf1d-ce7bfdaa90de,268992,"Configuration Management, Software Design, Project Documentation, Software Applications, Code Development, Software Development Life Cycle, Data Management, Database Programming","React: Junior | JavaScript: Junior | HTML, CSS: Junior","['react: junior', 'javascript: junior', 'html: junior', 'css: junior']",[],0.0,False
20,733c5a09-3d9d-4768-aa3d-e0defc448a89,279517,"Java, C, Python, HTML, CSS, JavaScript, VS Code, Git, GitHub, ReactJS, MongoDB, Bootstrap, TailwindCSS, Data Structures and Algorithms, Problem Solving, Linux, REST API, PostgreSQL, Postman, Firebase","React: Mid-level | JavaScript: Mid-level | HTML, CSS: Mid-level",[],[],100.0,True
21,03ec1f71-8be7-43f2-9f0c-ce7e415b5efb,240880,"HTML, CSS, JavaScript, Vue.js, Nuxt.js, Vuetify, Tailwind CSS, Express.js, Lodash, Next.js, GraphQL, Figma, Docker, CI/CD, Interface Design, Web Development, UI/UX Design, Photoshop, Sketch, Agora","React: Junior | JavaScript: Junior | HTML, CSS: Junior","['react: junior', 'javascript: junior', 'html: junior', 'css: junior']","['javascript: junior', 'html: junior', 'css: junior']",66.66666666666666,False
22,9f338e93-9519-42ad-b0f3-d7b5466dc3c8,245281,"TypeScript, JavaScript, HTML, CSS, React, Next.js, Redux, Tailwind CSS, Node.js, Express, MongoDB, Git, GitHub, AWS, EC2, Docker, Figma, Linux, Jest, React Testing Library, WordPress, Puppeteer, Dnd-kit, Shadcn, Gemini AI API, Google Model Viewer, React Fiber, Route 53, LightSail","React: Junior | JavaScript: Junior | HTML, CSS: Junior","['react: junior', 'javascript: junior', 'html: junior', 'css: junior']","['react: junior', 'javascript: junior', 'html: junior', 'css: junior']",100.0,False
23,57721cf4-13a1-45d2-8299-12561eafec10,282573,"Python, Django, HTML, CSS, SQL, Microsoft Office Tools, Figma, UX/UI Design, Quality Assurance Documentation, eDoc, SOP, CAPA, cGMP, Organizational Skills, Communication Skills, Multitasking, Transparency, Accountability, Creativity, Web Development, Database Management, Adaptability, Leadership, Empowering Others, Planning and Organizing, Microsoft Excel, Microsoft Word, RESTful API, JavaScript, PHP, PowerPoint, Outlook, XAMPP, WAMP, MySQL, NetBeans, WordPress, Wix, Dreamweaver, Photoshop, Adobe Creative Suite, CorelDRAW","React: Junior | JavaScript: Junior | HTML, CSS: Junior","['react: junior', 'javascript: junior', 'html: junior', 'css: junior']","['javascript: junior', 'html: junior', 'css: junior']",66.66666666666666,False
24,53bb0170-419c-4fbf-8309-49eb76d4f5f7,236387,"HTML, CSS, JavaScript, React.js, Redux, Angular, Bootstrap, Tailwind CSS, Material UI, Git, GitHub","React: Not experienced | JavaScript: Junior | HTML, CSS: Junior","['javascript: junior', 'html: junior', 'css: junior']","['javascript: junior', 'html: junior', 'css: junior']",100.0,False
25,04db5d4a-e5ee-4af1-a4db-fafe905cbb43,259710,"Python, C#, Node.js, SQL, C, Express.js, React, Next.js, JavaScript, HTML, CSS, Jest, Amazon AWS, Amazon S3, AWS Glue, AWS Lambda, Apache Airflow, SQL Server, PostgreSQL, MongoDB, GitLab, GitHub, A/B Testing","React: Junior | JavaScript: Junior | HTML, CSS: Mid-level","['react: junior', 'javascript: junior']","['react: junior', 'javascript: junior']",100.0,False
26,4f5bc6f1-0cd0-4880-89de-f8b1e48dae84,273449,"JavaScript, Java, React.js, Redux, Node.js, Spring Boot, MongoDB, MySQL, Git, Prompt Engineering, Team Collaboration, MS Office","React: Junior | JavaScript: Junior | HTML, CSS: Junior","['react: junior', 'javascript: junior', 'html: junior', 'css: junior']","['react: junior', 'javascript: junior']",66.66666666666666,False
27,b047df41-c26d-4542-8748-dac39e1ad80a,247735,"HTML, CSS, JavaScript, React, Node.js, SQL, Express.js, MongoDB, Python, EJS, Tailwind CSS, Socket.io","React: Junior | JavaScript: Junior | HTML, CSS: Junior","['react: junior', 'javascript: junior', 'html: junior', 'css: junior']","['react: junior', 'javascript: junior', 'html: junior', 'css: junior']",100.0,False
28,84837dc7-5159-4da9-96a2-ee14a4dd698a,282249,"HTML, JavaScript, SQL, CSS, Python, PHP, C++, Team Leadership, Communication, Time Management, Social Media, Teamwork, Microsoft Software, Technical Skills, Problem Solving","React: Not experienced | JavaScript: Not experienced | HTML, CSS: Not experienced",[],[],66.66666666666666,False
29,7955eee6-5b69-4cb9-af76-dfedc2cf6dea,271643,"Java, PHP, JavaScript, Python, SQL, HTML, CSS, Android, AngularJS, ReactJS, Spring Boot, Hibernate, Node.js, MySQL, MongoDB, Firebase, NoSQL, AWS, Docker, CI/CD, CloudFormation, Kubernetes, Git, WordPress, GitHub, GitLab, Google Earth Engine, Sentry, DataDog, Unix Shell Scripting, OOP, API, Agile Methodologies, SDLC, Microservice, Prompt Engineering, Communication, Teamwork, Problem Solving, Active Learning","React: Junior | JavaScript: Junior | HTML, CSS: Junior","['react: junior', 'javascript: junior', 'html: junior', 'css: junior']","['react: junior', 'javascript: junior', 'html: junior', 'css: junior']",100.0,False
30,a784d839-63d9-46b9-8b33-eba392b98ca8,267272,"JavaScript, TypeScript, CSS, HTML, Python, React.js, Node.js, Express, GraphQL, Webpack, Tailwind, Git, GitHub, Visual Studio","React: Junior | JavaScript: Junior | HTML, CSS: Junior","['react: junior', 'javascript: junior', 'html: junior', 'css: junior']","['react: junior', 'javascript: junior', 'html: junior', 'css: junior']",100.0,False
31,4324c9c5-0e86-4e27-bde2-bf22d069a264,271191,"HTML5, CSS3, React, Next.js, React-Native, JavaScript, TypeScript, Tailwind CSS, Redux, React-Query, React-Router, REST APIs, Apollo GraphQL, Git, NPM, Webpack, Babel, Puppeteer, Jest, RTL, Postman, Cucumber","React: Mid-level | JavaScript: Junior | HTML, CSS: Junior","['javascript: junior', 'html: junior', 'css: junior']","['javascript: junior', 'html: junior', 'css: junior']",100.0,False
32,3732a521-96ac-4f1d-945d-ea8960264ea5,276162,"Java, HTML, CSS, JavaScript, React.js, Express.js, MongoDB, Tailwind CSS","React: Junior | JavaScript: Junior | HTML, CSS: Mid-level","['react: junior', 'javascript: junior']","['react: junior', 'javascript: junior']",100.0,False
33,9a128450-cb12-4b86-a065-28f5d2430dd0,275027,"JavaScript, jQuery, Python, Java, HTML, CSS, TypeScript, ES6, React.js, Next.js, Bootstrap, Ant Design, Tailwind, Postman, Git, Chrome DevTools, Figma, SQL, MongoDB, AWS, REST APIs, Agile Development, Version Control","React: Junior | JavaScript: Junior | HTML, CSS: Junior","['react: junior', 'javascript: junior', 'html: junior', 'css: junior']","['react: junior', 'javascript: junior', 'html: junior', 'css: junior']",100.0,False
34,dfcbfa7f-ba6c-4082-8517-d56976ae26e4,256411,"HTML, CSS, SCSS, Bootstrap, JavaScript, jQuery, TypeScript, Webpack, React.js, Redux, Next.js, GitHub, Material UI, Firebase, MongoDB, Prisma","React: Mid-level | JavaScript: Mid-level | HTML, CSS: Mid-level",[],[],100.0,False
35,c3c3e72e-57b9-4f87-b210-412f1fbead14,281847,"JavaScript, TypeScript, C++, HTML, CSS, SCSS, React.js, Next.js, Webpack, Redux, Material-UI, Tailwind CSS, Jest, Git, Chrome DevTools, VSCode, Problem-solving, Adaptability, Teamwork/Collaboration, Leadership","React: Mid-level | JavaScript: Mid-level | HTML, CSS: Junior","['html: junior', 'css: junior']","['html: junior', 'css: junior']",100.0,False
36,99723932-857f-4116-8ca1-2eb7cf7a0b7d,235901,"JavaScript, TypeScript, React.js, Next.js, HTML, CSS, Tailwind CSS, Sass, Bootstrap, Git, GitHub, GitLab, Visual Studio Code, Node.js, Express.js, MongoDB, Firebase, Redis, Python, C","React: Mid-level | JavaScript: Junior | HTML, CSS: Junior","['javascript: junior', 'html: junior', 'css: junior']","['javascript: junior', 'html: junior', 'css: junior']",100.0,False
37,bad972e8-6a47-49b3-9b61-3534ec3cb9d6,254462,"JavaScript, TypeScript, Python, Golang, C, HTML, CSS, SCSS, LESS, ReactJS, NodeJS, ExpressJS, NestJS, Jest, Vite, Vitest, ThreeJS, gRPC, NextJS, Postman, Figma, Git, Linux, Docker, AWS CDK, AWS Console, RabbitMQ, Blender, MySQL, PostgreSQL, DynamoDB, MongoDB, Elasticsearch","React: Mid-level | JavaScript: Junior | HTML, CSS: Mid-level",['javascript: junior'],['javascript: junior'],100.0,False
38,83a27399-028e-482d-a97d-7b64eb0f0c89,267519,"React.js, Node.js, JavaScript, TypeScript, Redux, Context API, Telemetry, HTML, CSS, Python, Java, Spring Boot, Hibernate, AngularJS, MySQL, Oracle, MongoDB, Azure DB, AWS, Microsoft Azure, GitHub, Bitbucket, Jenkins, Docker, Splunk, Swagger, Confluence, CI/CD, JIRA, Azure DevOps, Visual Studio Code, Eclipse, IntelliJ, Google Map API, React Query, Jest, React Testing Library, HTML5, CSS3, Agile Methodology, Scrum, SQL, REST API, MVC, Material UI, Unit Testing, Regression Testing, UAT, Localization","React: Mid-level | JavaScript: Junior | HTML, CSS: Junior","['javascript: junior', 'html: junior', 'css: junior']","['javascript: junior', 'html: junior', 'css: junior']",100.0,False
39,cd8c8a98-5fcf-4f1c-90b7-fd9f9b6dd214,266760,"JavaScript, TypeScript, ES6, Swift, Kotlin, React.js, Next.js, Storybook, Angular, React Native, Node.js, Redux, Material UI, Axios, React Router, HTML, CSS, SASS, Tailwind, Figma, Jest, React Testing Library, msw, REST APIs, GraphQL, MQTT, WebSockets, Babel, Webpack, npm, yarn, Microsoft Azure, CI/CD pipelines, GitHub, Scrum, Agile, Jira, AWS, Visual Studio","React: Mid-level | JavaScript: Mid-level | HTML, CSS: Mid-level",[],[],100.0,True
40,a5d2ccb6-47ce-4727-88d6-066f98b5e968,255126,"HTML5, CSS3, DHTML, JavaScript, XML, Angular, JQuery, Photoshop, Dreamweaver, Webpack, Husky, Dependency Cruiser, Gulp, Grunt, React, React-Redux, Redux-Thunk, Redux Toolkit, Redux DevTools, Angular.JS, Node.JS, Vue.JS, Jest, Enzyme, SASS, LESS, Responsive Web Design, Ag Grid, Highcharts, AJAX, WebStorm, Notepad++, Adobe Flash Professional, ActionScript, Microsoft Publisher, Eclipse, Sublime Text, GIT, Bitbucket, CVS, SVN, JIRA, Agile, TypeScript, Bootstrap, Material UI, Express.js, MongoDB, Oracle, MySQL, CouchDB, Adobe PageMaker, MS Office, Adobe Illustrator, Azure, Firebase, AWS, Jenkins, Azure DevOps","React: Mid-level | JavaScript: Junior | HTML, CSS: Junior","['javascript: junior', 'html: junior', 'css: junior']","['javascript: junior', 'html: junior', 'css: junior']",100.0,False
41,ae475e86-b0d1-4dae-85f4-b522af81b53f,242838,"JavaScript, HTML, CSS, SCSS, Angular, React, Next.js, Laravel, Ionic, styled-components, Tailwind CSS, Bootstrap, Figma, HTML5, CSS3, TypeScript, Sass, WordPress, jQuery, Perl, Photoshop, Avocode, Litmus, Jira, Trello, XAMPP, Git, Gulp, Grunt, Webpack, RESTful APIs","React: Junior | JavaScript: Junior | HTML, CSS: Junior","['react: junior', 'javascript: junior', 'html: junior', 'css: junior']","['react: junior', 'javascript: junior', 'html: junior', 'css: junior']",100.0,False
42,1bc938b4-2baf-4826-82c9-5cf2f6864439,281330,"JavaScript, Python, TypeScript, React, Redux, Node.js, HTML, CSS, Bootstrap, MySQL, MongoDB, PostgreSQL","React: Junior | JavaScript: Mid-level | HTML, CSS: Mid-level",['react: junior'],['react: junior'],100.0,False
43,4f4029b9-ad83-4eeb-b69b-63d2117b1741,275306,"HTML, CSS, React.js, Node.js, Logical Thinking, Analytical Thinking","React: Junior | JavaScript: Junior | HTML, CSS: Junior","['react: junior', 'javascript: junior', 'html: junior', 'css: junior']","['react: junior', 'javascript: junior', 'html: junior', 'css: junior']",66.66666666666666,False
44,dd8fdab8-20f3-413f-9f4e-b7dce5dd2166,271704,"C/C++, Python, JavaScript, TypeScript, Java, SQL, HTML5, CSS3, PHP, Assembly Language, Git, GitHub, VS Code, Visual Studio, Jenkins, Material UI, Firebase, Vercel, SQLite, MongoDB, MATLAB, GNU Octave, MS Office, Enterprise Architect, Microsoft Project, Katalon Studio, Eclipse IDE, GCP, Power BI, Unix, Linux, Windows, Software Development Life Cycle, Debugging, Troubleshooting","React: Junior | JavaScript: Junior | HTML, CSS: Junior","['react: junior', 'javascript: junior', 'html: junior', 'css: junior']","['javascript: junior', 'html: junior', 'css: junior']",66.66666666666666,False
45,9ad7ed1d-12bc-445d-9b4b-51ee35ba8360,275619,"React.js, React Hooks, HTML, CSS, JavaScript, React Native, Renown, VS Code, Postman, Vercel, Netlify, GitHub, Agile Development, CORS Policies, RESTful APIs","React: Junior | JavaScript: Junior | HTML, CSS: Junior","['react: junior', 'javascript: junior', 'html: junior', 'css: junior']","['react: junior', 'javascript: junior', 'html: junior', 'css: junior']",100.0,False
46,374d739f-dec8-4e2e-bb20-6c0fd3094695,266737,"Angular, CSS, SASS, Tailwind, Bootstrap, Angular Material, Webpack, JavaScript, RxJS, TypeScript, ECMAScript, HTML, Spring MVC, Spring Boot, Hibernate, Spring Boot Security, Spring Multi-Module Architecture, Kafka, Docker, Keycloak, Git, CI/CD, SQL, IBM DB2, Core Java, Java Collections, Java Stream API, Ionic Framework, ASP.NET, Jenkins, AWS","React: Not experienced | JavaScript: Junior | HTML, CSS: Junior","['javascript: junior', 'html: junior', 'css: junior']","['javascript: junior', 'html: junior', 'css: junior']",66.66666666666666,False
47,c27c9b95-d18d-4caf-8f79-acf0e165d526,270821,"HTML, CSS, JavaScript, TypeScript, React, Redux, Node.js, REST API, SQL, MongoDB, AWS, Docker, Kubernetes, Git, Jira, npm, Webpack, Data Structures","React: Mid-level | JavaScript: Junior | HTML, CSS: Junior","['javascript: junior', 'html: junior', 'css: junior']","['javascript: junior', 'html: junior', 'css: junior']",100.0,False
48,2f7d5509-dbfc-4e5c-a082-d3454e6df1d5,241664,"Angular, React, React Native, Redux, RxJs, TypeScript, JavaScript, WebRTC, Ionic, PhoneGap, Cordova, Jasmine, jQuery, HTML5, CSS3, Sass, Scss, Bootstrap, Angular Material, PrimeNG, JSON, WebSQL, SQL, Oracle, Node.js, MongoDB, Express.js, OAuth2, JWT, Keycloak, Openshift, JHipster, .NET, Botpress, ChatScript, Agile Methodology","React: Mid-level | JavaScript: Junior | HTML, CSS: Junior","['javascript: junior', 'html: junior', 'css: junior']","['javascript: junior', 'html: junior', 'css: junior']",100.0,False
49,8207d47a-008d-4c21-b896-63db354a5f31,261870,"C, Python, JavaScript, MongoDB, MySQL, VS Code, Excel, GitHub, HTML, CSS, ReactJS, NodeJS, ServiceNow, SharePoint, Bootstrap, MobX, TypeScript, Postman","React: Not experienced | JavaScript: Not experienced | HTML, CSS: Not experienced",[],[],100.0,False
50,9c7d18ad-8b77-4578-9327-c29e2df03a85,252870,"HTML5, CSS3, JavaScript, React, Redux, Bootstrap, Tailwind CSS, Node.js, Express.js, Python, SQLite, Git, NPM, Figma, VS Code, Chrome DevTools","React: Junior | JavaScript: Junior | HTML, CSS: Junior","['react: junior', 'javascript: junior', 'html: junior', 'css: junior']","['react: junior', 'javascript: junior', 'html: junior', 'css: junior']",100.0,False
51,180e05c9-d86a-47ec-bf38-a6fc7dfe8a6d,278098,"HTML, CSS, JavaScript, Java, Python, React.js, PHP, MySQL, MongoDB, RESTful APIs, Bootstrap, IoT, Machine Learning, Git, Figma, Linux, NetBeans, Eclipse, Visual Studio, Sublime Text","React: Not experienced | JavaScript: Not experienced | HTML, CSS: Not experienced",[],[],100.0,False
52,68642406-4f3e-4f55-823c-b30ce5cc6aae,268721,"HTML, CSS, JavaScript, TypeScript, React.js, Redux, Redux Toolkit, Node.js, Express.js, Tailwind CSS, Bootstrap CSS, MongoDB, Agile, Waterfall, Git, Bitbucket, Jira, RESTful APIs, GraphQL, Context API, React Query, Lazy Loading, Code Splitting, Memoization","React: Junior | JavaScript: Junior | HTML, CSS: Junior","['react: junior', 'javascript: junior', 'html: junior', 'css: junior']","['react: junior', 'javascript: junior', 'html: junior', 'css: junior']",100.0,False
53,ee8d5ed2-09b7-471b-a1ac-f90dacaf2749,266622,"JavaScript, TypeScript, Next.js, React.js, Node.js, Redux, Python, Flask, Django, CI/CD, Quality Assurance, Testing, Test Driven Development, UI Design, Prototyping, Git, GitHub, Figma, Chrome Developer Tools, SASS, NPM, Adobe Creative Cloud","React: Mid-level | JavaScript: Junior | HTML, CSS: Junior","['javascript: junior', 'html: junior', 'css: junior']",['javascript: junior'],66.66666666666666,False
54,a007e09b-c107-42cb-b7e1-bc0a83deef44,265825,"Web Design, Artificial Intelligence, Hardware Programming","React: Not experienced | JavaScript: Not experienced | HTML, CSS: Mid-level",[],[],0.0,False
55,bad69ebc-12a8-4798-be12-9ffa8adb7859,306589,"HTML5, CSS3, JavaScript, TypeScript, ReactJS, React Native, Angular, NgRx, RxJS, Redux-Saga, Node.js, NestJS, MongoDB, Material UI, Jasmine, Karma, Docker, Postman, Android Studio, IBM Watson, Figma, WebStorm, JIRA, Slack, GIT, Google Play Store, App Store, Spring Boot, MySQL","React: Mid-level | JavaScript: Junior | HTML, CSS: Junior","['javascript: junior', 'html: junior', 'css: junior']","['javascript: junior', 'html: junior', 'css: junior']",100.0,False
56,0fb34b6e-1494-4020-8676-52208665ac31,238780,"React.js, Remix, TypeScript, Tailwind CSS, Bootstrap, Responsive Design, zod, Git, OpenAPI, Node.js, Express.js, MongoDB, Firebase, Gulp, Teamwork, Communication, Bug Fixing, Performance Optimization, HTML, CSS, JavaScript, Python, Angular, MySQL, PostgreSQL, Object-Oriented Programming","React: Junior | JavaScript: Junior | HTML, CSS: Junior","['react: junior', 'javascript: junior', 'html: junior', 'css: junior']","['react: junior', 'javascript: junior', 'html: junior', 'css: junior']",100.0,False
57,f28c77d2-4a48-4b43-a6b3-c03fcd7e7a8c,266346,"HTML5, CSS3, JavaScript, React, jQuery, Bootstrap, Angular, Tailwind, Ionic, Node.js, Next.js, AJAX, JSON, SOA, MVC, Object-Oriented Programming, TypeScript, ECMAScript 6, React Flux, Virtual DOM, JSX, Two-way Data Binding, Templates, Services, Controllers, Scope, Custom Directives, Filters, Dependency Injection, Document Object Model, Jenkins, Docker, Webpack, Responsive Web Design, RESTful APIs, AWS EC2, AWS S3, SVN, GitLab, Bitbucket, Team Foundation Server, Karma, Jasmine, Protractor, HTTP Web Server, WebLogic, Apache Tomcat, JBoss, Google Chrome Web Debugger, Visual Studio Code, Eclipse, SoapUI, Agile, Waterfall, Windows, Mac OS, Linux","React: Junior | JavaScript: Junior | HTML, CSS: Junior","['react: junior', 'javascript: junior', 'html: junior', 'css: junior']","['react: junior', 'javascript: junior', 'html: junior', 'css: junior']",100.0,False
58,fbe56178-eea9-4ec4-a30b-c0890cd0f826,269153,"Python, R, JavaScript, TypeScript, SQL, React, Tailwind, CSS, HTML, Zustand, Redux, React-Query, Unit Testing, ETL, Business Intelligence, Next.js, Vue.js, Angular, MongoDB, Docker, Machine Learning, Deep Learning, Node.js","React: Junior | JavaScript: Junior | HTML, CSS: Junior","['react: junior', 'javascript: junior', 'html: junior', 'css: junior']","['react: junior', 'javascript: junior', 'html: junior', 'css: junior']",100.0,False
59,8e95c9b1-af8e-4fc0-a1d7-8e121b242313,264214,"HTML, CSS, JavaScript, TypeScript, React.js, Express.js, Node.js, Git, Prisma, SQLite, VSCode, Bcrypt, JWT, Zod, Technical Troubleshooting, DHCP/DNS, LAN/WAN, Ethernet, Firewall Proficiency","React: Not experienced | JavaScript: Junior | HTML, CSS: Junior","['javascript: junior', 'html: junior', 'css: junior']","['javascript: junior', 'html: junior', 'css: junior']",100.0,False
60,c28a4f83-7c27-4c2c-9c61-a5e9013ee952,265459,"TypeScript, JavaScript, Node.js, ES6, ReactJS, Vue.js, jQuery, Styled Components, Bootstrap, UIKit, CSS, SASS, LESS, HTML5, HTML, xHTML, XML, Jest, Cypress, Storybook, MySQL, NoSQL, PHP, WordPress, CodeIgniter, Symfony, Serverless, Figma, Adobe XD, GitHub, GitLab, BitBucket, JIRA, AWS S3, AWS Lambda, AWS RDS, AWS DynamoDB, AWS Cloudfront, AWS SNS, Server Management, Database Management, Visual Studio Code, Sublime Text, Microsoft Office, MacOS, Windows, CentOS, Ubuntu, Adobe Photoshop, Adobe Illustrator","React: Junior | JavaScript: Junior | HTML, CSS: Junior","['react: junior', 'javascript: junior', 'html: junior', 'css: junior']","['react: junior', 'javascript: junior', 'html: junior', 'css: junior']",100.0,False
61,27cbd792-73e3-44fa-88a7-7a71ce14722c,283789,"JavaScript, React, Node.js, Swift, Redux, Material-UI, Express.js, MongoDB, Firebase, Heroku, GitHub, CircleCI, Slack, Jest, Enzyme, Figma, Next.js, TypeScript, jQuery, HTML, CSS, SCSS, Java, SQL, Python, MySQL, AWS S3, Git, Bitbucket, Jenkins, JIRA, Confluence, SEO/SEM, Content Marketing, Google AdWords, Product Lifecycle, Market Launch Plan, User Onboarding, Strategy Planning, Product Metrics, Agile, Scrum, Roadmapping, AB Testing, Advanced Excel, Business Analysis, Data Analysis, Customer Acquisition, Leadership, Communication, Problem Solving, Decision Making, Collaboration, Stakeholder Management, Business Acumen, Time Management, Conflict Resolution, Adobe Experience Manager (AEM), Redux Saga, Ant-Design, Microservices, Swift UI, CoreData, UIKit, Google Maps, CoreLocation, Xcode, Sketch, Google Analytics","React: Mid-level | JavaScript: Junior | HTML, CSS: Junior","['javascript: junior', 'html: junior', 'css: junior']","['javascript: junior', 'html: junior', 'css: junior']",100.0,False
62,86375e29-6fb2-4fd8-bf08-ce74376d5862,279954,"React, Vue.js, AJAX, Fetch, Axios, TypeScript, JScript, UI/UX, Figma, CI/CD, Vercel, Node.js, Express.js, SQL, MongoDB, WebSocket, Back4app, Digital Ocean, PM2, Caddy, Next.js, AFrame, Electron, HTA, React Native, NPM, Git, Agile, Trello, jQuery, PHP, WordPress, PingPong, FTP, Putty, SSH, C, Prolog, ML, Pascal, VB, WAP, XML, TFIDF, Cosine Similarity, Rocchio Algorithm, Machine Learning, POS Tagging, HMM, Mermaid, Bootstrap, Tooltipster","React: Junior | JavaScript: Junior | HTML, CSS: Junior","['react: junior', 'javascript: junior', 'html: junior', 'css: junior']","['react: junior', 'javascript: junior']",66.66666666666666,False
63,ec3ea523-3804-474c-8279-5177a4841c14,273394,"Java, Angular, Symfony, MySQL, PostgreSQL, Spring Boot, Docker, GitLab CI/CD, Scrum, PHP, HTML, CSS, Bootstrap, Unit Testing, TDD, Agile, VMware, Cloud Foundry, Orange Carto API, J Unit, SonarQube, Checkmarx, Kubernetes, OpenShift","React: Junior | JavaScript: Junior | HTML, CSS: Not experienced","['react: junior', 'javascript: junior']",[],33.33333333333333,False
64,6c76cffd-c85a-4022-9bc2-f7244e4746eb,258004,"Angular, React, HTML5, Micro-Frontend, TypeScript, Tanstack Query, CSS3, Agile, JavaScript, Shadcn UI, Tailwind, Cypress, NGRX, Node.js, Bootstrap, Jest","React: Mid-level | JavaScript: Mid-level | HTML, CSS: Junior","['html: junior', 'css: junior']","['html: junior', 'css: junior']",100.0,False
65,4054e9e1-2a0b-4682-b278-950124b21394,254528,"Python, SQL, JavaScript, TypeScript, HTML, XML, CSS, React.js, Node.js, Express.js, Bootstrap, Git, GitHub, REST Client, SQLite, MongoDB","React: Mid-level | JavaScript: Junior | HTML, CSS: Mid-level",['javascript: junior'],['javascript: junior'],100.0,True
66,61333bc5-ca74-4209-a3fc-26cf36161e94,261661,"React.js, Redux, Next.js, JavaScript, HTML, CSS, Tailwind CSS, Node.js, Express.js, RESTful APIs, GraphQL, SQL, NoSQL, MongoDB, AWS, AWS Lambda, Amazon S3, DynamoDB, CI/CD, Agile, Docker, GitLab, WebSockets, Redis, Datadog, LogRocket, Swagger UI, PCI Compliance, Vue.js, TypeScript, Golang, Python, Django, Azure, EC2, RDS, Serverless Architecture, Jest, Mocha, Supertest, axe-core, Sentry.io, Lodash, Stripe, AWS SQS, Vercel, PayPal, Video.js, API Gateway","React: Mid-level | JavaScript: Mid-level | HTML, CSS: Mid-level",[],[],100.0,True
67,1855615f-8a99-45da-9495-53bad850c59e,255537,"HTML, CSS, JavaScript, Node.js, LESS, Tailwind CSS, jQuery, React.js, Bootstrap, Magento, Visual Studio, Bitbucket, Jira, Lambda, Git","React: Junior | JavaScript: Junior | HTML, CSS: Mid-level","['react: junior', 'javascript: junior']","['react: junior', 'javascript: junior']",100.0,False
68,bdc310a4-1448-4e5c-9bf0-372a3f771d49,275128,"React.js, Next.js, TypeScript, JavaScript/ES6, Redux, Context API, Material-UI, Fluent UI, React Query, Zustand, TanStack Query, Chakra UI, Tailwind CSS, SCSS, Bootstrap 4/5, HTML5, CSS3, yarn, npm, Git, GitHub, GitLab, Web App, Firebase, REST APIs, Problem Solving, Node.js, MongoDB, PrimeReact, pnpm, React Native, Azure DevOps, Azure ADB2C","React: Junior | JavaScript: Junior | HTML, CSS: Junior","['react: junior', 'javascript: junior', 'html: junior', 'css: junior']","['react: junior', 'javascript: junior', 'html: junior', 'css: junior']",100.0,False
69,ac65d9df-511b-4418-b2d4-79ef2bf881b7,266818,"JavaScript, SQL, HTML, CSS, Java, React.js, Node.js, Express.js, Git, REST APIs, Prisma, Axios, BCrypt","React: Junior | JavaScript: Junior | HTML, CSS: Not experienced","['react: junior', 'javascript: junior']","['react: junior', 'javascript: junior']",100.0,False
70,16a68391-9023-4dba-a8e2-64f3b0e95bb8,281461,"Java, Spring Boot, Node.js, React, MySQL, MongoDB, AWS, Docker, Jenkins, CI/CD, Linux, Design Patterns, OOP, Software Engineering, C++, Python, JavaScript, HTML, CSS, Tailwind CSS, Express.js, Firebase, Nginx, GitHub, Microservices, RabbitMQ, WebClient, GitHub Actions, Three.js, WebSockets, Agile, Arrays, Linked Lists, Sorting Algorithms, Spring Security","React: Not experienced | JavaScript: Junior | HTML, CSS: Junior","['javascript: junior', 'html: junior', 'css: junior']","['javascript: junior', 'html: junior', 'css: junior']",100.0,False
71,35588fec-4794-46c1-b91d-1e7628d55533,256823,"Python, HTML, CSS, JavaScript, Bootstrap, MySQL, Tableau, Django Framework, Leadership, Time Management, Problem-Solving, Communication","React: Junior | JavaScript: Junior | HTML, CSS: Junior","['react: junior', 'javascript: junior', 'html: junior', 'css: junior']","['javascript: junior', 'html: junior', 'css: junior']",66.66666666666666,False
72,55a141fe-1b8d-4873-908b-07182d101a88,266348,"HTML5, CSS3, Bootstrap, Tailwind, JavaScript, ReactJS, NextJS, React Native, Python, Flask, GIT, Docker, Zapier, Notion, Slack, GitHub, Asana, Trello, AWS, TypeScript, MongoDB, SQLAlchemy, JEST, APIs, Algorithms","React: Junior | JavaScript: Junior | HTML, CSS: Junior","['react: junior', 'javascript: junior', 'html: junior', 'css: junior']","['react: junior', 'javascript: junior', 'html: junior', 'css: junior']",100.0,False
73,9d09d211-6f8c-476b-a803-efd67631b647,283119,"C++, Python, SQL, HTML, CSS, JavaScript, ReactJS, Firebase, Postgres, Node.js, Kotlin, AWS, Stibo Systems MDM, Git, Jupyter Notebook, Android Studio, Figma, Blender, PyCharm, STEP Tool","React: Junior | JavaScript: Junior | HTML, CSS: Mid-level","['react: junior', 'javascript: junior']","['react: junior', 'javascript: junior']",100.0,False
74,8737bc00-797c-40b9-8d7c-afb9d418ce62,279561,"JavaScript, TypeScript, Java, ReactJS, Node.js, Express.js, Tailwind CSS, Next.js, Sanity.io, Bootstrap, AWS, Docker, JWT, Redux, Web3, ThirdWeb, Swagger, Postman, Git, GitHub, MongoDB, MySQL","React: Junior | JavaScript: Junior | HTML, CSS: Junior","['react: junior', 'javascript: junior', 'html: junior', 'css: junior']","['react: junior', 'javascript: junior', 'css: junior']",66.66666666666666,False
75,365a12de-3c3d-4424-b74d-8467b5876895,278680,"Data Entry, Fast Learner, Front-end, Machine Learning, UI/UX, UI/UX Design, Artificial Intelligence","React: Junior | JavaScript: Not experienced | HTML, CSS: Junior","['react: junior', 'html: junior', 'css: junior']",['html: junior'],0.0,False
76,04f4a9cd-88aa-4284-94ce-dba012503312,277076,"HTML5, CSS3, JavaScript, React, Angular, Redux, Java, Spring Boot, Spring Batch, JPA, MySQL, Oracle, Git, Linux, Bash Scripting","React: Not experienced | JavaScript: Not experienced | HTML, CSS: Junior","['html: junior', 'css: junior']","['html: junior', 'css: junior']",100.0,False
77,1a1b7b24-a2c6-48b4-a4a5-39635098eefc,258252,"React, JavaScript, TypeScript, React Native, CSS, HTML, Vue, jQuery, Express, Node.js, SQL, Java, Ruby, Jest, Testing Library, Cypress, Playwright, Selenium, Git, AWS, Google Cloud, Azure, Kubernetes, Jenkins, TeamCity, Ruby on Rails, Stimulus, Plotly.js, Tailwind CSS, Figma, Nuxt, SCSS, Strapi, GraphQL, MySQL, PostgreSQL, Next.js, MUI, Redux Toolkit, gRPC, Shadow DOM, JsonSchema, React-Query, Storybook, DataDog, Chakra UI, AmCharts, VisX, Webpack, Module Federation, SASS","React: Senior | JavaScript: Mid-level | HTML, CSS: Mid-level",[],[],100.0,False
78,3aed1d25-3879-4837-87be-08629f54e344,235353,"SQL, Python, Java, CSS3, HTML5, JavaScript, Microsoft Excel, C++, Windows, Linux, GitHub, Sublime Text, Visual Studio Code, Work Ethic, Team Collaboration, Adaptability, Problem Solving, Communication, Attention to Detail","React: Junior | JavaScript: Not experienced | HTML, CSS: Junior","['react: junior', 'html: junior', 'css: junior']","['html: junior', 'css: junior']",66.66666666666666,False
79,ec21213e-fe85-4c9d-8311-eb4c01525a57,272230,"HTML5, CSS3, JavaScript, SCSS/SASS, Tailwind, TypeScript, RESTful APIs, Axios, Fetch, GraphQL, JSON, React, Redux, Vue, Vuex, Angular, Material UI, Vuetify, Bootstrap, Jest, GitLab CI, GitHub, Git, Yarn, SVN, NPM, WordPress CMS, Visual Studio Code, Sublime Text, FTP, ClickUp, Jira, Trello, Asana, Adobe Photoshop, Adobe Illustrator, Figma, Adobe XD, Canva, Agile","React: Junior | JavaScript: Junior | HTML, CSS: Junior","['react: junior', 'javascript: junior', 'html: junior', 'css: junior']","['react: junior', 'javascript: junior', 'html: junior', 'css: junior']",100.0,False
80,37b60861-f23d-4f6b-9cc8-9015dea92d47,276147,"JavaScript, React.js, HTML, CSS, MySQL, RESTful API, Bootstrap, Express.js, Ajax, Ruby on Rails, Html5, Photoshop, Windows, Linux, Eclipse, Notepad++, EditPlus, Dev++, IDLE, PyCharm, Spyder, Visual Studio, Sublime, GITLAB, MS DOS, MS Excel, Microsoft PowerPoint, Microsoft Word, SDLC, Node.js","React: Junior | JavaScript: Junior | HTML, CSS: Junior","['react: junior', 'javascript: junior', 'html: junior', 'css: junior']","['react: junior', 'javascript: junior', 'html: junior', 'css: junior']",100.0,False
81,5c5ef515-22e5-4f73-accc-7e8a0927a3f5,251950,"Python, HTML, CSS, JavaScript, MySQL, React.js, Flask, Chatterbot, Visual Studio, Jupyter, Figma, Git","React: Junior | JavaScript: Not experienced | HTML, CSS: Not experienced",['react: junior'],['react: junior'],100.0,False
82,25360e03-e860-43fe-b4ae-679ee400fa07,251834,"Java, JavaScript, Python, Software Testing, HTML5, CSS3, Bootstrap, React.js, SQL, MongoDB, Git, GitHub, Critical Thinking, Data-driven Decision Making, Project Ownership","React: Junior | JavaScript: Junior | HTML, CSS: Junior","['react: junior', 'javascript: junior', 'html: junior', 'css: junior']","['react: junior', 'javascript: junior', 'html: junior', 'css: junior']",100.0,False
83,26999cd4-4a7a-4c29-bbdb-b1e899abc9b6,267727,"HTML5, CSS3, JavaScript, React.js, Vue.js, TypeScript, Bootstrap, SCSS, MySQL, Node.js, jQuery, Laravel, Firebase, PHP, VS Code, Figma, Git, GitHub","React: Junior | JavaScript: Junior | HTML, CSS: Junior","['react: junior', 'javascript: junior', 'html: junior', 'css: junior']","['react: junior', 'javascript: junior', 'html: junior', 'css: junior']",100.0,False
84,b7e1d099-9d42-4918-a5d7-0be38b71f76b,258915,"HTML, CSS, JavaScript, Bootstrap, Tailwind CSS, React.js, Next.js, Redux, React Router, React Query, Context API, Supabase, WordPress, Divi, Elementor, Git, APIs, State Management, User Experience","React: Mid-level | JavaScript: Mid-level | HTML, CSS: Junior","['html: junior', 'css: junior']","['html: junior', 'css: junior']",100.0,False
85,5715ade8-d36a-4bd4-ba89-c42ad634aa6c,250721,"C, C++, Java, HTML, TypeScript, JavaScript, ReactJS, NodeJS, Spring Boot, VScode, Git, Github, Linux, MongoDB, Firebase, SQL, PostgreSQL","React: Mid-level | JavaScript: Junior | HTML, CSS: Junior","['javascript: junior', 'html: junior', 'css: junior']","['javascript: junior', 'html: junior']",100.0,False
86,1f295770-47c4-45c4-b0f9-7e2d2ed675db,266813,"TypeScript, JavaScript, C#, Python, Angular, React, Redux, Styled-components, Tailwind CSS, RxJS, HTML, CSS, SCSS, RESTful APIs, Node.js, Express.js, Prisma ORM, .NET 8, UX/UI, Material Design, Figma, WCAG 2.x AA, Cypress, Jest, Karma Jasmine, TDD, Git, Azure DevOps, CI/CD, Docker, Agile, Scrum, Clean Code, Teamwork, Clear Communication, Attention to Detail, Open to Feedback, Problem Solving, Proactivity, Quick Learning, Cross-functional Collaboration","React: Junior | JavaScript: Junior | HTML, CSS: Mid-level","['react: junior', 'javascript: junior']","['react: junior', 'javascript: junior']",100.0,False
87,50252d20-a2da-4ca0-b974-ccc6ccdafad5,271708,"React, HTML5, CSS3, JavaScript, TypeScript, Git, GitHub, Tailwind CSS, npm, Webpack, Vercel, Problem-solving, Team collaboration, Adaptability, Effective communication","React: Junior | JavaScript: Junior | HTML, CSS: Junior","['react: junior', 'javascript: junior', 'html: junior', 'css: junior']","['react: junior', 'javascript: junior', 'html: junior', 'css: junior']",100.0,False
88,df96e2c7-27d4-41b5-9668-71db485f8c8f,260624,"Python, R, C, Java, SQL, NoSQL, Bash, Scikit-learn, Pandas, NumPy, PyTorch, Tableau, GitLab CI/CD, Docker, Microsoft Office, Agile, Jira, Linux/Unix","React: Junior | JavaScript: Junior | HTML, CSS: Junior","['react: junior', 'javascript: junior', 'html: junior', 'css: junior']",[],0.0,False
89,89ed190c-0afa-400f-add5-fab58ccc6a7e,259313,"Python, C#, Java, HTML, CSS, JavaScript, React.js, MySQL, GitHub, Tableau, Power BI, Eclipse, Salesforce, Problem-solving, Teamwork, Leadership, Communication, English, Telugu, Hindi","React: Senior | JavaScript: Mid-level | HTML, CSS: Mid-level",[],[],100.0,False
90,96b77851-2b27-40be-ad7f-fba2cd51c33f,237590,"HTML, JavaScript, CSS, Bootstrap, Node.js, Python, SQL, React, MongoDB","React: Not experienced | JavaScript: Not experienced | HTML, CSS: Junior","['html: junior', 'css: junior']","['html: junior', 'css: junior']",100.0,False
91,04c0164e-adab-4294-8b6e-29fd84739c9a,256710,"HTML, CSS, JavaScript, TypeScript, React, Redux, Bootstrap, Tailwind CSS, Python, Java, Node.js, MySQL, MongoDB, HTTP, REST API, JSON, Agile, Git, Figma, Scrum, JUnit, VS Code, WebStorm, Notepad++, Brackets, Mac, Windows, Linux, Material UI, Angular, SQL, Android Studio, Core Java, Spring, Spring Boot","React: Mid-level | JavaScript: Junior | HTML, CSS: Junior","['javascript: junior', 'html: junior', 'css: junior']","['javascript: junior', 'html: junior', 'css: junior']",100.0,False
92,bd51a653-0ba8-490c-bc41-0f879537cf77,268248,"React.js, Next.js, JavaScript, Tailwind CSS, Axios, TanStack Query, Node.js, Express.js, Firebase Authentication, MongoDB, Git, VS Code, Postman, Figma, npm","React: Junior | JavaScript: Not experienced | HTML, CSS: Not experienced",['react: junior'],['react: junior'],66.66666666666666,False
93,075ac9c3-68ab-4fb3-93ec-4b716721b952,272824,"JavaScript, React, Node.js, Python, TypeScript, MongoDB, SQLite, Django, AWS, Git, Docker, Scrum, Teamwork, Stress Management, Problem Solving, Communication, Proactivity","React: Junior | JavaScript: Junior | HTML, CSS: Junior","['react: junior', 'javascript: junior', 'html: junior', 'css: junior']","['react: junior', 'javascript: junior']",66.66666666666666,False
94,68f02a2f-7caa-4b2b-8860-d66c5ec5252b,256720,"React.js, Next.js, Angular, Vue.js, Nuxt.js, NestJS, Express.js, React Native, Kotlin, Tailwind CSS, ShadCN, Material UI, Docker, GitHub, GitLab, Prisma, Figma, PostgreSQL, MongoDB, MySQL, Linux, Windows","React: Junior | JavaScript: Not experienced | HTML, CSS: Not experienced",['react: junior'],['react: junior'],33.33333333333333,False
95,6aaa3f5b-bb4d-4463-95b9-870e8d8a3e84,278276,"HTML, Java, CSS, Manual Testing, JavaScript, SQL","React: Junior | JavaScript: Junior | HTML, CSS: Junior","['react: junior', 'javascript: junior', 'html: junior', 'css: junior']","['javascript: junior', 'html: junior', 'css: junior']",66.66666666666666,False
96,1ca9fd49-1e94-4dd7-95b2-99cf40fc68f7,278006,"ReactJS, JavaScript, HTML, CSS, Bootstrap, Redux, Context API, REST APIs, Firebase, Webpack, Babel, npm, yarn, Git, GitHub, UI/UX Design, Figma, Cross-Browser Compatibility","React: Junior | JavaScript: Junior | HTML, CSS: Junior","['react: junior', 'javascript: junior', 'html: junior', 'css: junior']","['react: junior', 'javascript: junior', 'html: junior', 'css: junior']",100.0,False
97,969285fc-b85f-4128-b199-185788db4874,261416,"React, Angular, Node.js, SQL, Azure, GraphQL, NestJS, NextJS, PostgreSQL, TypeScript, SignalR, SQL Server, ASP.NET, Entity Framework, AWS","React: Junior | JavaScript: Junior | HTML, CSS: Junior","['react: junior', 'javascript: junior', 'html: junior', 'css: junior']",['react: junior'],66.66666666666666,False
98,bd29761c-97a0-4ebd-941c-c7d605882cd9,288676,"HTML, CSS, JavaScript, Tailwind CSS, React, C, C#, jQuery, SQL, MVC Architecture, ASP.NET, .NET Core, SEO Optimization, Communication Skills, Confidence, Pressure Handling, Attention to Detail, Punctuality, Time Management, Numerical Accuracy, Technical Analysis","React: Not experienced | JavaScript: Junior | HTML, CSS: Junior","['javascript: junior', 'html: junior', 'css: junior']","['javascript: junior', 'html: junior', 'css: junior']",100.0,False
99,b409f0f8-5c29-43fb-ab3b-7deff6d3102c,287620,"Java, JavaScript, HTML, CSS, Bootstrap, Spring Boot, React.js, Oracle, SQL, Git, GitHub, Eclipse, Visual Studio Code, Spring Tool Suite, Maven, Gradle, Postman, Swagger, Object-Oriented Programming, Microservices","React: Junior | JavaScript: Junior | HTML, CSS: Junior","['react: junior', 'javascript: junior', 'html: junior', 'css: junior']","['react: junior', 'javascript: junior', 'html: junior', 'css: junior']",100.0,False
100,bafcc7de-3eb9-4042-a6b3-0043e14fcbd4,278157,"HTML, CSS, JavaScript, React.js, Tailwind, Node.js, MongoDB, MySQL, Git, Github","React: Mid-level | JavaScript: Senior | HTML, CSS: Mid-level",[],[],100.0,False
101,ee3c3b01-083c-472d-b23d-e09138c4ea59,268638,"HTML, CSS, JavaScript, React.js, Node.js, React Native, Swift, Objective-C, Tailwind CSS, Express.js, MongoDB, Java, Spring Boot, J2EE, Oracle, JSON, XML, Git, Figma, Visual Studio Code, Postman, Agile Scrum Workflows, System Performance Testing, Fault Tolerant Design, Code Maintainability, Code Security, Code Scalability, SQL, Software Engineering, Algorithm Development, Data Analysis, Machine Learning, Artificial Intelligence, Cloud Computing","React: Mid-level | JavaScript: Mid-level | HTML, CSS: Mid-level",[],[],100.0,False
102,51873991-1975-4946-982d-c467aca42b51,264809,"JavaScript, HTML5, CSS, Responsive Web Design, React.js, Next.js, Vue.js, Node.js, Webpack, Cross-Browser Compatibility, Performance Optimization, Unit Testing, Accessibility, Redux, TailwindCSS, Bootstrap, Git, GitHub, RESTful API Integration, Agile, Scrum, UI/UX Design Principles","React: Junior | JavaScript: Junior | HTML, CSS: Mid-level","['react: junior', 'javascript: junior']","['react: junior', 'javascript: junior']",100.0,False
103,57d79155-5471-4018-9c87-00e2b390426c,274856,"Java, HTML, CSS, SQL, Bootstrap, Git, GitHub, JavaScript","React: Not experienced | JavaScript: Junior | HTML, CSS: Junior","['javascript: junior', 'html: junior', 'css: junior']","['javascript: junior', 'html: junior', 'css: junior']",66.66666666666666,False
104,8427cb96-5820-481b-a15d-a0e4fd19e5f8,272713,"JavaScript, TypeScript, React.js, Node.js, Express.js, Python, Django, FastAPI, PHP, Laravel, Java, JEE, Struts, SQL, PostgreSQL, MySQL, MongoDB, Git, Docker, Selenium, Jest, Cypress, C#, Object-Oriented Programming, Design Patterns, Artificial Intelligence, Expert Systems, Multi-Agent Systems","React: Junior | JavaScript: Junior | HTML, CSS: Junior","['react: junior', 'javascript: junior', 'html: junior', 'css: junior']","['react: junior', 'javascript: junior']",66.66666666666666,False
105,fea2706b-13f0-4e2d-ad46-4315f094c8b9,257739,"JavaScript, TypeScript, ECMAScript 6, API, HTML5, CSS3, SCSS, Bootstrap, PrimeNG, jQuery, AJAX, JSON, Object-Oriented Programming, Adobe XD, Git, GitHub, GitHub Desktop, Figma, Problem Solving, Agile, Jira, Trello, Slack, RxJS, NgRx, Unit Testing, Jasmine, SOLID, Angular Material, SQL Server, C#, ASP.NET MVC Core, ASP.NET Web API, Entity Framework, LINQ, Swagger, Node.js, MongoDB, Express.js, RESTful API","React: Not experienced | JavaScript: Junior | HTML, CSS: Not experienced",['javascript: junior'],['javascript: junior'],66.66666666666666,False
106,7ff608e8-483a-4d54-89da-a92e8f8a6a28,268225,"JavaScript, React.js, TypeScript, Next.js, Redux, Axios, HTML, CSS, SASS, Vite.js, Jest, Tailwind CSS, Material UI, API Handling, Node.js, Express.js, MongoDB, Mongoose, JWT, REST APIs, Mocha, Postman, CORS, Cloudinary, RazorPay, GitHub, VS Code, Netlify, npm, Jira, Vite, Figma","React: Junior | JavaScript: Junior | HTML, CSS: Junior","['react: junior', 'javascript: junior', 'html: junior', 'css: junior']","['react: junior', 'javascript: junior', 'html: junior', 'css: junior']",100.0,False
107,61bba4a8-7661-4362-9284-e0772eab7eee,267096,"HTML, CSS, JavaScript, Next.js, Node.js, React, jQuery, Redux.js, TailwindCSS, Bootstrap, SASS, GitHub, Time Management, Teamwork, Creativity, Attention to Detail, Work Ethic","React: Not experienced | JavaScript: Not experienced | HTML, CSS: Junior","['html: junior', 'css: junior']","['html: junior', 'css: junior']",100.0,False
108,1125804f-958a-48f8-828a-c5d93ee435f5,270830,"PHP, MySQL, Git, GitLab, GitHub, Angular, WebdriverIO, Mocha, Laravel, SQL, MongoDB, Docker, Express, JavaScript, Composer, HTML, CSS, Node.js, Sass","React: Not experienced | JavaScript: Junior | HTML, CSS: Junior","['javascript: junior', 'html: junior', 'css: junior']","['javascript: junior', 'html: junior', 'css: junior']",66.66666666666666,False
109,8d699f98-8b22-42dc-84e3-fc81e5aa1a3f,246960,"Communication, Time Management, Problem Solving, Marketing, Professionalism, Attention to Detail, Flexibility, Mathematics","React: Mid-level | JavaScript: Junior | HTML, CSS: Junior","['javascript: junior', 'html: junior', 'css: junior']",[],0.0,False
110,ceec38e1-d4fd-47d6-b06e-5a9026d530c1,273331,"React.js, Redux Toolkit, JavaScript, Tailwind CSS, Python, SQL, Angular 2+, HTML5, CSS3, SASS, TypeScript, jQuery, AppScript, Budibase","React: Junior | JavaScript: Junior | HTML, CSS: Junior","['react: junior', 'javascript: junior', 'html: junior', 'css: junior']","['react: junior', 'javascript: junior', 'html: junior', 'css: junior']",100.0,False
111,cced3575-06e3-4ac0-be63-c702397e6fc4,280978,"ReactJS, TypeScript, JavaScript, Vue.js, PHP, Node.js, Next.js, Redux, React Native, Material UI, Vanilla JavaScript, jQuery, Laravel, Lumen, CodeIgniter, Yii, WordPress, Craft CMS, MariaDB, MySQL, PostgreSQL, Google Cloud Platform Realtime Database, MongoDB, Oracle, DynamoDB, Firebase Firestore, AWS Lambda, AWS Amplify, Google Cloud Functions, Google App Engine, Google Authentication, Firebase Hosting, Firebase Authentication, Firebase Functions, Auth0, Sentry, OpenAI, GitHub, GitLab, Bitbucket, AWS CodeCommit, SVN, HTML5, HTML, CSS, Java, Turbo C, Bootstrap, Jibestream Indoor Mapping, Buildkite, Azure Hosting, Contentful, Braze, Confluence, Jira, Docker, Trello, AWS Bedrock, Amazon Q, AWS Cognito, AWS S3, AWS DynamoDB, AWS IAM, AWS CodeCommit, AWS VPC, AWS EC2, AWS API Gateway, AWS Lambda, Terraform","React: Junior | JavaScript: Junior | HTML, CSS: Junior","['react: junior', 'javascript: junior', 'html: junior', 'css: junior']","['react: junior', 'javascript: junior', 'html: junior', 'css: junior']",100.0,False
112,b1ab1e89-adee-458d-9459-b4f9ab5f0bf5,275339,"Linux, Kali, C, C++, C#, Python, SQL, HTML, CSS, JavaScript, React, React Native, Node.js, ASP.NET, MongoDB, PostgreSQL, Docker, Nest.js, Spring Boot, .NET, GraphQL, gRPC, Kafka, Entity Framework, Microsoft SQL, Bootstrap, Unity, OOP, Flutter, Firebase Cloud, Firebase Functions, Firebase Cloud Messaging, Axios, Redux, Kotlin, WebSocket, Leaflet Maps, Microservices, LLM","React: Junior | JavaScript: Not experienced | HTML, CSS: Not experienced",['react: junior'],['react: junior'],100.0,False
113,c99805a6-1bb4-4fde-89b0-a28f8be338ae,254467,"C++, JavaScript, ReactJS, HTML, CSS, Bootstrap, MySQL, MongoDB, Core Java, PHP, Linux, VS Code, Git, GitHub, Figma, Adobe XD","React: Junior | JavaScript: Junior | HTML, CSS: Junior","['react: junior', 'javascript: junior', 'html: junior', 'css: junior']","['react: junior', 'javascript: junior', 'html: junior', 'css: junior']",100.0,False
114,2b2cc5eb-c0e9-49a0-8167-9a0149041822,259219,"JavaScript, TypeScript, React.js, Next.js, Storybook, Vite, Webpack, Redux, Jest, React Testing Library, Tailwind CSS, Chakra UI, Git, GitHub","React: Mid-level | JavaScript: Junior | HTML, CSS: Junior","['javascript: junior', 'html: junior', 'css: junior']","['javascript: junior', 'css: junior']",66.66666666666666,False
115,0531f845-648e-4b3f-9bb6-65be0d509181,287364,"JavaScript, TypeScript, React.js, Angular, Node.js, Express.js, RESTful APIs, GraphQL, Jasmine, Jest, Postman, TDD, Lighthouse, Accessibility Testing, AWS, Azure, Google Cloud, Docker, Kubernetes, Jenkins, CI/CD Pipelines, SonarQube, Git, GitHub, Bitbucket, Jira, Confluence, Figma, Agile Scrum, SCSS, Tailwind CSS, D3.js, AG-Grid, JWT Authentication, RxJS, React Hooks, Context API, Redux, Axe, Screen Readers","React: Junior | JavaScript: Mid-level | HTML, CSS: Junior","['react: junior', 'html: junior', 'css: junior']",['react: junior'],66.66666666666666,False
116,c1c4d48a-7255-4951-8577-55821fecba3d,238966,"Node.js, Express.js, Bootstrap, REST APIs, HTML, CSS, Tailwind, JavaScript, React.js, VSCode, Adobe Creative Suite, Microsoft Office Suite, UX Research, UI Design, Figma, GitHub","React: Junior | JavaScript: Junior | HTML, CSS: Junior","['react: junior', 'javascript: junior', 'html: junior', 'css: junior']","['react: junior', 'javascript: junior', 'html: junior', 'css: junior']",100.0,False
117,88c47e03-7be5-4d6a-b020-2c97e384341b,283464,"JavaScript, TypeScript, SQL, HTML, CSS, React.js, Redux, Node.js, Express.js, Nest.js, Next.js, AWS, Recoil, MongoDB, MySQL, PostgreSQL, AWS DynamoDB, Redis, Database Management System, Object Oriented Programming, Operating System, Data Structures & Algorithms, VS Code, GitHub, GIT, Bitbucket, Chrome DevTools, JIRA, Postman, Problem Solving, Analytical Thinking, Teamwork, Effective Communication, Quick Learning, Collaboration","React: Mid-level | JavaScript: Junior | HTML, CSS: Mid-level",['javascript: junior'],['javascript: junior'],100.0,False
118,031209d8-33c5-4690-9c68-42adf3099e6b,273563,"HTML, CSS, JavaScript, React, SQL","React: Junior | JavaScript: Junior | HTML, CSS: Not experienced","['react: junior', 'javascript: junior']","['react: junior', 'javascript: junior']",100.0,False
119,556c67f7-19df-4d94-b51d-99136737665a,272966,"HTML, CSS, PHP, SQL, PL/SQL, Java, JavaScript, Python, AWS Cloud Computing, Microsoft Office 365, Problem Solving","React: Mid-level | JavaScript: Mid-level | HTML, CSS: Mid-level",[],[],66.66666666666666,True
120,ca04a731-6e27-465f-b51b-d0979f641633,269086,"HTML, CSS, Bootstrap, Tailwind, JavaScript, React, Core Java, C++, Flutter","React: Junior | JavaScript: Junior | HTML, CSS: Junior","['react: junior', 'javascript: junior', 'html: junior', 'css: junior']","['react: junior', 'javascript: junior', 'html: junior', 'css: junior']",100.0,False
121,4e9da7f5-d3b4-47ee-b3ca-e4397c7eb44c,258689,"JavaScript, React, HTML5, Figma, RESTful APIs, Material UI, Git, Responsive Web Design, CSS, SCSS, Context API, EC2, AI Tools, WordPress, Custom Themes, Plugins","React: Junior | JavaScript: Junior | HTML, CSS: Junior","['react: junior', 'javascript: junior', 'html: junior', 'css: junior']","['react: junior', 'javascript: junior', 'html: junior', 'css: junior']",100.0,False
122,1856e6bb-a47a-4f79-a6d2-12a0636dc85e,280547,"HTML, CSS, JavaScript, Java, Python, Bootstrap, React.js, MySQL, Data Structures and Algorithms, Object Oriented Programming, Leadership, Active Listening, Effective Communication, Problem Solving, Time Management","React: Junior | JavaScript: Junior | HTML, CSS: Junior","['react: junior', 'javascript: junior', 'html: junior', 'css: junior']","['react: junior', 'javascript: junior', 'html: junior', 'css: junior']",100.0,False
123,96cab5c9-55d4-445e-8ef8-238b295b4d25,246365,"HTML, CSS, JavaScript, C++, RDBMS, HTML5, React.js, Node.js, MongoDB, OOP, Excel, SQL, Python, Java, Salesforce, Problem Solving, Time Management, Communication, Critical Thinking, Teamwork, Self Motivation","React: Not experienced | JavaScript: Not experienced | HTML, CSS: Not experienced",[],[],100.0,False
124,c133ab6b-5f44-43cf-b599-fe1976d526d2,284724,"JavaScript, TypeScript, React.js, Next.js, Gatsby, Tailwind CSS, Material UI, Bootstrap, Node.js, Express.js, Zustand, Google Firebase, RESTful APIs, MongoDB, GitHub, React Native","React: Junior | JavaScript: Junior | HTML, CSS: Junior","['react: junior', 'javascript: junior', 'html: junior', 'css: junior']","['react: junior', 'javascript: junior', 'css: junior']",66.66666666666666,False
125,afb85bdf-0b00-45ff-ab2a-b2f57ed27fe3,260857,"HTML5, CSS3, JavaScript, React, Redux, MUI, Bootstrap, Git, RESTful APIs, Context API, Jest Testing Library","React: Junior | JavaScript: Junior | HTML, CSS: Junior","['react: junior', 'javascript: junior', 'html: junior', 'css: junior']","['react: junior', 'javascript: junior', 'html: junior', 'css: junior']",100.0,False
126,e0a05f3b-f1ab-4171-b167-8a49fb089bf3,279422,"Data Structures, Algorithms, Web Development, MERN Stack, Git, Figma, Next.js, Object Oriented Programming, Database Management, C++, C, JavaScript, Python, Node.js","React: Junior | JavaScript: Mid-level | HTML, CSS: Junior","['react: junior', 'html: junior', 'css: junior']","['react: junior', 'html: junior']",100.0,False
127,5d84f9bd-9256-4633-9522-342e101fadb3,273644,"HTML, CSS, JavaScript, TypeScript, React, Node.js, Angular, Next.js, Zustand, Redux, REST APIs, GraphQL, Apollo Client, Tailwind CSS, MongoDB, Power Pages, Power Automate, GitHub, GitLab, JIRA","React: Mid-level | JavaScript: Junior | HTML, CSS: Junior","['javascript: junior', 'html: junior', 'css: junior']","['javascript: junior', 'html: junior', 'css: junior']",100.0,False
128,66f9e5d9-eba6-4387-8ee8-457629bbfc4d,273223,"React.js, JavaScript, HTML5, CSS3, Bootstrap, SQL","React: Junior | JavaScript: Junior | HTML, CSS: Junior","['react: junior', 'javascript: junior', 'html: junior', 'css: junior']","['react: junior', 'javascript: junior', 'html: junior', 'css: junior']",100.0,False
129,c5b9498e-3b38-46d3-a5da-d634d098b19c,268736,"HTML, CSS, JavaScript, TypeScript, Angular, ReactJS, Tailwind CSS, Bootstrap, Material UI, Figma, Adobe Photoshop, Adobe Illustrator, Git, GitHub, Agile, Scrum, Responsive Design, Cross-Browser Compatibility","React: Junior | JavaScript: Junior | HTML, CSS: Mid-level","['react: junior', 'javascript: junior']","['react: junior', 'javascript: junior']",100.0,False
130,49b6963d-7d57-483e-9727-b316736b36b7,254844,"C, Data Structures and Algorithms, Java, SQL, MySQL, HTML, CSS, JavaScript, Node.js, React.js, Web Application Development, Website Maintenance, Community Building, Team Building, Team Management, Problem Solving","React: Junior | JavaScript: Junior | HTML, CSS: Junior","['react: junior', 'javascript: junior', 'html: junior', 'css: junior']","['react: junior', 'javascript: junior', 'html: junior', 'css: junior']",100.0,False
131,b8d326cd-aa36-4e1a-a84a-f9d9149d7973,259599,"Core Java, HTML, CSS, JavaScript, React.js, SQL, Tailwind CSS, Bootstrap, Figma, VSCode, Vite, Git, GitHub, XAMPP, Object Oriented Programming, Logical Programming, MS Office, Team Leadership, Attention to Detail","React: Junior | JavaScript: Junior | HTML, CSS: Junior","['react: junior', 'javascript: junior', 'html: junior', 'css: junior']","['react: junior', 'javascript: junior', 'html: junior', 'css: junior']",100.0,False
132,69ad6fd9-bcba-4935-bad2-4ba551520443,267515,"Java, JavaScript, Python, HTML5, CSS3, jQuery, Ajax, Bootstrap, ReactJS, Angular, Node.js, Spring Boot, Spring MVC, Spring Security, Spring Batch, Spring AOP, Hibernate, JPA, Microservices, Amazon Web Services (AWS), RESTful APIs, SOAP, JAX-RS, JAX-WS, Apache Tomcat, WebLogic, JBoss, Apache Kafka, MySQL, MongoDB, Oracle, Cassandra, DynamoDB, Pivotal Cloud Foundry (PCF), Git, SVN, Agile, TDD","React: Mid-level | JavaScript: Junior | HTML, CSS: Junior","['javascript: junior', 'html: junior', 'css: junior']","['javascript: junior', 'html: junior', 'css: junior']",100.0,False
133,c0a21f00-0e69-4c38-ab1d-ee9cf43ecd8d,255624,"PHP, Laravel, Python, HTML, CSS, SCSS, TailwindCSS, Bootstrap, JavaScript, TypeScript, React, jQuery, Inertia.js, Vue.js, Vuex, Next.js, Redux, Expo, React Native, MySQL, PostgreSQL, Redis, GitHub, GitLab, Jira, Monday.com, Slack, DigitalOcean, Cloudflare, Docker, REST API, RESTful, Microservices, Problem Solving, Troubleshooting","React: Junior | JavaScript: Junior | HTML, CSS: Not experienced","['react: junior', 'javascript: junior']","['react: junior', 'javascript: junior']",100.0,False
134,bd95b7b0-5d4a-40c1-87ae-e9c550f06c10,289186,"Angular, React, TypeScript, JavaScript, HTML, CSS, Material UI, Node.js, MySQL, REST API, Webpack, Git, Redux, React Context, NgRx, Jenkins, Agile, WCAG","React: Junior | JavaScript: Junior | HTML, CSS: Junior","['react: junior', 'javascript: junior', 'html: junior', 'css: junior']","['react: junior', 'javascript: junior', 'html: junior', 'css: junior']",100.0,False
135,b76ca814-a77f-4e33-9039-e331c365bef6,258218,"HTML, CSS, LESS, SASS, JavaScript, TypeScript, React, Next.js, React Native, Vue, Redux, MobX, Zustand, AWS EC2, AWS Amplify, AWS Lambda, AWS CloudFront, AWS CloudWatch, AWS API Gateway, AWS S3, AWS DynamoDB, AWS RDS, AWS AppSync, AWS ELB, Google Cloud Platform, Datadog, Git, GitHub, GitHub Actions, Jenkins, Jest, Cypress, Mocha, React Testing Library, Playwright, Docker, Kubernetes, Tailwind CSS, Chakra UI, React Query, MUI, TanStack Query, RESTful API, GraphQL, E-Commerce, SaaS, Trello, Nginx, Figma, Jira","React: Mid-level | JavaScript: Senior | HTML, CSS: Mid-level",[],[],100.0,False
136,dac2171c-9e5d-40e3-b38c-5b90fa7b1f8c,266662,"React.js, React Redux, Bootstrap, CSS, SCSS, HTML 5, Tailwind CSS, Next.js, Express.js, Node.js, MongoDB, Web3 Integration, API Integration","React: Junior | JavaScript: Junior | HTML, CSS: Junior","['react: junior', 'javascript: junior', 'html: junior', 'css: junior']","['react: junior', 'html: junior', 'css: junior']",66.66666666666666,False
137,2f62f397-41a0-440e-a027-3d65bc32e4d8,256965,"C++, Python, HTML, CSS, JavaScript, React.js, Node.js, Express.js, MongoDB, Git, JWT Authentication, REST APIs, Stripe Payment Integration, TypeScript, GraphQL, Prisma, Postgres, Next.js, Relay, Analytical Thinking, Team Collaboration, Clear Communication, Learning Agility, Task Prioritization, Engineering Principles","React: Junior | JavaScript: Junior | HTML, CSS: Junior","['react: junior', 'javascript: junior', 'html: junior', 'css: junior']","['react: junior', 'javascript: junior', 'html: junior', 'css: junior']",100.0,False
138,d3468d41-0938-4d17-9de4-cba02c2cfb78,238489,"HTML5, CSS3, JavaScript, React.js, TypeScript, Redux, jQuery, TailwindCSS, Sass, Emotion.js, Responsive UI Design, Webpack, Vite, Npm, Pnpm, Yarn, React Native, Expo, iOS Development, Android Development, Mobile Optimization, Git, GitHub, RESTful API, AJAX, Figma, Cross-Browser Compatibility, Web Optimization, Problem-Solving, Team Spirit, Communication, Fast Learning","React: Junior | JavaScript: Junior | HTML, CSS: Junior","['react: junior', 'javascript: junior', 'html: junior', 'css: junior']","['react: junior', 'javascript: junior', 'html: junior', 'css: junior']",100.0,False
139,bda1bb43-3312-4baf-bda4-77f8ce4dfa72,251989,"React.js, Next.js, React Native, Shadcn UI, ChakraUI, Redux, Zustand, Recoil, TailwindCSS, D3.js, FastAPI, Flask, Node.js, Hono, Express.js, Cypress.io, Framer Motion, JavaScript, TypeScript, Python, HTML, SASS, CSS, Git, Azure, AWS, Docker, Nginx, Github, DSA, OOPS, Webpage Optimization, Frontend Design Patterns, PWA, Web Sockets","React: Mid-level | JavaScript: Junior | HTML, CSS: Mid-level",['javascript: junior'],['javascript: junior'],100.0,False
140,842a977f-473f-4742-ac7f-cb0566e969c9,255921,"React.js, HTML, CSS, JavaScript, Bootstrap, Responsive Web Design, Cross-Browser Compatibility, Drupal CMS, Integrating React with Drupal, Custom Drupal Modules, Code Optimization for Speed, SEO Best Practices, Efficient Resource Utilization, Git, Code Reviews, VS Code","React: Mid-level | JavaScript: Junior | HTML, CSS: Mid-level",['javascript: junior'],['javascript: junior'],100.0,False
141,8aebc6fd-ac1a-4f6f-a889-21ee08c2c6c1,263698,"JavaScript, HTML5, CSS3, React, Redux, TypeScript, Node.js, NestJS, Tailwind CSS, Git, GitHub, AWS, Linux, Jenkins, Docker, Dynatrace","React: Mid-level | JavaScript: Mid-level | HTML, CSS: Mid-level",[],[],100.0,False
142,c5037265-db57-4b16-a911-24852bae72c2,291910,"Python, JavaScript, CSS3, HTML5, Flask, Bootstrap, React.js, AutoCAD, Git, GitHub, MySQL, MongoDB, Figma, Canva, VS Code","React: Not experienced | JavaScript: Junior | HTML, CSS: Not experienced",['javascript: junior'],['javascript: junior'],100.0,False
143,9d993a12-5a00-42e7-951f-1f54718dd1c7,260054,"HTML, CSS, Bootstrap, jQuery, JavaScript, ReactJs, NextJS, MongoDB, NodeJS, PWA, Hubspot","React: Junior | JavaScript: Junior | HTML, CSS: Junior","['react: junior', 'javascript: junior', 'html: junior', 'css: junior']","['react: junior', 'javascript: junior', 'html: junior', 'css: junior']",100.0,False
144,200a48a9-ee32-42f0-b2bc-950a96224c7a,269946,"Web Design & Development, Responsive Web Design, User Experience (UX) Design, User Interface (UI) Design, HTML, CSS, JavaScript, Adobe Photoshop, Website Optimization, Performance Improvement, Interpersonal Skills, Proactive, Self-motivated, Organisational Skills","React: Mid-level | JavaScript: Mid-level | HTML, CSS: Mid-level",[],[],66.66666666666666,False
145,8e4a67c6-0fd9-4f4d-8201-5131dd428d26,246490,"HTML, CSS, JavaScript, Bootstrap, MySQL, Git, Python, React","React: Not experienced | JavaScript: Junior | HTML, CSS: Junior","['javascript: junior', 'html: junior', 'css: junior']","['javascript: junior', 'html: junior', 'css: junior']",100.0,False
146,a09b7dd5-c769-4161-8878-52de3639120d,239984,"JavaScript, React, Redux, TypeScript, Vite, Figma, Jest, React Testing Library, Cypress, Notion, Git, Github, Postman, Angular, HTML5, CSS, Sass, Tailwind, Bootstrap, Node.js, MongoDB, Express, Trello, Scrum, SEO, La methode agile","React: Junior | JavaScript: Junior | HTML, CSS: Junior","['react: junior', 'javascript: junior', 'html: junior', 'css: junior']","['react: junior', 'javascript: junior', 'html: junior', 'css: junior']",100.0,False
147,48768c05-6b90-42a2-b9d8-9e1f4d16596a,278043,"JavaScript, TypeScript, Vue.js, React, Node.js, C#, SQL Server, Firebase","React: Not experienced | JavaScript: Not experienced | HTML, CSS: Junior","['html: junior', 'css: junior']",[],66.66666666666666,False
148,17cbd06e-e45e-450f-bbf2-854aa28dde7d,265482,"ReactJS, React Native, Expo, Express.js, Node.js, Java, Flutter, Data Structures and Algorithms, GitHub, MongoDB, Figma","React: Junior | JavaScript: Junior | HTML, CSS: Junior","['react: junior', 'javascript: junior', 'html: junior', 'css: junior']","['react: junior', 'javascript: junior']",33.33333333333333,False
149,d508b15c-2acf-4746-b9f9-48460c0e71cc,281928,"HTML, CSS, JavaScript, Node.js, MongoDB, Ethical Hacking, C Programming, Bootstrap, React.js","React: Not experienced | JavaScript: Not experienced | HTML, CSS: Junior","['html: junior', 'css: junior']","['html: junior', 'css: junior']",100.0,False
150,930206a4-53e8-4ae8-8b14-8cd3862fd020,271586,"Communication, Teamwork, Problem Solving, Attention to Detail, Public Relations, Time Management, Customer Service, JavaScript, HTML5, CSS3, PHP, MySQL, React, Bootstrap, Git, VS Code, Chrome DevTools, Software Development Best Practices","React: Junior | JavaScript: Junior | HTML, CSS: Junior","['react: junior', 'javascript: junior', 'html: junior', 'css: junior']","['react: junior', 'javascript: junior', 'html: junior', 'css: junior']",100.0,False
151,acbc36fa-3e54-4119-a724-8a20ba000b98,252580,"React, Angular, React Native, JavaScript, HTML, CSS, TypeScript, Python, Next.js, Flutter, Java, AngularJS, Jest, Enzyme, Jenkins, Travis CI, AWS, SQL, Postgres, Redis, MySQL, Data Structures, Algorithms, Webpack, Turborepo","React: Mid-level | JavaScript: Junior | HTML, CSS: Junior","['javascript: junior', 'html: junior', 'css: junior']","['javascript: junior', 'html: junior', 'css: junior']",100.0,False
152,7e555fd5-6aa6-4c09-936f-9dc7fcc0b7fe,243368,"JavaScript, TypeScript, Git, HTML, CSS, SASS, Webpack, Parcel, Responsive Design, Adaptive Design, React, Next.js, React Native, Redux, Tailwind CSS, Material-UI, Node.js, Express, MongoDB, Firebase, SQL, Vue.js, Vuex, WordPress, PHP, ACF, i18n, Nodemailer, Cloudinary, Supabase, SCSS, Hotel Booking Plugin","React: Junior | JavaScript: Junior | HTML, CSS: Junior","['react: junior', 'javascript: junior', 'html: junior', 'css: junior']","['react: junior', 'javascript: junior', 'html: junior', 'css: junior']",100.0,False
153,7f5a2f31-5e96-492e-9bbf-14f3765ca267,256250,"HTML, React.js, Bootstrap, JavaScript, CSS, Angular, PrimeNG, Git, GitHub","React: Junior | JavaScript: Junior | HTML, CSS: Junior","['react: junior', 'javascript: junior', 'html: junior', 'css: junior']","['react: junior', 'javascript: junior', 'html: junior', 'css: junior']",100.0,False
154,824e29c9-c464-4940-b8f7-a3af4f432c0e,276734,"C/C++, Python, Java, ASP.NET, HTML5, CSS3, JavaScript, PHP, Tailwind CSS, React JS, Node.js, SQL Server, MySQL, NoSQL, MongoDB","React: Not experienced | JavaScript: Junior | HTML, CSS: Not experienced",['javascript: junior'],['javascript: junior'],100.0,False
155,37974cc6-e5a8-4080-be57-2cbac196a777,267709,"JavaScript, TypeScript, HTML, CSS, React, Redux, React Router, Redux-Saga, Jest, React Testing Library, WebdriverIO, Playwright, MUI, Jenkins, Ramda, GraphQL, Vite, Tailwind CSS, Styled Components, CSS Modules, MobX, Apollo, Lodash, Formik, Node.js, NestJS, MongoDB, MySQL, TypeORM, Mongoose, Express.js","React: Junior | JavaScript: Junior | HTML, CSS: Not experienced","['react: junior', 'javascript: junior']","['react: junior', 'javascript: junior']",100.0,False
156,a175712e-120d-47ec-b63f-a0c4edd7b9d0,279533,"JavaScript, TypeScript, HTML, CSS, React, Node.js, Express.js, NestJS, MongoDB, MySQL, TypeORM, RESTful APIs, JWT, OAuth, Mongoose, Git, Agile Methodologies, Code Reviews, Cloudinary, Payment Gateway API, React-Bootstrap, Passport.js","React: Junior | JavaScript: Junior | HTML, CSS: Junior","['react: junior', 'javascript: junior', 'html: junior', 'css: junior']","['react: junior', 'javascript: junior', 'html: junior', 'css: junior']",100.0,False
157,7fa09cc7-0113-49a2-96d6-f1eff728ff42,281286,"React.js, Next.js, TypeScript, X-State, Redux, React Context, API Integration, Firebase, Code Review, Quality Assurance, LocalStorage, Material UI, React Admin, JavaScript, Express.js","React: Mid-level | JavaScript: Junior | HTML, CSS: Junior","['javascript: junior', 'html: junior', 'css: junior']",['javascript: junior'],66.66666666666666,False
158,26c26596-2c89-4c8c-ac34-4b67b1ab2d8c,238367,"HTML, CSS, JavaScript, React.js, Bootstrap, WordPress, SASS, Node.js, Git, GitHub, Laravel, MongoDB, MySQL, SEO, Automation/scripting, Debugging, Secure Coding (OWASP Top 10)","React: Not experienced | JavaScript: Not experienced | HTML, CSS: Not experienced",[],[],100.0,False
159,255ae959-9e47-4250-aa3e-5b195f55476d,254582,"Python, JavaScript, HTML5, CSS3, React.js, Bootstrap, Tailwind CSS, Node.js, Express.js, REST APIs, SQL, MongoDB, AWS, Git, GitHub, VS Code, npm, Postman","React: Junior | JavaScript: Junior | HTML, CSS: Junior","['react: junior', 'javascript: junior', 'html: junior', 'css: junior']","['react: junior', 'javascript: junior', 'html: junior', 'css: junior']",100.0,False
160,e9f0cfef-3ac7-435d-a7af-100da21bfcd9,248655,"Python, C++, JavaScript, SQL, Bash, Java, Bootstrap, Django, React.js, Node.js, Tailwind, GitHub, Postman, MySQL, Linux, Windows, Leadership, Event Management, Writing, Public Speaking, Time Management","React: Junior | JavaScript: Junior | HTML, CSS: Junior","['react: junior', 'javascript: junior', 'html: junior', 'css: junior']","['react: junior', 'javascript: junior']",66.66666666666666,False
161,3e12e8b0-f429-4ff5-9e33-2a5639bbdc1e,235743,"HTML, CSS, JavaScript, TypeScript, React, Angular, Redux, Bootstrap, React Native, .NET Core, SQL Server, GitHub","React: Junior | JavaScript: Junior | HTML, CSS: Not experienced","['react: junior', 'javascript: junior']","['react: junior', 'javascript: junior']",100.0,False
162,7c1b6645-d584-42ea-a4af-8f24fca85a98,252400,"JavaScript, Node.js, Express.js, React.js, Cypress, HTML, CSS, SCSS, MUI, Redux, Redux Toolkit, Thunk, Bootstrap, Koa.js, Jest, MongoDB, Git, GitHub, Next.js, Hybris, Excalibur, AEM, Docker, Microservices, Joi, InferIQ API, Yurbi API, AWS S3, AWS EC2, TypeScript","React: Mid-level | JavaScript: Junior | HTML, CSS: Junior","['javascript: junior', 'html: junior', 'css: junior']","['javascript: junior', 'html: junior', 'css: junior']",100.0,False
163,c9d42257-76d4-40ad-a813-c3633a807df6,271897,"React.js, Vue.js, Angular, Element Plus, JavaScript (ES6), TypeScript, HTML, CSS, Git, SVN, REST APIs, SQL","React: Mid-level | JavaScript: Mid-level | HTML, CSS: Junior","['html: junior', 'css: junior']","['html: junior', 'css: junior']",100.0,False
164,62de19b7-b91a-441c-b350-f8560b0de019,278956,"HTML, CSS, JavaScript, ReactJS, Next.js, TypeScript, Tailwind CSS, SQL","React: Junior | JavaScript: Junior | HTML, CSS: Junior","['react: junior', 'javascript: junior', 'html: junior', 'css: junior']","['react: junior', 'javascript: junior', 'html: junior', 'css: junior']",100.0,False
165,e9e562d8-b533-4f43-845c-735defc4fe47,265578,"C++, JavaScript, Java, Python, HTML, CSS, Node.js, Express.js, React.js, Redux, jQuery, Tailwind CSS, Material UI, Bootstrap, SQL, MongoDB, Microsoft Azure, Git, GitHub, Leadership, Event Management, Time Management","React: Mid-level | JavaScript: Junior | HTML, CSS: Junior","['javascript: junior', 'html: junior', 'css: junior']","['javascript: junior', 'html: junior', 'css: junior']",100.0,False
166,405eb5cb-a3a1-41a8-b2df-596de81bcc04,280676,"React.js, WebOS, CSS, Bootstrap, HTML, JavaScript, Agile, jQuery, Tizen OS, Git, GitHub","React: Junior | JavaScript: Junior | HTML, CSS: Junior","['react: junior', 'javascript: junior', 'html: junior', 'css: junior']","['react: junior', 'javascript: junior', 'html: junior', 'css: junior']",100.0,False
167,783457f3-ee45-4d3e-a917-a30e492c4233,252422,"ReactJS, Next.js, React Native, Python, CodeIgniter 3, Core PHP, HTML5, CSS, Bootstrap 4, Bootstrap 5, JavaScript ES5, JavaScript ES6, TypeScript, DSA in JavaScript, SVG, D3.js, Storybook, Context API, Service Worker, PWA, SSR, React Bootstrap, Material-UI, Redux Thunk, Redux Saga, Flux, React Form Hook, React Formik, Jest, RTL, Jest Cucumber, SCSS, SASS, LESS, Stylus, Tailwind CSS, Git, GitHub, GitLab, Bitbucket, Jira, CI/CD, Webpack, Agile Methodology, Version Control, jQuery, Ajax, Netlify, Vercel, GitHub Deployment, JSON, XML, MySQL, HeidiSQL, Flask, IndexedDB","React: Senior | JavaScript: Mid-level | HTML, CSS: Senior",[],[],100.0,True
168,988da335-c4f5-46d5-a46e-4f7cd08bab2a,274344,"C, C++, Java, JavaScript, Python, C#, HTML, CSS, LESS, Bootstrap, Tailwind CSS, Sass, Node.js, Express.js, RESTful APIs, React.js, Vite, Npm, Git, GitHub, Object-Oriented Programming, Data Structures, Algorithms, Problem-Solving, Linux, UML, CRUD, Time Management, Teamwork, Leadership","React: Junior | JavaScript: Junior | HTML, CSS: Junior","['react: junior', 'javascript: junior', 'html: junior', 'css: junior']","['react: junior', 'javascript: junior', 'html: junior', 'css: junior']",100.0,False
169,8dea7497-130a-4bc0-9095-c6881142590e,281108,"JavaScript, TypeScript, ES6, Node.js, Express, Koa, React, React Native, Jest, Enzyme, SQL, Document Store, Real-time, Webpack, Google Cloud Platform, Cloud, Serverless, GraphQL, Prisma, Agile, Jira, Figma","React: Mid-level | JavaScript: Mid-level | HTML, CSS: Junior","['html: junior', 'css: junior']",[],66.66666666666666,False
170,700d2d77-55d5-4b80-b64f-7a31106fbb2b,269615,"Content Creation, SEO, SEM, CRM, Social Media, Competitive Research, Content Strategy, Content Marketing, Microsoft Office, Content Writing, Web Designing","React: Not experienced | JavaScript: Not experienced | HTML, CSS: Junior","['html: junior', 'css: junior']",[],0.0,False
171,922df2a0-bada-4b5a-ad3a-b1cdc94ebbab,256361,"HTML, CSS, JavaScript, TypeScript, Python, React.js, HTML5, CSS3, JavaScript (ES6+), Material UI, Swiper.js, Redux, Responsive Design, Node.js, Express.js, REST APIs, Next.js, SQL, MongoDB, Git, Vercel, Figma, Postman, Notistack","React: Mid-level | JavaScript: Junior | HTML, CSS: Junior","['javascript: junior', 'html: junior', 'css: junior']","['javascript: junior', 'html: junior', 'css: junior']",100.0,False
172,908859df-8728-4523-9181-7e6343332912,278103,"Python, JavaScript, HTML, CSS, Java, React, Node.js, Django, Express, Docker, Jira, Jenkins, Visual Studio, Git, VS Code, PyCharm, GitLab, GitHub, JupyterLab, Material-UI, Elastic, Mongoose, Redux Toolkit, REST APIs, React Hooks, Local Storage, Debouncing, Vercel, MERN Stack, CRUD Operations, SonarQube","React: Junior | JavaScript: Junior | HTML, CSS: Junior","['react: junior', 'javascript: junior', 'html: junior', 'css: junior']","['react: junior', 'javascript: junior', 'html: junior', 'css: junior']",100.0,False
173,7fa5f813-dc47-4fa3-a7c1-a3eaa0e4a5ad,288871,"MERN Stack, PWA, TypeScript, React Flow, Charts.js, Database, SQL, Python, Django, GIT, Jira, Agile, Material UI, Tailwind CSS, REST APIs, AWS, Problem Solving, Leadership, Teamwork, Ownership, Flexibility","React: Junior | JavaScript: Junior | HTML, CSS: Junior","['react: junior', 'javascript: junior', 'html: junior', 'css: junior']","['react: junior', 'javascript: junior', 'css: junior']",33.33333333333333,False
174,f43059a8-fa21-416b-a9fd-e60878469355,248237,"Python, Java, C, C++, HTML, CSS, Flutter","React: Junior | JavaScript: Mid-level | HTML, CSS: Mid-level",['react: junior'],[],33.33333333333333,False
175,50fb0cf8-024f-4d96-b6dc-3a3abeef0071,274046,"ReactJS, Django, HTML, CSS, JavaScript, REST APIs, Bootstrap, Redux, UI/UX, C++, Python, PostgreSQL, GitHub, VS Code, Postman, GCP, Data Structures, Algorithms, Object Oriented Programming, Verbal Communication, Written Communication, Teamwork","React: Mid-level | JavaScript: Junior | HTML, CSS: Junior","['javascript: junior', 'html: junior', 'css: junior']","['javascript: junior', 'html: junior', 'css: junior']",100.0,False
176,b8d69fa3-f9d7-40e6-8844-555656f15745,255232,"HTML5, CSS3, JavaScript, React.js, Next.js, Redux, Material UI, i18next, Responsive Design, Python, FastAPI, SQLModel, RESTful API Design, PostgreSQL, Basic SQL, Git, GitHub, VSCode, Termux, Linux, Modular Code Organization, API Optimization, Server-side Rendering","React: Junior | JavaScript: Junior | HTML, CSS: Junior","['react: junior', 'javascript: junior', 'html: junior', 'css: junior']","['react: junior', 'javascript: junior', 'html: junior', 'css: junior']",66.66666666666666,False
177,a5219a57-426f-46f4-bcbd-4b9830f2e549,268324,"TypeScript, JavaScript, Python, Swift, Core Java, C, HTML5, CSS3, React.js, Angular, Next.js, Redux, React Native, SwiftUI, UIKit, SASS, Node.js, FastAPI, ElasticSearch, GraphQL, Apollo Server, PostgreSQL, MongoDB, SQL, AWS, Google Cloud Platform, Git, Linux, Plesk, Webpack, Jest, Mocha, JMeter","React: Junior | JavaScript: Junior | HTML, CSS: Mid-level","['react: junior', 'javascript: junior']","['react: junior', 'javascript: junior']",100.0,False
178,c7b2301b-6604-4f85-abbe-cf383b42c9cd,274897,"C/C++, Dart, HTML, CSS, JavaScript, Python, Flutter, Node.js, Express.js, React.js, Mobile Development, FullStack Development, Azure, PowerBI, Firebase, Cloud Firestore, RestAPIs, GitHub, MySQL, MongoDB, Problem-Solving, Logical Thinking, Presentation Skills, Multitasking, Time Management","React: Not experienced | HTML, CSS: Mid-level",[],[],100.0,False
179,3194585c-4d9c-4920-b5af-eaf832e30313,290361,"JavaScript, TypeScript, React.js, Redux, Next.js, React Native, Node.js, Express","React: Mid-level | JavaScript: Mid-level | HTML, CSS: Mid-level",[],[],66.66666666666666,False
180,a6990962-0520-4ce8-a7a0-6b817a5b0169,257859,"Figma, Adobe XD, Sketch, Adobe After Effects, InVision, UXPin, Wireframing, Interface Design, Product Design, Miro, MS Project, Trello, Asana, Monday.com, MS Office, Project Plan 365, Visual Graphical Design, Visual Concept, Composition, Layout, Color, Photoshop, Illustrator, Wireframe CC, Adobe Spark, InDesign, CorelDraw, PageMaker, Quark Express, Canva, Behance, Dribbble, Zoom, Skype, Teams, Webex, User Research, Usability Testing, Prototyping, Design Hand-off, Web Accessibility, Agile Environment, HTML, CSS, Adobe Premiere, Sketchup, Scrum Planning, Software Development Life Cycle, Information Architecture, Human Computer Interaction, User Centered Design","React: Junior | JavaScript: Not experienced | HTML, CSS: Junior","['react: junior', 'html: junior', 'css: junior']","['html: junior', 'css: junior']",33.33333333333333,False
181,e8b0a8ff-2c86-4824-b731-9a285ad4c9c0,270410,"JavaScript, HTML5, CSS3, Java, JSF 2.0, JSP, Servlets, Angular 17, Bootstrap 3.6, Gulp, JQuery 2.0, Node.js 18, Webpack, ExtJS 6.6, Co-pilot AI, WebStorm 10.0, Eclipse 3.0, NetBeans 6.5, SQL YOG, JDeveloper 10.3, JIRA 6.0, LightHouse, HP Quality Center, YouTrack, Rally, MySQL 5.0, Oracle 10g, Windows 10, Windows 11, Windows XP, Windows 7, Windows 8, LINUX Ubuntu, Tomcat 7.0, WebLogic 8.1, WebLogic 10.3, Glassfish Server, Sun One Server 6.1, GitHub, Tortoise SVN, ClearQuest, SourceSafe, Harvest, PHP 5.6, Struts, ICEFaces, Backbase, AngularJS, AJAX","React: Not experienced | JavaScript: Mid-level | HTML, CSS: Mid-level",[],[],66.66666666666666,True
182,c42e3868-5c9c-4d02-b957-ce0048e08ee1,258421,"JavaScript, React.js, Node.js, Web Development, Backend Programming, SQL, HTML, CSS, Express.js, MongoDB, JWT, Salesforce, Apex, Java, English, Argentine Sign Language, Communication, Creativity, Responsibility","React: Junior | JavaScript: Junior | HTML, CSS: Junior","['react: junior', 'javascript: junior', 'html: junior', 'css: junior']","['react: junior', 'javascript: junior', 'html: junior', 'css: junior']",100.0,False
183,b448e239-1aba-418f-b3e9-f9d910754235,274908,"Java, Python, SQL, C, C++, HTML, CSS, JavaScript, ReactJS, Spring, Git, Google Colab, VS Code, Eclipse, Tableau, PowerBI","React: Not experienced | JavaScript: Not experienced | HTML, CSS: Not experienced",[],[],100.0,False
184,a9a3f083-c6f1-4d3d-9306-5736f6d3cb4e,265588,"React.js, Next.js, Redux, HTML5, CSS, Bootstrap, JavaScript, Angular.js, PHP, MySQL, CodeIgniter, WordPress, REST APIs, Node.js, MongoDB, Git, Photoshop, AI Chatbots, Chrome Developer Tools, C, C++, Python, macOS, Windows, Linux, Software Development Life Cycle, Front-End Development, Cross-Browser Compatibility, CI/CD Pipelines, Agile Methodologies, Database Management, API Development and Integration, Microservices Architecture, UI/UX Design, React Native, Delphi, jQuery, Laravel, WooCommerce, Botpress, Gallabox, JAVA","React: Mid-level | JavaScript: Junior | HTML, CSS: Junior","['javascript: junior', 'html: junior', 'css: junior']","['javascript: junior', 'html: junior', 'css: junior']",100.0,False
185,57f93381-98d5-42be-8f47-8726fee7b1c5,294112,"Angular, JavaScript, TypeScript, MySQL, Bootstrap, Angular Material, PrimeNG, CSS, SASS, Socket.io, Continuous Integration, Docker, Agile, JIRA, GitLab, NgRx, RESTful API, Yarn, Webpack, GIT, Node.js, PuTTY, HTML, Husky, GitHub, Problem Solving, Leadership, Time Management, Adaptability","React: Junior | JavaScript: Junior | HTML, CSS: Junior","['react: junior', 'javascript: junior', 'html: junior', 'css: junior']","['javascript: junior', 'html: junior', 'css: junior']",66.66666666666666,False
186,c5021885-b996-4fe7-b199-9627a55c9097,271106,"HTML, CSS, JavaScript, React.js, Next.js, Node.js, Express.js, Tailwind CSS, Bootstrap, Redux Toolkit, MongoDB, Git, GitHub, Bitbucket, Vue.js","React: Mid-level | JavaScript: Junior | HTML, CSS: Junior","['javascript: junior', 'html: junior', 'css: junior']","['javascript: junior', 'html: junior', 'css: junior']",100.0,False
187,20e51102-971d-4fb7-93e9-b78c2ab9be0b,257161,"TypeScript, JavaScript, ES6, React.js, Angular, Vue.js, Redux, jQuery, HTML, CSS, GraphQL, StoryBook, Next.js, Material UI, Bootstrap, RxJS, Python, Flask, Node.js, Express.js, PostgreSQL, REST APIs, Java, Spring Boot, Ruby, Git, GitHub, Chrome DevTools, Jest, React Testing Library, Mocha, Chai, Supertest, AWS, Heroku, Scrum, Agile Ceremonies","React: Junior | JavaScript: Junior | HTML, CSS: Mid-level","['react: junior', 'javascript: junior']","['react: junior', 'javascript: junior']",100.0,False
188,5ddf8e84-206d-4e50-8dd2-486e452023a2,271364,"JavaScript, TypeScript, React, Next.js, React Router, Tailwind CSS, SCSS, shadcn, Ant Design, Mantine, Redux, Zustand, Context API, TanStack, React Hook Form, Zod, Vite, Docker, Playwright, React Testing Library, Jest","React: Senior | JavaScript: Mid-level | HTML, CSS: Mid-level",[],[],66.66666666666666,False
189,12cbba9a-b334-47fa-9120-18826cca47e7,269937,"JavaScript, Cascading Style Sheets, HTML5, Java, Node.js, React.js, Redux, Mobx.js, Tailwind CSS, Ant Design, AntV, Material UI, Next.js, Git, Azure Pipeline, Continuous Integration, Azure DevOps Server, User Interface Design, Gantt Chart, Facial Recognition","React: Junior | JavaScript: Junior | HTML, CSS: Junior","['react: junior', 'javascript: junior', 'html: junior', 'css: junior']","['react: junior', 'javascript: junior', 'html: junior', 'css: junior']",100.0,False
190,a9adbe45-579a-4c6d-85da-11160e8a93f7,253818,"React.js, Next.js, HTML, CSS, JavaScript, TypeScript, Redux, Tailwind CSS, Bootstrap, Jest, SEO, Google Tag Manager, Node.js, Express.js, RESTful API, GraphQL, Git, GitHub, GitLab, MySQL, MongoDB, Drupal, Kentico, Windows, Linux/Unix, JIRA, Adobe XD, Photoshop","React: Senior | JavaScript: Junior | HTML, CSS: Junior","['javascript: junior', 'html: junior', 'css: junior']","['javascript: junior', 'html: junior', 'css: junior']",100.0,False
191,c9a29133-5979-411f-af67-3016a9963c77,254639,"C, C++, JavaScript, HTML5, CSS3, SQL, React.js, Tailwind CSS, Linux Command Line, Figma, GitHub, Team Leadership, Effective Communication, Problem Solving","React: Senior | JavaScript: Mid-level | HTML, CSS: Mid-level",[],[],100.0,False
192,b613b463-019f-4b48-a66b-d98682a4078d,279542,"HTML, CSS, JavaScript, TypeScript, React.js, Next.js, React Native, Redux, Axios, RESTful API, Expo, Tailwind CSS, Ant Design, SCSS, Animation, Responsive Design, PWA, JSON Web Token, SEO, Git, VS Code, Jira, Postman, Slack, Google Analytics, GitHub, GitLab, Figma","React: Mid-level | JavaScript: Junior | HTML, CSS: Junior","['javascript: junior', 'html: junior', 'css: junior']","['javascript: junior', 'html: junior', 'css: junior']",100.0,False
193,3f820fc6-487d-44da-9565-c3876ca1ef17,261338,"HTML, CSS, JavaScript, TypeScript, React, React Native, Tailwind CSS, Vite, Create React App, Redux, Material-UI, Styled Components, WordPress, Local by Flywheel, Advanced Custom Fields, Custom Post Types, Adobe Creative Suite, Node.js, Express.js, Mongoose, MongoDB, REST API, Axios, Git, Version Control, Branching & Merging, Repository Management, Blender, Character Animation, Product Visualization, 3D Modeling","React: Junior | JavaScript: Junior | HTML, CSS: Junior","['react: junior', 'javascript: junior', 'html: junior', 'css: junior']","['react: junior', 'javascript: junior', 'html: junior', 'css: junior']",100.0,False
194,d3dd6d8b-b480-4958-853c-b861619f0dab,273337,"WordPress, PHP, HTML, CSS, JavaScript, Graphic Design, Adobe Photoshop, Dreamweaver, MySQL, User-friendly Web Design, Website Performance Optimization, Client Website Development, Infographic Creation, Website Content Updates, Social Media Content Creation, Video Content Creation, Brand Visibility Enhancement, Presentation Design, Website Updates & Maintenance, Tailored Client Solutions, Custom PHP Development, WordPress Development & Customization, Web Application Development, Portal Development, Automation of Processes, IT Asset Management, Java Development, JSP & Servlet Programming, Frontend Technologies Integration, Client-Side Scripting, Cross-functional Team Collaboration, Client Communication & Requirement Gathering, Project Management, Mentorship & Leadership, Database Management & Optimization, Backend Server Configuration, SQL Query Optimization, Server-Side Scripting, Bootstrap, AngularJS, Oracle SQL Developer, Apache Tomcat Server, NetBeans, jQuery, Ajax, JSON","JavaScript: Junior | HTML, CSS: Junior","['javascript: junior', 'html: junior', 'css: junior']","['javascript: junior', 'html: junior', 'css: junior']",100.0,False
195,2bf37fcf-e092-4756-a6aa-370b164afee5,263375,"Node.js, TypeScript, JavaScript, TDD, DDD, Clean Architecture, React.js, Remix, NEXT.js, Redux, Zustand, Shadcn/ui, Radix UI, Figma, Styled Components, Testing Library, Storybook, Jest, Sanity CMS, Strapi CMS, GraphQL, Express.js, Fastify, Prisma ORM, Sequelize, Knex.js, GitHub Actions, PostgreSQL, MySQL, MongoDB, Redis, .NET Core, C#, Docker, Kubernetes, Microservices, Terraform, Python, RabbitMQ, Kafka, Elasticsearch, Firebase, Supabase, Fly.io, AWS, GCP, Azure, NPM, PNPM, Rush.js","React: Mid-level | JavaScript: Junior | HTML, CSS: Junior","['javascript: junior', 'html: junior', 'css: junior']",['javascript: junior'],66.66666666666666,False
196,21955b3d-de21-4c08-9922-d88660337c51,257736,"C, C++, JavaScript, HTML, CSS, SQL, Java, Python, React.js, Next.js, Redux, Bootstrap, Tailwind CSS, Node.js, Express.js, MERN Stack, Git, GitHub, Postman, VS Code, Cloudinary, Render, Vercel, Google Colab, Canva, MS Office, Linux, RESTful APIs, Responsive Design, Version Control, Collaborative Workflows, MongoDB, MySQL","React: Mid-level | JavaScript: Mid-level | HTML, CSS: Mid-level",[],[],100.0,False
197,7f0cda20-1fee-4b24-923d-1da9d4562862,267170,"HTML, CSS, Git, React JS, Redux, REST API, Bootstrap, SCSS, Python, Tailwind CSS, TypeScript","React: Junior | JavaScript: Junior | HTML, CSS: Junior","['react: junior', 'javascript: junior', 'html: junior', 'css: junior']","['react: junior', 'html: junior', 'css: junior']",66.66666666666666,False
198,214dd22b-96ec-45e3-a4c6-eb71c5c66f61,262766,"React.js, Next.js, Express.js, Node.js, MongoDB, Firebase, MySQL, Tailwind CSS, Reactstrap, Redux Toolkit, CSR, Shadcn/UI, HTML & CSS, Context API, Material UI, JavaScript, Responsive Design, SaaS, Semantic UI, ES6, SCSS, Bootstrap, Redux, Server Side Rendering (SSR), TypeScript","React: Mid-level | JavaScript: Junior | HTML, CSS: Junior","['javascript: junior', 'html: junior', 'css: junior']","['javascript: junior', 'html: junior', 'css: junior']",100.0,False
199,46cbd227-21b5-4009-926a-d31805bf8774,234391,,"React: Not experienced | JavaScript: Not experienced | HTML, CSS: Not experienced",[],[],0.0,False
200,800cb704-8b49-4d88-bec1-7569a271545a,252491,"HTML, CSS, JavaScript, Python, C, Tailwind, React, Git, GitHub, MySQL, MongoDB","React: Junior | JavaScript: Junior | HTML, CSS: Junior","['react: junior', 'javascript: junior', 'html: junior', 'css: junior']","['react: junior', 'javascript: junior', 'html: junior', 'css: junior']",100.0,False
201,1e632d8e-16fc-4c70-b381-834e492a6604,291590,"HTML, CSS, CSS3, JavaScript, jQuery, ReactJS, Angular, Bootstrap, Figma, Adobe XD, Visual Studio Code, Windows, Linux, Photoshop, Illustrator","React: Junior | JavaScript: Junior | HTML, CSS: Junior","['react: junior', 'javascript: junior', 'html: junior', 'css: junior']","['react: junior', 'javascript: junior', 'html: junior', 'css: junior']",100.0,False
202,a1b7637b-f3cd-470a-aeb9-f0b0b111c344,273428,"Java, SQL, JavaScript, HTML5, CSS3, Spring, Spring Boot, React.js, Hibernate, JPA, MySQL, Oracle, DML, DDL, TCL, DQL, Joins, Sub-queries, JDBC, Eclipse, VS Code, Git, Postman, MySQL Workbench, SQL Plus, Components, Hooks, React Router, Virtual DOM, Props, Event Handling, Fetch API, HTTP requests, JSON, Maven, JUnit, Java Persistence API, Spring Data JPA, Entity Management, RESTful APIs, Dependency Injection, Response Handling, Repository Pattern, Service Layer, CORS Configuration, Controller Layer, useState, useEffect, Forms and Controlled Components, Dynamic Routing, URL Parameters","React: Not experienced | JavaScript: Not experienced | HTML, CSS: Junior","['html: junior', 'css: junior']","['html: junior', 'css: junior']",100.0,False
203,2013e677-81ec-4ffe-be65-e381874b9a80,270909,"HTML, CSS, Node.js, JavaScript, React.js, MySQL, API Integration, Responsive Design, UI/UX Principles","React: Junior | JavaScript: Junior | HTML, CSS: Junior","['react: junior', 'javascript: junior', 'html: junior', 'css: junior']","['react: junior', 'javascript: junior', 'html: junior', 'css: junior']",100.0,False
204,225e1abe-d16a-4d74-9ab5-833a83f648f4,270034,"C, JavaScript, Ruby, Java, Python, Kotlin, Xcode, IntelliJ, Android Studio, Visual Studio Code, Git, Linux, Vim, Postman, Swagger, Figma, React, Ruby on Rails, AWS, HTML, CSS, PostgreSQL, MongoDB, Node.js, Angular, Mobile App Development, Gatsby, Sentry, WebEngage, Amplitude, Golang, Prisma, Express.js, WebSocket","React: Mid-level | JavaScript: Junior | HTML, CSS: Junior","['javascript: junior', 'html: junior', 'css: junior']","['javascript: junior', 'html: junior', 'css: junior']",100.0,False
205,76058afa-f001-4774-8a30-6cb0ff45b24b,249211,"Python, Java, JavaScript, C#, C, VB.NET, React JS, Angular, Flask, ASP.NET, ASP.NET Core, Entity Framework, MVC, SQL Server, Visual Studio, SQL Server Management Studio, Git, Postman, REST APIs, Deep Learning, CNNs, Agile Methodologies","React: Senior | JavaScript: Senior | HTML, CSS: Mid-level",[],[],66.66666666666666,False
206,83942313-5216-499e-8b78-81e1a020bb6d,252350,"React.js, React, React Native, Next.js, Redux, Git, Tailwind CSS","React: Junior | JavaScript: Junior | HTML, CSS: Junior","['react: junior', 'javascript: junior', 'html: junior', 'css: junior']","['react: junior', 'javascript: junior', 'css: junior']",33.33333333333333,False
207,1933c52c-055d-4169-8785-7dc8d886768a,247098,"React, Vite, Node.js, Express.js, Electron, MySQL, PostgreSQL, MongoDB, HTML, CSS, JavaScript, Python, Nest.js","React: Junior | JavaScript: Junior | HTML, CSS: Not experienced","['react: junior', 'javascript: junior']","['react: junior', 'javascript: junior']",100.0,False
208,470a27b2-a9e8-46e9-851e-43845922dc48,246057,"Object-Oriented Programming, Tailwind CSS, Git, MobX, CSS, JavaScript, API Integration, React, HTML, Next.js, Node.js, Medusa.js","React: Junior | JavaScript: Not experienced | HTML, CSS: Not experienced",['react: junior'],['react: junior'],100.0,False
209,56cfab27-af1e-4be3-9cb4-128ab2258f39,276293,"C, C++, Java, Python, Object-Oriented Programming, MySQL, Data Structures, Algorithms, HTML, CSS, Bootstrap, JavaScript, Node.js, React.js, Software Development Life Cycle, Agile, AWS, Azure, Linux, Unix, Git, GitHub, Jenkins, Docker, Kubernetes, Terraform, Shell Scripting, Microsoft Excel, Testing, Written Communication, Verbal Communication, Analytical Skills, Problem-Solving, Troubleshooting, Debugging","React: Junior | JavaScript: Junior | HTML, CSS: Junior","['react: junior', 'javascript: junior', 'html: junior', 'css: junior']","['react: junior', 'javascript: junior', 'html: junior', 'css: junior']",100.0,False
210,c0f94284-2ca0-48bd-abea-598248714fc6,245869,"React, JavaScript, HTML, CSS, TypeScript","React: Junior | JavaScript: Junior | HTML, CSS: Junior","['react: junior', 'javascript: junior', 'html: junior', 'css: junior']","['react: junior', 'javascript: junior', 'html: junior', 'css: junior']",100.0,False
211,d0d77283-7f1e-4262-a2f0-f3d58f3e6f9d,270879,"HTML5, CSS, Bootstrap, Tailwind CSS, React.js, JavaScript, jQuery, Redux, API Integration, MySQL, Windows, Git","React: Junior | JavaScript: Junior | HTML, CSS: Junior","['react: junior', 'javascript: junior', 'html: junior', 'css: junior']","['react: junior', 'javascript: junior', 'html: junior', 'css: junior']",100.0,False
212,2af1ec16-197e-40b3-b1be-555c4c8114f3,257211,"React.js, Redux, JavaScript, TypeScript, HTML5, CSS3, Tailwind CSS, Sass, Bootstrap, Material UI, Ant Design, Unit Testing, Jest, React Testing Library, Node.js, Nest.js, Supabase, MongoDB, Studio 3T, npm, yarn, Create React App, Vite, Git, GitHub, GitLab, JIRA, VS Code, Figma, Postman, ChatGPT, Quick Learner, Patience, Collaborative, Mentorship, Teaching, Python, MySQL, AWS, CI/CD, RTK Query, Supertest, Java Spring Boot","React: Mid-level | JavaScript: Junior | HTML, CSS: Junior","['javascript: junior', 'html: junior', 'css: junior']","['javascript: junior', 'html: junior', 'css: junior']",100.0,False
213,699bad46-d61c-460c-8475-a8680d3da36d,281973,"React, JavaScript, TypeScript, HTML, CSS, Java, SQL, MUI, Jest, Enzyme, React Testing Library, Fiddler, Postman","React: Mid-level | JavaScript: Mid-level | HTML, CSS: Junior","['html: junior', 'css: junior']","['html: junior', 'css: junior']",100.0,True
214,993d3cf0-c2f5-4da0-b9d2-ddb0bac755e9,272609,"Next.js, React, TypeScript, JavaScript, Tailwind CSS, Node.js, Express.js, Supabase","React: Mid-level | JavaScript: Mid-level | HTML, CSS: Mid-level",[],[],66.66666666666666,False
215,eaf4721a-ed74-4ece-8735-af6f596a1010,258628,"JavaScript, TypeScript, HTML, CSS, SQL, Python, React.js, Flask, Express.js, TailwindCSS, Node.js, Docker, Vite, Redux, Terraform, Rego, Git, REST APIs, Agile Methodologies, Playwright, Automated QA Testing, Manual QA Testing, Postman","React: Junior | JavaScript: Junior | HTML, CSS: Junior","['react: junior', 'javascript: junior', 'html: junior', 'css: junior']","['react: junior', 'javascript: junior', 'html: junior', 'css: junior']",100.0,False
216,5c7b9f5d-3882-4f45-8f43-b4b171c561c1,261488,"TypeScript, JavaScript, Sass, CSS, HTML, Grunt, Gulp, Rollup, Webpack, Bash, FP-TS, Monocle-TS, IO-TS, React, React Native, Next.js, Plasmic, Tailwind, jQuery, Functional Programming, Redux, Slack, Figma, Sketch, Svelte, Firebase, GraphQL, Docker, Amazon Web Services (AWS), NGINX","React: Mid-level | JavaScript: Junior | HTML, CSS: Mid-level",['javascript: junior'],['javascript: junior'],100.0,False
217,8d3043fb-dc41-4579-b2b1-b1ddb6d9b973,281463,"HTML, CSS, C++, SQL, Excel, Python, JavaScript, SAP Cloud, UX/UI Development, Communication, Negotiation, Problem Solving, Leadership, Management, Critical Thinking, Creativity","React: Junior | JavaScript: Junior | HTML, CSS: Mid-level","['react: junior', 'javascript: junior']",['javascript: junior'],66.66666666666666,False
218,74953741-f5b1-4041-9d44-31c137c85179,252787,"C/C++, Java, Python, SQL, JavaScript, HTML, CSS, Express.js, React.js, Node.js, Next.js, Tailwind CSS, MongoDB, NumPy, Pandas, Scikit-Learn, TensorFlow, Tableau, Power BI, Jupyter Notebook, GitHub, Figma, Canva, Leadership, Management, Problem-Solving, Communication","React: Junior | JavaScript: Junior | HTML, CSS: Junior","['react: junior', 'javascript: junior', 'html: junior', 'css: junior']","['react: junior', 'javascript: junior', 'html: junior', 'css: junior']",100.0,False
219,bf8325f7-170a-4255-920f-51cdba8cf76e,265616,"React, TypeScript, JavaScript, Next.js, Vue.js, Storybook, Tailwind CSS, MUI, Responsive Design, Accessibility Standards, Figma, Prototyping, Cross-Browser Compatibility, Code Splitting, Lazy Loading, State Management, Webpack, Jest, React Testing Library, Cypress, End-to-End Testing, RESTful APIs, GraphQL, Node.js, PostgreSQL, Scrum, Jira, CI/CD Pipelines, Git, Python, SQL, HTML5, CSS3, SASS, LESS, Babel, NPM, Yarn, Jenkins, GitHub Actions, Bitbucket, Postman, Django REST Framework, AWS, Kubernetes, Docker, Redux, Context API","React: Junior | JavaScript: Junior | HTML, CSS: Junior","['react: junior', 'javascript: junior', 'html: junior', 'css: junior']","['react: junior', 'javascript: junior', 'html: junior', 'css: junior']",100.0,False
220,359ae8db-cb2d-4d6a-bcb2-da922f95fafb,284617,"Java, JavaScript, C++, Python, MERN Stack, AWS, SQL, MongoDB, React.js, Node.js, Express.js, Data Structures, Algorithms, Object-Oriented Programming, Database Management System","React: Junior | JavaScript: Junior | HTML, CSS: Junior","['react: junior', 'javascript: junior', 'html: junior', 'css: junior']","['react: junior', 'javascript: junior']",66.66666666666666,False
221,07223f60-6e3f-40dd-a652-0f2d25e1ad45,279945,"React.js, Node.js, WordPress, WooCommerce, JavaScript, PHP, Java, SQL, MongoDB, CSS, AWS Certified Cloud Practitioner, Git, Postman, Figma, Visual Studio, Canva","React: Junior | JavaScript: Junior | HTML, CSS: Junior","['react: junior', 'javascript: junior', 'html: junior', 'css: junior']","['react: junior', 'javascript: junior', 'css: junior']",100.0,False
222,681a1bb6-b576-440a-a11a-1faab95d1e2b,263884,"Java, JavaScript, Node.js, React, React Native, Express.js, Redux, Spring Boot, MySQL, Git, Webpack, Kafka, Redis, MongoDB, Data Structures and Algorithms, Microservices, RESTful APIs, System Design","React: Mid-level | JavaScript: Junior | HTML, CSS: Junior","['javascript: junior', 'html: junior', 'css: junior']",['javascript: junior'],66.66666666666666,False
223,b6d62903-ed3b-45d0-a6ec-1581dc043164,283406,"React.js, Redux, React Hooks, REST APIs, Tailwind CSS, HTML5, CSS3, JavaScript, Bootstrap, Node.js, Express.js, MongoDB, Git, GitHub, Vite, AWS, Microsoft Azure, Browser-based debugging, Performance testing, Troubleshooting, Agile, UI/UX principles, ES6, RTK Query, Firebase, Context API","React: Junior | JavaScript: Junior | HTML, CSS: Junior","['react: junior', 'javascript: junior', 'html: junior', 'css: junior']","['react: junior', 'javascript: junior', 'html: junior', 'css: junior']",100.0,False
224,74a38336-3267-4579-a0ad-eb69999eb2a4,277653,"Java, J2EE, Spring Boot, Spring MVC, Spring Data JPA, Hibernate, HTML5, CSS3, JavaScript, jQuery, Angular, React.js, Node.js, Bootstrap, REST APIs, Microservices, Cucumber, Selenium, Docker, Kubernetes, CI/CD, Amazon Web Services, Azure DevOps, JIRA, Confluence, MySQL, Oracle, SQL Server, PostgreSQL, MongoDB, Arrays, Linked Lists, Stacks, Queues, Trees, Graphs, Object-Oriented Programming, Functional Programming, Procedural Programming, Agile, Servlets, JSP, EJB, JavaBeans, JBOSS, JasperSoft, Maven, Git, Jenkins","React: Junior | JavaScript: Junior | HTML, CSS: Junior","['react: junior', 'javascript: junior', 'html: junior', 'css: junior']","['react: junior', 'javascript: junior', 'html: junior', 'css: junior']",100.0,False
225,f68e7572-5d67-4c48-98c6-a51e1382c8da,279418,"JavaScript, ECMAScript 6, TypeScript, GitHub, GitLab, Jira, Firebase, React Dev Tools, Chrome Dev Tools, React JS, React Native, Angular, Redux, Redux Toolkit, HTML, CSS, SCSS, Tailwind CSS, Bootstrap, Material UI, Visual Studio Code, Android Studio, Problem Solving, Team Collaboration, Adaptability, Frontend Development, API Integration, Mobile App Development, Responsive Web Design, Agile Software Practices, State Management, Debugging and Troubleshooting, Real-Time Data Management, Performance Optimization","React: Junior | JavaScript: Junior | HTML, CSS: Junior","['react: junior', 'javascript: junior', 'html: junior', 'css: junior']","['react: junior', 'javascript: junior', 'html: junior', 'css: junior']",100.0,False
226,f45bfc3a-52c8-42f8-8c51-bc05c80e6212,271667,"HTML, CSS, JavaScript, PHP, MySQL, Git, GitHub, Responsive Design, UI/UX, IoT, Python, Java","React: Not experienced | JavaScript: Not experienced | HTML, CSS: Junior","['html: junior', 'css: junior']","['html: junior', 'css: junior']",66.66666666666666,False
227,2efbe645-1122-403a-9019-52179b57776b,254784,"HTML, CSS, SCSS, JavaScript, React, Next.js, Redux, TypeScript, Bootstrap, Tailwind CSS, Material UI, Node.js, Express.js, MongoDB, Git, GitHub, Figma, Bitbucket, Able Web, Postman","React: Junior | JavaScript: Junior | HTML, CSS: Junior","['react: junior', 'javascript: junior', 'html: junior', 'css: junior']","['react: junior', 'javascript: junior', 'html: junior', 'css: junior']",100.0,False
228,3b0ffac8-f0db-4268-8622-6d5ee90e0c8e,258120,"Git, GitHub, React.js, JavaScript, HTML5, CSS, Tailwind, JWT, Postman, Axios, Responsive Design, Formik, React Hook Form, Redux, NPM, Figma, React Router DOM, i18next","React: Junior | JavaScript: Junior | HTML, CSS: Junior","['react: junior', 'javascript: junior', 'html: junior', 'css: junior']","['react: junior', 'javascript: junior', 'html: junior', 'css: junior']",100.0,False
229,7e1d0381-651a-4d35-8b0e-52085a52bdab,235384,"Python, Django, PHP, Node.js, Machine Learning, SQL, Laravel, REST APIs, Amazon Web Services, Web 3.0, CodeIgniter","React: Junior | JavaScript: Not experienced | HTML, CSS: Junior","['react: junior', 'html: junior', 'css: junior']",[],33.33333333333333,False
230,3ba17846-b406-4f37-9de0-aede61ba0479,264291,"JavaScript, CSS, HTML, JSON, React, Vite, Bash, Git, GitHub, jQuery, Node.js, Three.js, Atlassian JIRA, Angular, REST APIs, GraphQL, AJAX, Go, Interactive Media Development, Prototyping, Testing & Debugging, Deployments & Updates, UX/UI Design, Wireframing, Performance Optimization, Problem-Solving, Troubleshooting, Content Management Systems (CMS), Vendor Management, Stakeholder Relationships","React: Mid-level | JavaScript: Junior | HTML, CSS: Mid-level",['javascript: junior'],['javascript: junior'],100.0,False
231,43210ed8-3408-4d9c-8dee-9806b6e9ff40,250053,"Java, HTML, CSS, Javascript, Python","React: Junior | JavaScript: Junior | HTML, CSS: Mid-level","['react: junior', 'javascript: junior']",['javascript: junior'],66.66666666666666,False
232,65d33bc0-5876-4893-af0a-c2102fb598fd,237378,"JavaScript, Python, SQL, HTML, CSS, TypeScript, React JS, Material UI, ANTD, MobX, Redux, Spring Boot, Git, GitHub, Figma, JMeter, Adobe XD, VS Code, Jira, Load Testing, Core Web Vitals Optimization, Code Refactoring, Leadership, Project Management, Mentorship","React: Not experienced | JavaScript: Not experienced | HTML, CSS: Not experienced",[],[],100.0,False
233,235d7299-ce22-4d0c-916e-bc8954b72ffd,264494,"C, C++, Java, JavaScript, TypeScript, Python, SQL, Ruby, DSA, React.js, Next.js, Angular, Node.js, Express.js, Ruby on Rails, Bootstrap, Git, GitHub, Docker, Kubernetes, MongoDB, PostgreSQL, MySQL","React: Mid-level | JavaScript: Junior | HTML, CSS: Junior","['javascript: junior', 'html: junior', 'css: junior']",['javascript: junior'],66.66666666666666,False
234,ec4d2969-caae-4609-a6a6-ddc9aa199454,244159,"Python, Java, C, HTML, CSS, JavaScript, PHP, React.js, MongoDB, MySQL, Embedded Programming","React: Junior | JavaScript: Junior | HTML, CSS: Not experienced","['react: junior', 'javascript: junior']","['react: junior', 'javascript: junior']",100.0,False
235,1b0ef925-9b4f-465e-bf81-3ec34f014c19,278672,"React, Next.js, TypeScript, JavaScript, Node.js, Express.js, Three.js, OAuth 2.0, HTML5, CSS3, Tailwind CSS, Bootstrap, Styled-components, Firebase, RESTful APIs, AWS, Git, Yarn, npm, Webpack, Babel, VS Code","React: Not experienced | JavaScript: Not experienced | HTML, CSS: Not experienced",[],[],100.0,False
236,f70c2c91-34cd-42ee-a535-d7ea323f55b0,301083,"HTML, CSS, SCSS, JavaScript, TypeScript, React, Redux Toolkit, Redux Thunk, Redux Saga, React Native, Swift, Kotlin, iOS, Android, Next.js, Firebase, Google Analytics, Storybook, BitRise, UI/UX, Figma, Ruby, Ruby on Rails, Node.js, Express.js, PostgreSQL, MongoDB, JSON, RESTful APIs, Unit Testing, Jest, Enzyme, Automation e2e Testing, Appium, Git, Remote Worker, Leadership, Communication, Team Worker","React: Mid-level | JavaScript: Mid-level | HTML, CSS: Mid-level",[],[],100.0,False
237,2495eeb8-9af5-416c-a8eb-d4b199f9e9c9,262033,"HTML, CSS, Bootstrap, JavaScript, TypeScript, React, jQuery, Angular, Node.js, ASP.NET, C#, Redux, RESTful APIs, MongoDB, MySQL, Software Development, Testing, Communication, Problem-Solving, Troubleshooting","React: Junior | JavaScript: Not experienced | HTML, CSS: Junior","['react: junior', 'html: junior', 'css: junior']","['react: junior', 'html: junior', 'css: junior']",100.0,False
238,1f7bbe16-e64d-477c-b2ba-5fe5d275f928,255366,"Java, JavaScript, TypeScript, C++, R, PHP, Node.js, Python, HTML5, CSS3, SCSS, LESS, jQuery, WordPress, Shopify, Sketch, Adobe, Figma, REST, Angular, RxJS, React, MySQL, MongoDB, PostgreSQL, GIT, Bitbucket, Code Commit, Mac OS, Linux, Unix, Microsoft Windows","React: Junior | JavaScript: Junior | HTML, CSS: Junior","['react: junior', 'javascript: junior', 'html: junior', 'css: junior']","['react: junior', 'javascript: junior', 'html: junior', 'css: junior']",100.0,False
239,c2b18a42-f64f-48c2-a038-6f8ea4fb0e50,249759,"HTML, CSS, Bootstrap, Tailwind CSS, JavaScript, ES6, Hoisting, React.js, React Hooks, React Router, Context API, Props Drilling, React Lifecycle Methods, Java, Java Variables, Java Type Casting","React: Junior | JavaScript: Not experienced | HTML, CSS: Not experienced",['react: junior'],['react: junior'],100.0,False
240,6d2d9f69-ae9c-48cd-8a9d-99d764edad76,251697,"HTML, CSS, JavaScript, Bootstrap, React.js, Git, GitHub, Content Management Systems (CMS), Team Work, Team Management, Project Management, Adaptability","React: Mid-level | JavaScript: Mid-level | HTML, CSS: Mid-level",[],[],100.0,False
241,8d5838f5-817a-42d9-a60d-fa04d09547cb,275398,"HTML, CSS, JavaScript, React.js, Node.js, Express.js, MongoDB, Socket.io, C++, C, Python","React: Junior | JavaScript: Junior | HTML, CSS: Junior","['react: junior', 'javascript: junior', 'html: junior', 'css: junior']","['react: junior', 'javascript: junior', 'html: junior', 'css: junior']",100.0,False
242,96057fc1-4072-49b2-a7b9-05fe5e8a7f8a,270435,"React.js, Next.js, HTML5, CSS, JavaScript, Tailwind CSS, Bootstrap, Node.js, Express.js, REST APIs, MongoDB, MySQL, Git, Docker, WebSockets, JWT, Heroku, VS Code, Agile, Scrum, Jira, Redux.js, TypeScript, SASS, SQL, C++, Java, Python, JSON Web Token, RESTful APIs, Jira Align, Lucidchart, GitHub, Gulp.js, PugJS, Linux, Software Development Life Cycle, Database Design, Unified Modeling Language, Problem Solving, Analytical Thinking, Team Leadership, Educational Leadership, Interpersonal Communication, Organization Skills, Management Skills","React: Mid-level | JavaScript: Junior | HTML, CSS: Junior","['javascript: junior', 'html: junior', 'css: junior']","['javascript: junior', 'html: junior', 'css: junior']",100.0,False
243,964339c2-358c-4946-80c3-43130979a149,264690,"TypeScript, Angular, Node.js, Express.js, HTML5, CSS3, Docker, AWS, DevOps, CI/CD, Jenkins, Git, PostgreSQL, Agile, Scrum, Java, Python, C, C++, JavaScript, OOPS, React.js, Bootstrap, jQuery, Media Queries, Responsive Web Design, Spring Boot, Hibernate, RESTful APIs, AJAX, EC2, S3, Lambda, Kubernetes, Ansible, Terraform, MySQL, MongoDB, Redis, RDBMS, Microservices, Test-Driven Development, Unit Testing, Integration Testing, JUnit, Postman, Selenium, Gradle, Eclipse, Visual Studio, NetBeans, JIRA, Confluence, Kanban","React: Junior | JavaScript: Junior | HTML, CSS: Junior","['react: junior', 'javascript: junior', 'html: junior', 'css: junior']","['react: junior', 'javascript: junior', 'html: junior', 'css: junior']",100.0,False
244,214929f0-1d91-4eeb-a074-2f7aed47c2f6,270527,"JavaScript, TypeScript, Solidity, C++, SQL, CSS, React.js, React Native, Next.js, Angular, React Query, Redux, Context API, Node.js, GIT, Azure DevOps, Docker, Kubernetes, NGINX, Postman, Clevertap, Webpack, Jest, Material UI, Linux, Web, Windows, Strapi CMS, Leadership, Mentorship, Public Speaking, Planning, Communication, Web Vitals, Responsive Design, WebView, Server Side Rendering, Agile, SSO, SEO","React: Mid-level | JavaScript: Mid-level | HTML, CSS: Junior","['html: junior', 'css: junior']",['css: junior'],100.0,False
245,922e5746-de33-4f24-b184-bab616e59df8,264624,"Java, Data Structures and Algorithms, Object-Oriented Programming, HTML, CSS, JavaScript, Node.js, Express.js, MySQL, Database Management Systems, MongoDB, Git, React.js, Bootstrap, UI/UX Libraries","React: Mid-level | JavaScript: Junior | HTML, CSS: Mid-level",['javascript: junior'],['javascript: junior'],100.0,False
246,3547925b-0925-40c4-81b1-aa4f8e86b074,248908,"HTML5, CSS3, Bootstrap, JavaScript, Angular, Node.js, Express, MongoDB, Java, SQL, DBMS, Computer Networking, Git, Docker, Kubernetes","React: Junior | JavaScript: Junior | HTML, CSS: Junior","['react: junior', 'javascript: junior', 'html: junior', 'css: junior']","['javascript: junior', 'html: junior', 'css: junior']",66.66666666666666,False
247,9f804573-c1d3-4f7f-8b53-6889e2f2b703,256518,"Java, Python, C++, JavaScript, HTML, CSS, Bootstrap, ReactJS, NextJS, VueJS, TypeScript, Tailwind CSS, Vercel, Node.js, Express, .NET 6, Java Spring Boot, REST APIs, MySQL, MongoDB, Google Firebase, Google Cloud Functions, Google Cloud Analytics, Dart, Flutter, Unity, Android Studio, R, Tableau, Microsoft Excel, Pandas, Matplotlib, Seaborn, GitHub, Microsoft Azure DevOps, SVN, Docker","React: Junior | JavaScript: Junior | HTML, CSS: Junior","['react: junior', 'javascript: junior', 'html: junior', 'css: junior']","['react: junior', 'javascript: junior', 'html: junior', 'css: junior']",100.0,False
248,9383ee73-537a-4cc0-8894-974477854d45,270635,"React.js, Spring Boot, Spring MVC, JavaScript, HTML, CSS","React: Junior | JavaScript: Not experienced | HTML, CSS: Junior","['react: junior', 'html: junior', 'css: junior']","['react: junior', 'html: junior', 'css: junior']",100.0,False
249,97fda032-c787-4bd3-b1fd-4d4b13a06b19,243580,"Power BI, Advanced Excel, SQL, Python, HTML, CSS, JavaScript, MySQL, PHP","React: Junior | JavaScript: Junior | HTML, CSS: Junior","['react: junior', 'javascript: junior', 'html: junior', 'css: junior']","['javascript: junior', 'html: junior', 'css: junior']",66.66666666666666,False
250,aa9ba70c-6e0d-4fca-961b-312af121d4c6,260028,"ReactJS, Redux, SASS, JavaScript, TypeScript, Next.js, Node.js, Responsive Design, Tailwind CSS, Firebase, Cypress, Postman, React Testing Library, Jest, Playwright, Continuous Integration, Continuous Deployment, Cross-Browser Compatibility, Web Accessibility Standards, Git, GitHub, JIRA, Slack, Zoom, Discord, Notion","React: Not experienced | JavaScript: Not experienced | HTML, CSS: Junior","['html: junior', 'css: junior']",['css: junior'],66.66666666666666,False
251,a0981aab-efd6-4469-901f-ee96cc501dd5,277245,"Ruby on Rails, Node.js, React.js, Vue.js, JavaScript, TypeScript, Ruby, Python, SQL, MySQL, PostgreSQL, MongoDB, Git, Docker, Agile, Automated Testing, Sinon, Mocha, Jest, AWS, S3, Rollbar, EC2, Jenkins, k9s, DataDog, Sentry, MacOS, Express.js, Front-End Development, Back-End Development, HTML, CSS, SASS, Bootstrap, MaterialUI, JQuery, HTTP, Gatsby.js, Unix, Redux, GraphQL, Heroku, REST, React Native, D3, Google Maps API, NLP, Contentful","React: Mid-level | JavaScript: Mid-level | HTML, CSS: Junior","['html: junior', 'css: junior']","['html: junior', 'css: junior']",100.0,False
252,efe29e8a-4f6e-4f11-bb4e-23a68d464ce1,258692,"JavaScript, Python, ReactJS, CSS/HTML, TypeScript, Java, SQL, Swift, Git, Jira, Confluence, VSCode, MongoDB, Docker, Microsoft Office, Notion, Canva","React: Junior | JavaScript: Junior | HTML, CSS: Mid-level","['react: junior', 'javascript: junior']","['react: junior', 'javascript: junior']",100.0,False
253,809705ec-502c-48e0-8481-dab62f50f63e,277028,"Angular, TypeScript, JavaScript, Git, GraphQL, React, Node.js, AWS, Azure, Bootstrap, SCSS, HTML, Material, RxJS, Reactive Forms, NgRX, Signals, Backbase, SonarQube, RESTful API, Agile Methodology, Stencil.js, Web Components, PrimeNG, Polymer, Java, MySQL, jQuery, JqGrid, Mixpanel, UI Development, Bug Fixing, Optimization, Source Tree, Jira","React: Not experienced | JavaScript: Mid-level | HTML, CSS: Junior","['html: junior', 'css: junior']",['html: junior'],100.0,False
254,22959059-3ea9-44de-a9ce-34a5eb9a9c40,273244,"React.js, React Hooks, GraphQL, Bootstrap 5, API Integration, Angular.js, jQuery, JavaScript, JSON, GitHub, JIRA, CSS3, HTML5, Node.js, Fluent UI, Vue.js, Git, Bitbucket, Trello, Java EE, Elastic Search, PostgreSQL, Spring MVC, Spring Data JPA, Cassandra, MySQL, React Bootstrap","React: Junior | JavaScript: Junior | HTML, CSS: Junior","['react: junior', 'javascript: junior', 'html: junior', 'css: junior']","['react: junior', 'javascript: junior', 'html: junior', 'css: junior']",100.0,False
255,370debc3-814b-49b2-9d47-66b632d235ce,278048,"React Native, React.js, JavaScript, HTML5, CSS3, macOS, Windows, Linux, VS Code, Redux Toolkit, Redux Saga, RESTful APIs, Firebase, TypeScript, Bootstrap, UI/UX Design, Component Reusability, Payment Gateway Integration, State Management, Animation, Navigation Setup, API Development, API Integration, Problem-Solving, Team Collaboration, Time Management, Communication, Adaptability, Attention to Detail, Critical Thinking","React: Junior | JavaScript: Not experienced | HTML, CSS: Junior","['react: junior', 'html: junior', 'css: junior']","['react: junior', 'html: junior', 'css: junior']",100.0,False
256,a414e6c5-4e36-456b-82cf-5654ace20293,270975,"HTML, CSS, JavaScript, TypeScript, React.js, Redux, Next.js, Material-UI, Bootstrap, Node.js, Express.js, MongoDB, Git, GitHub","React: Junior | JavaScript: Junior | HTML, CSS: Junior","['react: junior', 'javascript: junior', 'html: junior', 'css: junior']","['react: junior', 'javascript: junior', 'html: junior', 'css: junior']",100.0,False
257,7f784fe1-5d95-42f6-8a78-d091a4a2dfff,247105,"Java, Spring Boot, Microservices, SQL, MySQL, MongoDB, HTML, CSS, Eclipse, VS Code, Microsoft Azure, DevOps, GitLab, JUnit, Postman, Docker, Maven, Communication, Problem-Solving, Client Management, Leadership, Agile Process, Scrum","React: Mid-level | JavaScript: Junior | HTML, CSS: Mid-level",['javascript: junior'],[],33.33333333333333,False
258,f696abb5-d939-4f28-8cb0-5b3af98fa863,271461,"ReactJS, AEM 6.5, JavaScript, Zustand, Redux, HTML5, CSS3, Bootstrap, Tailwind CSS, Responsive Design, Git, GraphQL, REST API, Unit Testing, Jest, React Testing Library, Webpack, Parcel, Browser Dev Tools, SonarQube, Rally, JIRA, Confluence, NVDA, Mobile-First Design, Performance Optimization, Code Quality, Problem-Solving, Collaboration and Communication, Client Facing, Agile","React: Mid-level | JavaScript: Junior | HTML, CSS: Junior","['javascript: junior', 'html: junior', 'css: junior']","['javascript: junior', 'html: junior', 'css: junior']",100.0,False
259,3a0053e3-a585-41e4-ad0f-410671e4991f,267169,"HTML, CSS, JavaScript, jQuery, Bootstrap, ASP.NET MVC 4, C#, Angular.js, Node.js, SQL, GIT, Microsoft Visual Studio, Adobe Photoshop, Adobe Dreamweaver, Balsamiq, Adobe XD, Microsoft Word, Microsoft Outlook, Microsoft PowerPoint, Microsoft Excel, Microsoft Access, Microsoft Teams, Zoom, Blackboard, Microsoft SharePoint","React: Not experienced | JavaScript: Not experienced | HTML, CSS: Junior","['html: junior', 'css: junior']","['html: junior', 'css: junior']",66.66666666666666,False
260,9e4aede7-983d-47e7-9731-22b8b4f87b4d,275530,"HTML, CSS, JavaScript, TypeScript, React.js, Node.js, Express.js, MongoDB, Mongoose, Git/GitHub, SQL, API, Responsive Web Design, UI/UX, Debugging, Communication, Quick Learner, Problem Solving, Team Collaboration","React: Mid-level | JavaScript: Junior | HTML, CSS: Junior","['javascript: junior', 'html: junior', 'css: junior']","['javascript: junior', 'html: junior', 'css: junior']",100.0,False
261,a870640c-6361-422e-8588-b43e29e8997a,262196,"PHP, Node.js, React, HTML, JavaScript, CSS, REST, Git, Visual Studio Code, Postman, Python, Java, Linux, Bash, Analytical Thinking, Problem-Solving, Effective Communication, Attention to Detail, Time Management","React: Junior | JavaScript: Junior | HTML, CSS: Not experienced","['react: junior', 'javascript: junior']","['react: junior', 'javascript: junior']",100.0,False
262,bde03971-8946-472b-8048-b058c6fdcba9,283223,"React.js, MongoDB, Node.js, HTML, Core Java, C++, SQL, JavaScript, Teamwork, Strong Communication, Self-Confidence, Time Management","React: Mid-level | JavaScript: Junior | HTML, CSS: Not experienced",['javascript: junior'],['javascript: junior'],100.0,False
263,84a5abe6-b050-4376-9b3d-0f323fa70163,275560,"JavaScript, HTML5, CSS3, C, C++, React.js, Bootstrap, Tailwind CSS, Git, Webpack, Babel, npm, Yarn, Docker, Postman, TypeScript, Zustand, RESTful APIs, GraphQL","React: Junior | JavaScript: Mid-level | HTML, CSS: Junior","['react: junior', 'html: junior', 'css: junior']","['react: junior', 'html: junior', 'css: junior']",100.0,False
264,e816e1fc-5602-4e8f-9405-b43e34afa0ca,254657,"C, C++, JavaScript, TypeScript, HTML 5, CSS3, React Native, AngularJS, GitHub, Data Structures and Algorithms, Object-Oriented Programming","React: Mid-level | JavaScript: Mid-level | HTML, CSS: Mid-level",[],[],100.0,False
265,3183ebe4-a093-428b-9274-e0e626c3e128,256346,"C, C++, JavaScript, Python, Node.js, Express.js, React.js, Redux, HTML, CSS, Bootstrap, SQL, PostgreSQL, MongoDB, MySQL, RTK Query, RESTful APIs, JWT, bcryptjs, JSON, Socket.IO, Axios, Postman, GitHub, BitBucket, Linux, Azure, AWS, RabbitMQ, CouchDB, SmartCat","React: Junior | JavaScript: Not experienced | HTML, CSS: Junior","['react: junior', 'html: junior', 'css: junior']","['react: junior', 'html: junior', 'css: junior']",100.0,False
266,d36a2ee2-10e6-4e93-b223-20c2cbd36672,268269,"JavaScript, Java, Python, React JS, Vue.js, SpringBoot, GraphQL, Tailwind CSS","React: Junior | JavaScript: Junior | HTML, CSS: Junior","['react: junior', 'javascript: junior', 'html: junior', 'css: junior']","['react: junior', 'javascript: junior', 'css: junior']",66.66666666666666,False
267,8be60586-7114-4dba-8789-cfe28e733f60,267902,"JavaScript, TypeScript, Java, HTML, CSS, React.js, React Native, Material, Tailwind, Bootstrap, Redux, React Router, Visual Studio Code, Git","React: Junior | JavaScript: Junior | HTML, CSS: Junior","['react: junior', 'javascript: junior', 'html: junior', 'css: junior']","['react: junior', 'javascript: junior', 'html: junior', 'css: junior']",100.0,False
268,cb494e53-9399-4304-8ab1-40dfc59d4239,264060,"JavaScript, TypeScript, Node.js, D3.js, GoJS, React, Angular, Vue, Command Line, CLI Tooling, Git, GitHub, GitLab, BitBucket, Slack, Microsoft Teams, Jira, Confluence, Figma, InVision, Google Workspaces, Agile Methodologies, Java, C++, Go, Ruby, Python, Pandas, NumPy, Scikit-learn, PostgreSQL, MySQL, DB2, MongoDB, DBeaver, Object Resource Management, AWS, GCP, Azure, IBM Cloud, Kubernetes, Jest, Jasmine, Selenium, Gherkin, Cypress, GraphQL, Flask, Postman, GitHub Actions, Travis CI, Jenkins, Testing, Debugging, Outage Resolution, Verbal Communication, Written Communication, Conflict Resolution, Object-Oriented Programming, Functional Programming, Time Management, Organization, Leadership, Positivity, Team Building","React: Mid-level | JavaScript: Mid-level | HTML, CSS: Mid-level",[],[],66.66666666666666,False
269,3305ee62-a495-4554-904c-8d04065663ed,255450,"Adobe Photoshop, Figma, HTML, CSS, JavaScript, React, Bootstrap, WooCommerce, Shopify, WordPress, Digital Marketing, eBay Sales, Logistics, ChatGPT, Google Gemini, SQL, Web APIs, English, Italian, German, Driver's License, Independent Work, Flexibility, Remote Work, Office Work, ASP.NET, Visual Studio Code, GitHub, Databases, Spring Boot, Django, Laravel, Adobe Illustrator, Adobe After Effects, Procreate, Canva, Amazon Web Services, Midjourney, LeonardoAi, RemixAi, IdeogramAI, Instagram, Twitter, TikTok, SEO, SEM, Ahrefs, Data Analysis, Project Management, Client Communication","React: Junior | JavaScript: Junior | HTML, CSS: Junior","['react: junior', 'javascript: junior', 'html: junior', 'css: junior']","['react: junior', 'javascript: junior', 'html: junior', 'css: junior']",100.0,False
270,5047b5e2-e296-492d-8eee-28bd519a6d40,256378,"Python, MySQL, HTML, CSS, JavaScript, Machine Learning, Cloud Computing, PHP, Networking, Java, Problem-solving, Communication, Critical Thinking, Teamwork, Confidence, Creativity, Motivation","React: Junior | JavaScript: Junior | HTML, CSS: Junior","['react: junior', 'javascript: junior', 'html: junior', 'css: junior']","['javascript: junior', 'html: junior', 'css: junior']",66.66666666666666,False
271,73bbe6a1-41e0-49f2-9163-3db3368472cd,301846,"C Programming, Python 3, HTML 5, Tailwind CSS, MS Office, MySQL, Operating Systems, React JS, Teamwork, Problem Solving, Time Management, Communication","React: Not experienced | JavaScript: Not experienced | HTML, CSS: Not experienced",[],[],66.66666666666666,False
272,3536973b-2781-4bb3-9e77-71a52ff25e14,240060,"HTML, CSS, Bootstrap, JavaScript, jQuery, ReactJS, Java, JDBC, MySQL, Visual Studio Code, Netlify","React: Senior | JavaScript: Junior | HTML, CSS: Junior","['javascript: junior', 'html: junior', 'css: junior']","['javascript: junior', 'html: junior', 'css: junior']",100.0,False
273,c6d4646b-80f5-4e2e-8376-ac16cfe97faa,305158,"JavaScript, TypeScript, HTML, CSS, React, Next.js, Vue.js, Nuxt.js, Angular 8, Jest, React Testing Library, React Query, MUI, Storefront UI, Tremor, Tailwind","React: Senior | JavaScript: Mid-level | HTML, CSS: Junior","['html: junior', 'css: junior']","['html: junior', 'css: junior']",100.0,False
274,65d78a4d-3453-4c49-8a9c-1ce72722b4af,246816,"Java, JavaScript, Python, ReactJS, HTML, CSS, NodeJS, SQL, Object-Oriented Programming, Data Structures & Algorithms","React: Junior | JavaScript: Junior | HTML, CSS: Junior","['react: junior', 'javascript: junior', 'html: junior', 'css: junior']","['react: junior', 'javascript: junior', 'html: junior', 'css: junior']",100.0,False
275,fccc8f61-0c43-4fba-b79d-7f9cf0c04ba0,275551,"C++, HTML, CSS, JavaScript, Java, SQL, Tailwind CSS, VSCode, Git, GitHub, React JS","React: Junior | JavaScript: Junior | HTML, CSS: Junior","['react: junior', 'javascript: junior', 'html: junior', 'css: junior']","['react: junior', 'javascript: junior', 'html: junior', 'css: junior']",100.0,False
276,d2b0f226-4680-4b63-bf88-58e71ec62c44,278614,"HTML, CSS, JavaScript, C#, Next.js, React, MUI, .NET, Git, IntelliJ, AWS CloudWatch, Postman, Grafana, MySQL, Jest, Cypress","React: Not experienced | JavaScript: Not experienced | HTML, CSS: Not experienced",[],[],100.0,False
277,dec67814-ff8d-43bf-b711-c1d0992f5c9a,253627,"Next.js, React, Angular, Node.js, Hubspot, PPTGen.js, Laravel, JavaScript, TypeScript, HTML, CSS3, Ionic, Chakra, Bootstrap, Git, Postman","React: Junior | JavaScript: Junior | HTML, CSS: Junior","['react: junior', 'javascript: junior', 'html: junior', 'css: junior']","['react: junior', 'javascript: junior', 'html: junior', 'css: junior']",100.0,False
278,7a76f108-d033-4ed4-9087-4fed113319b4,274442,"HTML, CSS, Styled Components, Tailwind, ShadCN, JavaScript, React, Next.js, Vue.js, TypeScript, Motion, Strapi, Bootstrap, Foundation, Materialize, PHP, WordPress, Laravel, Symfony, SQL, MySQL, Visual Basic 6, MS SQL Server","React: Junior | JavaScript: Junior | HTML, CSS: Junior","['react: junior', 'javascript: junior', 'html: junior', 'css: junior']","['react: junior', 'javascript: junior', 'html: junior', 'css: junior']",100.0,False
279,3b1b2984-1cb6-49af-88ef-008af8655315,255047,"HTML, CSS, React, Next.js, TypeScript, RESTful APIs, Node.js","React: Senior | JavaScript: Junior | HTML, CSS: Junior","['javascript: junior', 'html: junior', 'css: junior']","['html: junior', 'css: junior']",66.66666666666666,False
280,dc319bae-a4f7-41d2-a601-ace21e8436d2,244018,"C++, HTML, CSS, JavaScript, MongoDB, Firebase, SQL, VS Code, Git, GitHub, STL, React Router, Bootstrap, React.js, Node.js, Express.js","React: Not experienced | JavaScript: Junior | HTML, CSS: Junior","['javascript: junior', 'html: junior', 'css: junior']","['javascript: junior', 'html: junior', 'css: junior']",100.0,False
281,43314674-af65-4b0b-a566-8d0284e092d4,273390,"JavaScript, TypeScript, React, Python, Flask, Java, HTML, CSS, MySQL, MongoDB, Spring Boot, RESTful APIs, Object-Oriented Programming, Responsive Design, API Design, API Integration, jQuery, Bootstrap, Node.js, Express.js, AWS, Git, GitHub, Password Encryption, JWT, HTTP-only Cookies, Request Limiters, ReCaptcha, Google Login","React: Junior | JavaScript: Junior | HTML, CSS: Junior","['react: junior', 'javascript: junior', 'html: junior', 'css: junior']","['react: junior', 'javascript: junior', 'html: junior', 'css: junior']",100.0,False
282,b844bf8b-41fb-4ccf-a4d2-268e162d1020,269991,"PHP, Node.js, React.js, JavaScript, HTML, CSS, Windows, Linux, XAMPP, WAMP, MySQL, MongoDB, Visual Studio Code, CodeIgniter, Laravel, Express.js, Git, AWS, Jira, Docker","React: Junior | JavaScript: Junior | HTML, CSS: Junior","['react: junior', 'javascript: junior', 'html: junior', 'css: junior']","['react: junior', 'javascript: junior', 'html: junior', 'css: junior']",100.0,False
283,6f0b66b3-214a-4f7b-88a5-eeac3934ba79,282514,"React.js, Next.js, React Native, Node.js, MongoDB, Nest.js, AWS, Firebase, Student Engagement, Leadership, Event Planning, Event Management, Project Management, Agile Methodologies, Database Optimization, Process Optimization, Volunteer Work, Community Work","React: Junior | JavaScript: Not experienced | HTML, CSS: Junior","['react: junior', 'html: junior', 'css: junior']",['react: junior'],66.66666666666666,False
284,80c117c1-309c-4ef5-af67-124c69743b38,240242,"React, JavaScript, HTML, CSS","React: Mid-level | JavaScript: Junior | HTML, CSS: Junior","['javascript: junior', 'html: junior', 'css: junior']","['javascript: junior', 'html: junior', 'css: junior']",100.0,False
285,87d53de4-914c-4081-9a2b-bbb8be4b7fc4,252293,"JavaScript, CSS3, HTML5, ReactJS, Redux, Redux Toolkit, Rest API, React Router, Material UI, MySQL, Git, Postman, VS Code, JIRA, React Testing Tool, Jest","React: Junior | JavaScript: Junior | HTML, CSS: Junior","['react: junior', 'javascript: junior', 'html: junior', 'css: junior']","['react: junior', 'javascript: junior', 'html: junior', 'css: junior']",100.0,False
286,dd9d0edf-04b7-4eaf-b9fd-337cef6bd32b,254480,"HTML5, CSS3, JavaScript, React JS, Redux, Tailwind CSS, Formik, Yup, Material UI, Swagger, GitHub","React: Mid-level | JavaScript: Mid-level | HTML, CSS: Junior","['html: junior', 'css: junior']","['html: junior', 'css: junior']",100.0,False
287,ccb6e797-b786-4800-b824-222ee765e369,288848,"JavaScript, TypeScript, ReactJS, Next.js, Redux, jQuery, Webpack, Jest, SonarQube, Sentry, Grafana, Dozzle, HTML5, CSS3, Sass, Semantic HTML, Animation Frameworks, Agile Development, System Design, MVP Application Design, Junit, Mocha, Git","React: Mid-level | JavaScript: Junior | HTML, CSS: Junior","['javascript: junior', 'html: junior', 'css: junior']","['javascript: junior', 'html: junior', 'css: junior']",100.0,False
288,3d5ee74c-828a-40d7-9d89-1afeaf8256fe,270522,"Python, JavaScript, React.js, HTML5, CSS3, Redux, Node.js, Express.js, Postman, MySQL, PostgreSQL, DSA, Problem Solving, Git, GitHub, Sequelize, Linux, Agile Methodology, SDLC, Tailwind CSS, FastAPI, MongoDB","React: Mid-level | JavaScript: Mid-level | HTML, CSS: Mid-level",[],[],100.0,False
289,e54ed9f3-16e4-4718-b6bc-e451490a915e,259341,"Infrastructure as Code, Continuous Integration/Continuous Deployment, Containerization, Scripting, Data Processing, Monitoring and Logging, Security and Compliance, Networking, Automation, Version Control, Database Administration","React: Junior | JavaScript: Junior | HTML, CSS: Junior","['react: junior', 'javascript: junior', 'html: junior', 'css: junior']",[],0.0,False
290,9912a35c-0e5b-4c44-880e-69f5295c687d,280769,"C#, Python, MVVM Architecture, MATLAB, HTML5, CSS, JavaScript, Bootstrap, Jupyter Notebook, SQL, React, Angular, .NET, Node.js, Adobe XD, Photoshop, Dreamweaver, SharePoint, Microsoft Office, SciKit-Learn, NumPy, SciPy, Plotly, Pandas, PyTorch, TensorRT, NVIDIA CUDA, MongoDB, TensorFlow, Tableau, Seaborn, OpenCV, GCC, CMake, Make, Linux, Slurm, OpenMPI, IMPI, MPICH, CUDA, GitHub, Bitbucket, Git, PyCharm, Microsoft Visual Studio, C, C++, Django","React: Senior | JavaScript: Mid-level | HTML, CSS: Mid-level",[],[],100.0,False
291,2a35c795-a9cb-49e6-a8bc-c34e01219538,274090,"Python, JavaScript, PHP, Java, ReactJS, React Native, Angular, AngularJS, Ionic, MySQL, PostgreSQL, Scrum, Jupyter Notebook, Selenium, Jenkins, SonarQube, Unit Testing, Docker, Dialogflow, Trello, TensorFlow, scikit-learn, AWS, Spring Boot, Odoo, XML, REST APIs, Pandas, NumPy, Keras, Git, Android Studio, Swagger, FullCalendar, Node.js, Bower","React: Junior | JavaScript: Junior | HTML, CSS: Junior","['react: junior', 'javascript: junior', 'html: junior', 'css: junior']","['react: junior', 'javascript: junior']",66.66666666666666,False
292,204e1ad8-243f-4ef0-8c88-dbf9b3eca495,277234,"JavaScript, TypeScript, Python, C++, Data Structures and Algorithms, Object-Oriented Programming, UNIX Commands, Git, Bootstrap, Tailwind CSS, FastAPI, ReactJS, Node.js","React: Junior | JavaScript: Junior | HTML, CSS: Junior","['react: junior', 'javascript: junior', 'html: junior', 'css: junior']","['react: junior', 'javascript: junior', 'css: junior']",66.66666666666666,False
293,18995bf7-d855-4b29-b6fe-17be94ce0990,287637,"JavaScript, TypeScript, React.js, Next.js, Redux, GitHub, VS Code, UI Libraries, Node.js, MySQL, Tailwind CSS, PostgreSQL, Python, Django","React: Mid-level | JavaScript: Mid-level | HTML, CSS: Mid-level",[],[],66.66666666666666,False
294,9d0cdc36-1257-4fa4-ba2e-b73a1774be56,281386,"Java, JavaScript, SQL, HTML, CSS, React, Node.js, Express.js, MongoDB, REST APIs, OOPS, DBMS, Operating System, Git, GitHub, VS Code, Eclipse, Postman, Communication, Problem Solving, Teamwork","React: Mid-level | JavaScript: Junior | HTML, CSS: Junior","['javascript: junior', 'html: junior', 'css: junior']","['javascript: junior', 'html: junior', 'css: junior']",100.0,False
295,a0996293-d79d-44bf-b608-37637aad16af,280665,"Java, Python, C, JavaScript, TypeScript, J2EE, PHP, SQL, Node.js, HTML, CSS, SCSS, React.js, AngularJS, Vue.js, Bootstrap, Material-UI, Tailwind CSS, Spring Boot, Django, Express.js, Flask, RESTful APIs, Microservices, GraphQL, AWS, Docker, Kubernetes, Prometheus, Grafana, Jenkins, ELK Stack, Kafka, CI/CD, Git, GitHub Actions, MySQL, PostgreSQL, MongoDB, CockroachDB, Oracle, BigQuery, MSSQL, Firebase, JUnit, Selenium, Cypress, Jest, Mocha, Chai, Agile methodology, TDD, BDD","React: Mid-level | JavaScript: Mid-level | HTML, CSS: Junior","['html: junior', 'css: junior']","['html: junior', 'css: junior']",100.0,True
296,3de4f85e-06f7-40a0-af08-14112a870c11,239680,"JavaScript, TypeScript, React, Next.js, Redux, Vue.js, VueX, Nuxt.js, Git, Tailwind CSS, Bootstrap, Docker, MySQL, HTML, CSS, SCSS","React: Junior | JavaScript: Junior | HTML, CSS: Junior","['react: junior', 'javascript: junior', 'html: junior', 'css: junior']","['react: junior', 'javascript: junior', 'html: junior', 'css: junior']",100.0,False
297,00f6a981-e25c-4ea6-aa1b-5a0a39f51917,264903,"PHP, Laravel, Python, Django, JavaScript, Node.js, Vue.js, React, Server Architecture, Mentoring, Team Leadership, Software Development, Documentation, Software Testing, Validation Procedures, User Needs Analysis, Software Requirements, Feasibility Analysis, Performance Improvement, Error Correction, Hardware Adaptation, Interface Upgrades, System Design, Maintenance, Consultation, System Installation, Equipment Training, Supervision, Work Assignment, Project Planning, Hardware Configuration, Security Restrictions, Web Development, Content Creation, Digital Media, Conflict Resolution, Technical Requirements, Database Development, Technical Assistance, Code Evaluation, Industry Standards, Browser Compatibility, Device Compatibility, Operating System Compatibility, Performance Requirements, Customer Problem Resolution, Web Page Content, Website Updates","React: Senior | JavaScript: Junior | HTML, CSS: Junior","['javascript: junior', 'html: junior', 'css: junior']",['javascript: junior'],66.66666666666666,False
298,b40fe6e2-c3f9-4b3d-9d3f-63181ce2ea5e,271998,"HTML5, CSS, JavaScript, React.js, Node.js, Express.js, MongoDB, REST APIs, VS Code, Git, GitHub, Logical and Critical Thinking, Adaptability & Continuous Learning, Problem-Solving, Teamwork and Collaboration, Communication, Attention to Detail, Time Management","React: Junior | JavaScript: Not experienced | HTML, CSS: Junior","['react: junior', 'html: junior', 'css: junior']","['react: junior', 'html: junior', 'css: junior']",100.0,False
299,4902c7b3-d5a4-454b-aea0-313b78c50c34,285371,"JavaScript, TypeScript, React, Node.js, React Native, Next.js, Expo, Kotlin","React: Mid-level | JavaScript: Junior | HTML, CSS: Junior","['javascript: junior', 'html: junior', 'css: junior']",['javascript: junior'],66.66666666666666,False
300,6ca30a9f-80ca-430e-b464-bf9f99fd6b39,282078,"React, Angular, TypeScript, JavaScript, Node.js, Webpack, Atomic Design, Google Tag Manager, Ad Management, DOM Manipulation","React: Not experienced | JavaScript: Junior | HTML, CSS: Junior","['javascript: junior', 'html: junior', 'css: junior']",['javascript: junior'],66.66666666666666,False
301,726a3ab1-7727-414c-849b-2d164689e0d5,275104,"HTML, CSS, HTML5, CSS3, Angular, Angular Material, NGRX, RXJS, React, Node.js, Java, Spring Boot, Cypress, JavaScript, ES6, Kendo UI, AngularJS, jQuery, Bootstrap, Accessibility, ARIA, Photoshop, Jasmine, Karma, Chromeless, PhantomJS, Webpack, Grunt, Angular CLI, Babel, Jenkins, FFMPEG, JIRA, IntelliJ, Eclipse, Visual Studio Code, GitHub, Oracle, Apache, Tomcat, SASS","React: Junior | JavaScript: Junior | HTML, CSS: Junior","['react: junior', 'javascript: junior', 'html: junior', 'css: junior']","['react: junior', 'javascript: junior', 'html: junior', 'css: junior']",100.0,False
302,5395baa2-0ed9-44da-82a0-71df874fd4d0,267340,"Java, Kotlin, C#, Python, ASP.NET, Node.js, Express.js, React.js, Android Studio, HTML5, CSS3, Bootstrap, Tailwind CSS, JavaScript, Object-Oriented Programming, Full-Stack Development, API Creation, SQL Server, MySQL, MongoDB, Microsoft SQL Queries, Cursor, Stored Procedures, Triggers, Crystal Reports, RDLC Reports, Data Analytics, Troubleshooting, Effective Communication, Collaboration, Attention to Detail","React: Junior | JavaScript: Junior | HTML, CSS: Junior","['react: junior', 'javascript: junior', 'html: junior', 'css: junior']","['react: junior', 'javascript: junior', 'html: junior', 'css: junior']",100.0,False
303,65211110-7808-4bad-9c5f-864c8ce728fc,255721,"Python, Django, Machine Learning, Predictive Analytics, Web Development, Team Leadership, Open Source Contribution, System Optimization, Database Query Optimization, JavaScript, SASS, CSS, HTML, MySQL","React: Not experienced | JavaScript: Junior | HTML, CSS: Junior","['javascript: junior', 'html: junior', 'css: junior']","['javascript: junior', 'html: junior', 'css: junior']",66.66666666666666,False
304,2fe8fbec-0599-4aec-a1ed-d49f23308969,271720,"HTML, CSS, JavaScript, React, Tailwind CSS, Next.js, Figma, Google My Business, Problem Solving","React: Not experienced | JavaScript: Not experienced | HTML, CSS: Not experienced",[],[],100.0,False
305,10fc0cac-a957-44ad-94c8-46f465be2970,278653,"Python, JavaScript, Java, C, C++, MIPS Assembly, SQL, PostgreSQL, SQLite, MySQL, HTML, CSS, MongoDB, Firebase, React, React Native, Flask, Next.js, Chakra UI, Tailwind CSS, Bootstrap, REST API, AWS, Git, Docker, Kubernetes, Postman, Figma, Node.js, Express.js, EJS","React: Junior | JavaScript: Junior | HTML, CSS: Junior","['react: junior', 'javascript: junior', 'html: junior', 'css: junior']","['react: junior', 'javascript: junior', 'html: junior', 'css: junior']",100.0,False
306,a0907c3d-9f7c-4463-b020-97955169058d,258366,"JavaScript, Python, PHP, C++, C#, TypeScript, SQL, React, Tailwind, Bootstrap, Node.js, Laravel, CodeIgniter, Flutter, React Native, AWS, EC2, S3, RDS, DynamoDB, IAM, API Gateway, Docker, Jenkins, RabbitMQ, MySQL, MongoDB, Git, GitHub, Postman, Figma, Jira, Jupyter Notebook, SwaggerHub, Vue.js, Angular, SASS, Kubernetes, Terraform, Scrum, Kanban, Software Architecture, Microservices, Event-Driven Systems, Java, Go, Rust, Ruby, Apache Spark, Presto, Hadoop","React: Junior | JavaScript: Junior | HTML, CSS: Junior","['react: junior', 'javascript: junior', 'html: junior', 'css: junior']","['react: junior', 'javascript: junior']",66.66666666666666,False
307,1fb8d2b2-2ddf-4272-84e4-29fd736e6bab,272936,"Java, JavaScript, MySQL, React, HTML, CSS, AWS, EC2, S3, RDS, Git, Docker","React: Not experienced | JavaScript: Junior | HTML, CSS: Junior","['javascript: junior', 'html: junior', 'css: junior']","['javascript: junior', 'html: junior', 'css: junior']",100.0,False
308,d07f8832-76ff-4974-8f4c-d28169350700,281783,"HTML, CSS, JavaScript, Bootstrap, React JS, MySQL, MongoDB, Node.js, Express","React: Junior | JavaScript: Junior | HTML, CSS: Junior","['react: junior', 'javascript: junior', 'html: junior', 'css: junior']","['react: junior', 'javascript: junior', 'html: junior', 'css: junior']",100.0,False
309,7b78d905-4857-4faa-9aa4-99237333d1c6,266055,"Java, Spring Boot, React Native, Next.js, React.js, Node.js, MongoDB, Express, Redux, React Router, JavaScript, Tailwind CSS, Material-UI, GitHub, Git","React: Junior | JavaScript: Junior | HTML, CSS: Junior","['react: junior', 'javascript: junior', 'html: junior', 'css: junior']","['react: junior', 'javascript: junior', 'css: junior']",66.66666666666666,False
310,a7801c2a-3747-4842-9839-87deefebe677,281213,"Core Java, C Programming, SQL, JavaScript, HTML, CSS, SCSS, Flask, Git, GitHub, Django, MongoDB, MySQL, Team Work, Time Management, Decision Making","React: Junior | JavaScript: Junior | HTML, CSS: Junior","['react: junior', 'javascript: junior', 'html: junior', 'css: junior']","['javascript: junior', 'html: junior', 'css: junior']",66.66666666666666,False
311,dcea6561-b1b2-4700-958a-b9193a5da68d,256646,"React, Angular, AngularJS, HTML5, CSS3, JavaScript, SASS, TypeScript, Bootstrap, Fluent UI, Angular Material, SQL, Git, Webpack, Babel, JIRA","React: Mid-level | JavaScript: Junior | HTML, CSS: Junior","['javascript: junior', 'html: junior', 'css: junior']","['javascript: junior', 'html: junior', 'css: junior']",100.0,False
312,ab053a86-632d-4526-9a86-8293b90ae6ab,266078,"HTML5, CSS3, JavaScript, React.js, Tailwind CSS, WordPress, Contentful, SEMRush, Screaming Frog, Google Analytics, Google Tag Manager, Canva, Figma, CMS, SEO Optimization, Performance Optimization, Web Development, C, C++, Arduino, HootSuite, TweetDeck, Onlywire, Buffer, MATLAB","React: Junior | JavaScript: Junior | HTML, CSS: Junior","['react: junior', 'javascript: junior', 'html: junior', 'css: junior']","['react: junior', 'javascript: junior', 'html: junior', 'css: junior']",100.0,False
313,dfc65e0d-5f22-4f20-bef4-84e463cb216a,268707,"HTML5, CSS3, JavaScript, React.js, Teamwork, RESTful APIs, Time Management, Git, GitHub, GitLab, Effective Communication, Problem Solving","React: Junior | JavaScript: Junior | HTML, CSS: Junior","['react: junior', 'javascript: junior', 'html: junior', 'css: junior']","['react: junior', 'javascript: junior', 'html: junior', 'css: junior']",100.0,False
314,b547f483-0654-4c39-93b8-c1d1740fc546,280376,"JavaScript, TypeScript, React, React Native, Next.js, Redux, Tailwind CSS, HTML5, CSS3, SCSS, Styled-Components, Shadcn/UI, Ant Design, Context API, Storybook, Figma, Zeplin, Git, ESLint, Prettier, Android Studio, Xcode, Mixpanel, Play Console, App Store Connect, Jest, React Testing Library, Cypress, Postman, Insomnia, Proxyman, TDD, React Query, Firebase, Lottie, Axios, Sanity.io","React: Mid-level | JavaScript: Junior | HTML, CSS: Junior","['javascript: junior', 'html: junior', 'css: junior']","['javascript: junior', 'html: junior', 'css: junior']",100.0,False
315,0c9a0f72-52ed-4988-b0fa-7168862fd6c4,242816,"HTML, CSS, JavaScript, React, Tailwind CSS, Firebase, Node.js, Express.js","React: Junior | JavaScript: Junior | HTML, CSS: Not experienced","['react: junior', 'javascript: junior']","['react: junior', 'javascript: junior']",100.0,False
316,616e0e1c-5b74-4e1d-8343-140093991565,279780,"HTML, CSS, JavaScript, Python, Django, Excel, PowerPoint, MySQL, Pycharm, Jupyter Notebook, Visual Studio Code, Rapport Building, People Management, Good Communication","React: Junior | JavaScript: Mid-level | HTML, CSS: Mid-level",['react: junior'],[],66.66666666666666,False
317,cedc70de-7b02-4f64-a319-e432a1cd1d6d,253853,"Python, SQL, Git, Pandas, NumPy, JavaScript, Agile, Machine Learning, AWS, Google Cloud, OOPS Concepts, Algorithms, Data Structures, C++, Java, HTML, CSS, Cloud Computing","React: Mid-level | JavaScript: Mid-level | HTML, CSS: Mid-level",[],[],66.66666666666666,True
318,eb465f9a-a9c6-427d-a39f-ea37cc2913b3,263854,"HTML, CSS, JavaScript, Vue.js, React.js, ASP.NET MVC, WordPress","React: Junior | JavaScript: Junior | HTML, CSS: Junior","['react: junior', 'javascript: junior', 'html: junior', 'css: junior']","['react: junior', 'javascript: junior', 'html: junior', 'css: junior']",100.0,False
319,e6d8fd44-16cc-4e3b-a0c3-9b1a1f07ba83,271214,"HTML, Java, Python, SQL, Flutter, IoT, C++, Spring Boot, JavaScript, React.js, Team Leadership, Management & Coordination, Decision Making, Data Structures and Algorithms","React: Mid-level | JavaScript: Junior | HTML, CSS: Junior","['javascript: junior', 'html: junior', 'css: junior']","['javascript: junior', 'html: junior']",100.0,False
320,dc7739bf-061e-4390-8514-75410e705fa0,267381,"Java, C#, C++, HTML, CSS, JavaScript, Angular, SQL, .NET","React: Not experienced | JavaScript: Junior | HTML, CSS: Junior","['javascript: junior', 'html: junior', 'css: junior']","['javascript: junior', 'html: junior', 'css: junior']",66.66666666666666,False
321,b9fd1b0a-6e81-4c4f-a84c-2eefb64fa8e6,275243,"React, JavaScript, HTML, CSS, React Native, TypeScript, Jest, Express.js, Redux, Node.js, Git, MongoDB","React: Mid-level | JavaScript: Junior | HTML, CSS: Junior","['javascript: junior', 'html: junior', 'css: junior']","['javascript: junior', 'html: junior', 'css: junior']",100.0,False
322,13e72ae1-9a33-401a-9ad3-b736c2423e38,277254,"Python, Java, JavaScript, Go, Django, Flask, ReactJS, Node.js, MySQL, MongoDB, Git, Docker, Kubernetes, CI/CD, AWS, Google Cloud Platform, Natural Language Processing, Machine Learning, scikit-learn, NLTK, Pandas, Elasticsearch, NumPy, TensorFlow, SQL, Advanced Python Programming, Software Architecture, Scalable System Design, API Development, Agile Methodology, Scrum Methodology","React: Junior | JavaScript: Junior | HTML, CSS: Junior","['react: junior', 'javascript: junior', 'html: junior', 'css: junior']","['react: junior', 'javascript: junior']",66.66666666666666,False
323,a176ded2-24a3-4f05-a591-233ee31784f0,260702,"SQL, JavaScript, TypeScript, React, Next.js, Node.js, Python, PHP, Laravel, Solidity, Rust, DeFi, NFTs, Layer 2, RESTful APIs, GraphQL, WebSockets, Docker, AWS, CI/CD, Web3, Security, Scalable Applications","React: Senior | JavaScript: Mid-level | HTML, CSS: Mid-level",[],[],66.66666666666666,False
324,1ab66b05-8071-466d-81db-b356fb7df16b,254365,"JavaScript, ES6, React.js, HTML5, CSS3, DOM, TypeScript, TailwindCSS, Redux Toolkit, MaterialUI, Data Structures, Algorithms, System Design, GraphQL, React Query, Webpack, Node.js, Express, MongoDB, Micro Frontend, Jest, Git, Java, OOP, React Native, Next.js","React: Senior | JavaScript: Junior | HTML, CSS: Junior","['javascript: junior', 'html: junior', 'css: junior']","['javascript: junior', 'html: junior', 'css: junior']",100.0,False
325,142e1d88-3316-4ec5-bdf9-52f9d21cb69b,287715,"ReactJS, JavaScript, Tailwind CSS, HTML, CSS, Redux, Zustand, Vue.js, Bootstrap, Material UI, TypeScript, MySQL, Supabase, Git, GitHub, GitLab, NPM, Vite, Webpack, Babel, API Integration","React: Mid-level | JavaScript: Junior | HTML, CSS: Junior","['javascript: junior', 'html: junior', 'css: junior']","['javascript: junior', 'html: junior', 'css: junior']",100.0,False
326,ed388aed-d81a-4aaf-8b08-df0e386b5d85,250072,"Communication, Leadership, Time Management, Teamwork, HTML, CSS, Android, Cloud Computing, Python, Java","React: Not experienced | JavaScript: Junior | HTML, CSS: Junior","['javascript: junior', 'html: junior', 'css: junior']","['html: junior', 'css: junior']",33.33333333333333,False
327,4a97a7d6-5704-4ed7-8823-54e7361ad49b,260275,"React, HTML, CSS, JavaScript, React Native, Node.js, NestJS, Git, Angular, Java, Spring Boot, C#, .NET, Unity","React: Junior | JavaScript: Junior | HTML, CSS: Not experienced","['react: junior', 'javascript: junior']","['react: junior', 'javascript: junior']",100.0,False
328,d4b5cedc-e415-408b-a178-c04d8f4f156d,282273,"C, C++, Python, HTML, CSS, JavaScript, SQL, Visual Studio Code, Google Cloud Platform, AWS, GitHub, Alibaba Cloud, ReactJS, Database Management System, Data Structures, Object Oriented Programming, Artificial Intelligence, Cloud Computing, Operating Systems, Computer Networks","React: Junior | JavaScript: Mid-level | HTML, CSS: Mid-level",['react: junior'],['react: junior'],100.0,False
329,c28af576-fbfe-4346-b7dd-e7704a9d54a9,277217,"React.js, Redux, JavaScript, HTML, CSS, Tailwind CSS, Microsoft Azure, Sitecore, Coveo Search, Akamai CDN, Azure DevOps, Git, CI/CD Pipelines, MongoDB","React: Mid-level | JavaScript: Junior | HTML, CSS: Junior","['javascript: junior', 'html: junior', 'css: junior']","['javascript: junior', 'html: junior', 'css: junior']",100.0,False
330,4fc86a0d-d3f5-49aa-8329-7072fdada0cf,263635,"Full Stack Development, E-commerce Solutions, Payment Gateway Integration, Web Performance Optimization, Process Optimization, AI Technologies, Digital Signature, UX/UI Design, Agile Development, Scrum, Kanban, Team Leadership, Technical Architecture, Scalability, SEO, Web Security, Remote Work Management, Operational Efficiency, Cross-departmental Collaboration, Client Base Expansion, Strategic Direction, Innovation, Public Administration Systems, Custom System Development, Support Ticket Management, Customer Service, Email Marketing, Web Content Management, Networking, Marketing Consulting, Social Media Integration, Online Marketing, GPL Platforms, Prestashop, Magento, Wordpress, ApplePay, GooglePay, Traction Methodology, Documentation, Coding, Team Communication, Sales Growth, Delegation, Snowboarding, Surfing, Scuba Diving, Chess","React: Junior | JavaScript: Junior | HTML, CSS: Junior","['react: junior', 'javascript: junior', 'html: junior', 'css: junior']",[],0.0,False
331,54bfdb76-55e3-4aef-9940-409dd7cdb635,240384,"JavaScript, TypeScript, Python, PHP, React, Vue, Nuxt, Node.js, Express, Django, Docker, Git, GitHub Actions, Azure, Google Cloud, MySQL, PostgreSQL, Supabase, OpenAI, Langchain, HTML, CSS, SASS, Compass, Drupal, Netbeans, Visual Basic, React Ionic, Redux, Redis, Vercel, Stripe, Project Management, Problem-solving, Team Leadership, Communication, Spanish, English, Italian, French, Dutch","React: Mid-level | JavaScript: Mid-level | HTML, CSS: Junior","['html: junior', 'css: junior']","['html: junior', 'css: junior']",100.0,False
332,53ccbe5c-84d8-40e6-88ed-179d6d0d5ec5,283405,"HTML, CSS, JavaScript, Bootstrap, Tailwind CSS, Material UI, SCSS, Chakra UI, Radix UI, SASS, GitHub, Vue-Bootstrap, React-Bootstrap, Responsive Design, React.js, Redux, Vue.js, Next.js, Angular.js, Nuxt.js, TypeScript, Jira, Agile/Scrum, Git, Asana, Linear","React: Junior | JavaScript: Junior | HTML, CSS: Junior","['react: junior', 'javascript: junior', 'html: junior', 'css: junior']","['react: junior', 'javascript: junior', 'html: junior', 'css: junior']",100.0,False
333,ff9f1089-47d6-404c-baed-09b9af1d357d,267296,"React, HTML5, CSS3, JavaScript, Git, GitHub, WordPress, RESTful APIs, TypeScript, Tailwind CSS, ReactJs, Bootstrap, Responsive Web Design, Version Control, NextJs, Material UI, UI Design, Figma, Jira, Code Debugging, CI/CD, Browser Developer Tools, Agile/Scrum Methodologies, Trello, Visual Studio Code, Redux, Team Collaboration, Problem Solving, Operational Execution, Effective Communication, Emotional Intelligence, Leadership, Operations Management, Time Management, Writing Skills","React: Mid-level | JavaScript: Mid-level | HTML, CSS: Junior","['html: junior', 'css: junior']","['html: junior', 'css: junior']",100.0,False
334,afc514e7-5662-49a6-b803-03d212f96291,296926,"React, Next.js, TypeScript, Redux, React-Query, Ethers.js, Wagmi, MetaMask, Docker, TradingView SDK, Gitlab-CI, Vite, Ant-Design, Tailwind, Material-UI, Jest, GraphQL, Webpack, jQuery, Angular 7, Spring Framework, Javascript, Node.js, Npm, SCSS, Styled-components, UI/UX, Websockets, KYC","React: Mid-level | JavaScript: Junior | HTML, CSS: Junior","['javascript: junior', 'html: junior', 'css: junior']",['javascript: junior'],66.66666666666666,False
335,3e68963f-a5fe-4605-9811-2e802556eed3,277857,"React, TypeScript, Next.js, JavaScript, React Native, PostgreSQL, Tailwind CSS, Node.js, Express.js, Ruby on Rails, Redux, Firebase, WordPress, Agile, Accessibility Standards, Design Systems, Posthog, VOIP, SMS, Email, Automated Telephony, Multi-tenant, Responsive Design, Mobile-first, Interactive Telephony","React: Not experienced | JavaScript: Not experienced | HTML, CSS: Not experienced",[],[],66.66666666666666,False
336,6cee5bfe-7e92-41d0-a0c0-bd4f3271afa6,262297,"HTML, CSS, Python, JavaScript, React.js, Tailwind, Debugging, Java, MongoDB","React: Junior | JavaScript: Junior | HTML, CSS: Junior","['react: junior', 'javascript: junior', 'html: junior', 'css: junior']","['react: junior', 'javascript: junior', 'html: junior', 'css: junior']",100.0,False
337,175e9ebb-5f78-45cd-90b3-e7799f14fdd0,257356,"JavaScript, TypeScript, React, Redux, Angular, Bootstrap, Node.js, Express, MongoDB, Visual Studio, Visual Studio Code, Postman, GitHub, AWS","React: Junior | JavaScript: Junior | HTML, CSS: Junior","['react: junior', 'javascript: junior', 'html: junior', 'css: junior']","['react: junior', 'javascript: junior']",66.66666666666666,False
338,e1667326-de71-4e17-8861-eec40e024d9e,245082,"Vue.js, React, JavaScript, TypeScript, HTML, CSS, Python, Git, NPM, Jest, Cypress, MySQL, Photoshop, Illustrator, Figma, Scrum, Campaign Automation, Email Responsive Design","React: Junior | JavaScript: Junior | HTML, CSS: Junior","['react: junior', 'javascript: junior', 'html: junior', 'css: junior']","['react: junior', 'javascript: junior', 'html: junior', 'css: junior']",100.0,False
339,bde11ad9-a43d-4f0e-add8-b659fa9940d0,284787,"C, Java, Python, JavaScript, SQL, HTML, CSS, VS Code, IntelliJ IDEA, ReactJS, Critical thinking, Strong Communication, Leadership, Versatile","React: Mid-level | JavaScript: Mid-level | HTML, CSS: Junior","['html: junior', 'css: junior']","['html: junior', 'css: junior']",100.0,True
340,895df017-3d36-4c0c-8782-f5d28bf280e1,259060,"Python, Flask, JavaScript, React.js, SQLAlchemy, Git, GitHub, Software Development, HTML, CSS, SQL, ReactNative","React: Junior | JavaScript: Junior | HTML, CSS: Junior","['react: junior', 'javascript: junior', 'html: junior', 'css: junior']","['react: junior', 'javascript: junior', 'html: junior', 'css: junior']",100.0,False
341,32a9982f-b9e7-42e4-bc7c-93651ace9bf6,278073,"HTML, CSS, SCSS, JavaScript, TypeScript, Astro, Bootstrap, Tailwind CSS, Framer Motion, Animatable, Node.js, Express.js, RESTful APIs, API, Automation, React.js, Angular, Next.js, Three.js, React Three Fiber, Animation, React Three Drei, 3D Modeling, GSAP, React Native, Expo, MongoDB, MySQL, CSV, Data Extraction, JSON, Modular, Selenium, Unit Testing, Algorithms, Data Structures, Scalable System Design, Peer Code Reviews, Agile Methodology, Object-Oriented Design, Git, GitHub, CI/CD, Appwrite, WebSockets, Stripe, Mux, NextAuth, NX, HTTP, REST, OpenAI APIs, AI-driven Design, Machine Learning","React: Junior | JavaScript: Senior | HTML, CSS: Junior","['react: junior', 'html: junior', 'css: junior']","['react: junior', 'html: junior', 'css: junior']",100.0,False
342,8eb3037e-326a-4587-a027-b05193e3eca4,316635,"JavaScript, TypeScript, React.js, Next.js, Redux, Modern CSS, Tailwind CSS, Responsive Design, Cross-browser Compatibility, Git, GitHub, GitLab, NPM, Yarn, Trello, ProofHub, Jira, Slack, YouTrack, Google Analytics, REST API, ESLint, Agile Workflow, Troubleshooting, Business Analysis, A/B Testing","React: Junior | JavaScript: Junior | HTML, CSS: Junior","['react: junior', 'javascript: junior', 'html: junior', 'css: junior']","['react: junior', 'javascript: junior', 'css: junior']",66.66666666666666,False
343,6c75289a-2012-49bb-b073-01d1dd2852bf,267186,"HTML5, CSS, JavaScript, jQuery, AJAX, JSON, XML, Bootstrap, TailwindCSS, MaterialUI, ReactJS, Redux, Hooks, NextJS, Webpack, Chrome Developer Tools, Lighthouse, API Integration, WCAG 2.1, Aria, NVDA, Notepad++, Sublime Text, Microsoft Visual Studio, Visual Studio Code, IntelliJ, Jira, Trello, Jest, TypeScript, GraphQL, React-query, Axios, Storybook, Vite, PNPM, NPM, YARN, Node.js, Express, GitHub Actions, GitHub CICD, RESTful APIs, PostgreSQL, MySQL, MongoDB, Firebase, GitHub, MongoDB Compass, SQL Developer, Figma, Postman","React: Senior | JavaScript: Junior | HTML, CSS: Junior","['javascript: junior', 'html: junior', 'css: junior']","['javascript: junior', 'html: junior', 'css: junior']",100.0,False
344,df43a645-ec92-4e7c-a261-a694b992499a,277938,"JavaScript, React, React Native, Redux, TypeScript, HTML5, CSS3, Material UI, REST APIs, Unit Testing, Integration Testing, Webpack, Yarn, Redux Saga, ES6+, Styled Components, React Router, React Navigation, JSON, Git, Jest, Enzyme","React: Mid-level | JavaScript: Junior | HTML, CSS: Junior","['javascript: junior', 'html: junior', 'css: junior']","['javascript: junior', 'html: junior', 'css: junior']",100.0,False
345,5eb9db45-0702-48b2-82b5-b5ddf66756a3,289182,"React.js, JavaScript, HTML, CSS, Responsive Design, Material UI, Tailwind CSS, Git, GitHub, VS Code, Chrome DevTools, Python, MongoDB","React: Not experienced | JavaScript: Junior | HTML, CSS: Junior","['javascript: junior', 'html: junior', 'css: junior']","['javascript: junior', 'html: junior', 'css: junior']",100.0,False
346,6f4784a8-48e8-40c2-98fa-22bc18e5ad78,242007,"Vanilla CSS, Tailwind CSS, Python, HTML, Vanilla JavaScript, React.js, TypeScript, Node.js, Firebase","React: Junior | JavaScript: Junior | HTML, CSS: Junior","['react: junior', 'javascript: junior', 'html: junior', 'css: junior']","['react: junior', 'javascript: junior', 'html: junior', 'css: junior']",100.0,False
347,a0a6147e-2c99-44d6-97ab-cb2730720349,260410,"HTML, CSS, Bootstrap, Tailwind, JavaScript, TypeScript, React, React Native, Next.js, Context API, REST APIs, GraphQL, Expo Go, Redux, C++, Python, Node.js, Express.js, Mongoose, Firebase, AWS, Git, PostgreSQL, MongoDB, Postman","React: Not experienced | JavaScript: Not experienced | HTML, CSS: Not experienced",[],[],100.0,False
348,c105ccbb-c4f5-479d-8f59-c9d35c98b08d,240073,"HTML, CSS, JavaScript, ReactJS, Laravel, PHP, Node.js, MySQL, Python, C++","React: Junior | JavaScript: Junior | HTML, CSS: Not experienced","['react: junior', 'javascript: junior']","['react: junior', 'javascript: junior']",100.0,False
349,c75c98ab-ff8a-4d1c-9ee9-e64eec76e8cc,276121,"Python, SQL, Java, Pandas, NumPy, Excel, Word, MySQL, PostgreSQL, HTML, CSS3, JavaScript, jQuery, React.js, Redux, Node.js, Express.js, RESTful APIs, Matplotlib, Git, GitHub","React: Not experienced | JavaScript: Not experienced | HTML, CSS: Junior","['html: junior', 'css: junior']","['html: junior', 'css: junior']",100.0,False
350,68ba79b9-4176-4123-8c74-af86b7e3a2e0,249979,"C, C++, Java, HTML5, CSS3, JavaScript, SQL, Bootstrap, Tailwind CSS, jQuery, React, Data Structures and Algorithms","React: Junior | JavaScript: Junior | HTML, CSS: Junior","['react: junior', 'javascript: junior', 'html: junior', 'css: junior']","['react: junior', 'javascript: junior', 'html: junior', 'css: junior']",100.0,False
351,3b471335-8e24-40f6-9fac-e2bff4aacae9,283170,"HTML, CSS, JavaScript, C++, SQL, VS Code, Postman, PostgreSQL, Git, React.js, Express.js, REST API, Material UI, Prisma ORM, Shadcn/ui","React: Junior | JavaScript: Junior | HTML, CSS: Junior","['react: junior', 'javascript: junior', 'html: junior', 'css: junior']","['react: junior', 'javascript: junior', 'html: junior', 'css: junior']",100.0,False
352,636d462f-3a6f-4de4-91a7-3cef4b3b4ca2,241022,"JavaScript, TypeScript, C#, Python, ReactJS, Redux, Redux Saga, Lit Element, React Native, Node.js, Express, Mongoose, Redis, Django, SASS, PostCSS, Bootstrap, Tailwind CSS, Bulma, SCSS, Native Base, Styled Components, Figma, Storybook, Turbo, Vite, Webpack, Module Federation, OpenWC Testing, Jest, MongoDB, MySQL, Godot, Unity, Windows, Linux, Mac, Git, GitHub, Bitbucket, JIRA, ATLASSIAN Suite, Photoshop, Illustrator, After Effects","React: Junior | JavaScript: Junior | HTML, CSS: Junior","['react: junior', 'javascript: junior', 'html: junior', 'css: junior']","['react: junior', 'javascript: junior']",66.66666666666666,False
353,84057c00-0a55-4de2-a1ea-72dc6608dad2,288099,"JavaScript, HTML, CSS, ReactJS, PolymerJS, Git, Webpack, NPM, RESTful APIs, Agile Scrum, UX Design, Adobe Tools, Team Collaboration, Requirements Analysis","React: Junior | JavaScript: Junior | HTML, CSS: Junior","['react: junior', 'javascript: junior', 'html: junior', 'css: junior']","['react: junior', 'javascript: junior', 'html: junior', 'css: junior']",100.0,False
354,1ee02217-f99d-48f1-98d0-d561def7fce6,235471,"Llama, Python, Llama-CPP, Fine-Tuning LLM, Natural Language Processing, MongoDB, SQL, MySQL, PostgreSQL, Firebase, Database Design, Query Optimization, Normalization, Stored Procedures, Triggers, JavaScript, TypeScript, MERN, Next.js, Redux, MVC Architecture, Rest API, Fast API, Scraping","React: Junior | JavaScript: Junior | HTML, CSS: Junior","['react: junior', 'javascript: junior', 'html: junior', 'css: junior']","['react: junior', 'javascript: junior']",33.33333333333333,False
355,4419dace-eea8-4ee7-b53c-b6f2ee41eb79,272075,"JavaScript, TypeScript, React, Next.js, Node.js, Express, Java, Python, AWS, Microservices, Service-Oriented Architecture, Micro-frontends, Git, Nginx, Docker, UI/UX, HTML, CSS, Bootstrap, Material-UI, MongoDB, DGraph, MySQL, GraphQL, NoSQL, OOP, API Development, VAPT, Optimization, Integration, Design & Development, Requirements Gathering, Timeline Calculations","React: Senior | JavaScript: Junior | HTML, CSS: Junior","['javascript: junior', 'html: junior', 'css: junior']","['javascript: junior', 'html: junior', 'css: junior']",100.0,False
356,b41e8e63-1168-4d8c-b834-1e0c811b9e51,264763,"JavaScript, React, React Native, Node.js, TypeScript, PHP, NestJS, AWS, GCP, TypeORM, PostgreSQL, Git, GitHub, Continuous Integration/Continuous Deployment, BigQuery, Datadog, Segment, Sentry, UI/UX Design, Responsive HTML/CSS, Jasmine, Mocha, Chai, Manual Testing, Android, iOS, GraphQL, Firestore, GoLang, Python, MySQL, Firebase, Material-UI, SASS, Angular, Backbone, Selenium WebDriver, Redux","React: Mid-level | JavaScript: Junior | HTML, CSS: Mid-level",['javascript: junior'],['javascript: junior'],100.0,False
357,99e7217e-a0aa-4629-b5eb-4211175130bb,278844,"HTML, CSS, JavaScript, ReactJS, Redux, Bootstrap, Axios, JavaScript (ES6+), VSCode, GitHub","React: Senior | JavaScript: Mid-level | HTML, CSS: Mid-level",[],[],100.0,False
358,f685a9c5-f075-451c-8c5f-17fa8a6e7b21,264177,"Next.js, React.js, Node.js, Express.js, Redux, MongoDB, JavaScript, HTML, CSS, TypeScript, C, C++, SQL, Git, Material-UI, Ant Design, Bootstrap, Tailwind CSS","React: Junior | JavaScript: Junior | HTML, CSS: Mid-level","['react: junior', 'javascript: junior']","['react: junior', 'javascript: junior']",100.0,False
359,3acb6154-7863-4597-9f99-9b7f5a64113c,269617,"Java, JavaScript, SQL, C++, React.js, Bootstrap, MySQL, REST APIs, MERN Stack, Git, GitHub, AWS, Postman, Data Structures, Object-Oriented Programming, Operating Systems, Computer Networks","React: Junior | JavaScript: Junior | HTML, CSS: Junior","['react: junior', 'javascript: junior', 'html: junior', 'css: junior']","['react: junior', 'javascript: junior']",66.66666666666666,False
360,5835af1b-31e6-4093-93f3-eeafbbd9003d,290336,"C, C++, Java, HTML, CSS, JavaScript, Bootstrap, Tailwind, Material UI, React.js, SQL, VS Code, Git, GitHub","React: Junior | JavaScript: Junior | HTML, CSS: Junior","['react: junior', 'javascript: junior', 'html: junior', 'css: junior']","['react: junior', 'javascript: junior', 'html: junior', 'css: junior']",100.0,False
361,e32ddd82-1b98-4b38-b46c-f395efdb5dc0,255791,"Python, JavaScript, HTML, CSS, React.js, Node.js, Express.js, MongoDB, MySQL, VS Code, MS Office, Figma, Photoshop, After Effects, Canva","React: Not experienced | JavaScript: Not experienced | HTML, CSS: Junior","['html: junior', 'css: junior']","['html: junior', 'css: junior']",100.0,False
362,c5f2f750-1f7c-49cd-8d54-4cbe1eb80fe5,275815,"JavaScript, Python, React, Node.js, Langchain, FastAPI, Express, MongoDB, Prompt Engineering, UI Interfaces, RAG, Full Stack Proficiency, State Management Expertise","React: Mid-level | JavaScript: Junior | HTML, CSS: Junior","['javascript: junior', 'html: junior', 'css: junior']",['javascript: junior'],66.66666666666666,False
363,2209e230-7d39-4470-8ca9-7ced6097d730,262182,"TypeScript, JavaScript, HTML, CSS, SASS, React.js, Redux, MaterialUI, Styled Components, Webpack, Node.js, Firebase, MongoDB, Git, Responsive Design, Adaptive Design, REST APIs, Agile/Scrum, Collaboration, Problem-solving, Adaptability, Communication, Troubleshooting","React: Mid-level | JavaScript: Junior | HTML, CSS: Junior","['javascript: junior', 'html: junior', 'css: junior']","['javascript: junior', 'html: junior', 'css: junior']",100.0,False
364,eee917d3-3832-4275-8c40-9447dcd35964,270397,"HTML5, CSS3, JavaScript, C/C++, Python, Java, Git, GitHub, Tailwind CSS, ReactJS, Redux, Zustand, Framer Motion, VS Code, IntelliJ IDEA Ultimate, Figma, Adobe Lightroom, Adobe Premiere Pro, Data Structures and Algorithms, Web Technology","React: Junior | JavaScript: Junior | HTML, CSS: Junior","['react: junior', 'javascript: junior', 'html: junior', 'css: junior']","['react: junior', 'javascript: junior', 'html: junior', 'css: junior']",100.0,False
365,e8b6d48d-1418-4db5-b2b0-9a33f1787d24,273133,"Python, Django, JavaScript, SQL, HTML, CSS, APIs, RESTful Web Services, Machine Learning, Chrome Developer Tools, Software Testing, Quality Assurance, Troubleshooting, Data Integrity, User Interface Design, User Experience (UX), Responsive Web Design, Front-End Development, Code Design, Clean Coding, Client Communication, Team Collaboration, Code Review, Analytical Skills, Research","React: Junior | JavaScript: Junior | HTML, CSS: Junior","['react: junior', 'javascript: junior', 'html: junior', 'css: junior']","['javascript: junior', 'html: junior', 'css: junior']",66.66666666666666,False
366,8ef5a5a5-6b17-415f-b4f7-1069ed8c27d1,268008,"ReactJS, JavaScript, TypeScript, ES6+, REST API, Redux, HTML, CSS, React Native, React Query, GIT, Cypress, Next.js, Refine.js, Ant Design, MUI","React: Mid-level | JavaScript: Junior | HTML, CSS: Junior","['javascript: junior', 'html: junior', 'css: junior']","['javascript: junior', 'html: junior', 'css: junior']",100.0,False
367,3a2c884b-254c-469f-82c3-2dbbb3866f93,269311,"HTML/CSS, JavaScript, React.js, TypeScript, Redux, Zustand, Next.js, Sass, RESTful APIs, React Testing Library, Jest, Ant Design, Material-UI, Tailwind CSS, D3.js, Chart.js, Ag-Grid, GitHub, Git, Postman, Webpack, Parcel, Vite, Azure, AWS, CI/CD, Figma, Agile Methodologies, Teamwork and Collaboration","React: Mid-level | JavaScript: Junior | HTML, CSS: Junior","['javascript: junior', 'html: junior', 'css: junior']","['javascript: junior', 'html: junior', 'css: junior']",100.0,False
368,dc071f3a-dff3-4d30-9690-146afea212e2,274392,"HTML, CSS, JavaScript, React, Responsive Design, Git, GitHub, Unit Testing, Agile Methodologies, Flexbox, Grid, Sass, SCSS, Node.js, MySQL, Python, Team Collaboration, Communication, Adaptability, Problem Solving, Data Validation","React: Junior | JavaScript: Junior | HTML, CSS: Mid-level","['react: junior', 'javascript: junior']","['react: junior', 'javascript: junior']",100.0,False
369,1d2bf462-38e9-4af7-9aca-0bff75542f82,267704,"Java, Spring Framework, Spring Boot, Spring MVC, Spring Security, Spring Data, Microservices, RESTful APIs, Angular, React, Node.js, HTML5, CSS3, Bootstrap, JavaScript, JQuery, AngularJS, AWS, Azure, EC2, SNS, SQS, SES, Elastic Load Balancers, Elastic Container Service, S3, Elastic Beanstalk, CloudFront, Elastic Filesystem, RDS, DMS, VPC, Route53, CloudWatch, CloudTrail, CloudFormation, IAM, Apache Tomcat, JBoss, Apache Kafka, RabbitMQ, Terraform, Ansible, Jenkins, Cucumber, Docker, Kubernetes, Quay, Artifactory, MySQL, OracleDB, MongoDB, Cassandra, CouchDB, GIT, CVS, Agile, TDD, SOA, SCRUM, Waterfall, Python, Hibernate, Java EE, Spring Cloud, JDBC, JMS, TypeScript, RxJS, SCSS, PostgreSQL, DynamoDB, JUnit, Mockito, Selenium, Jasmine, Karma, Maven, Gradle, CI/CD","React: Junior | JavaScript: Junior | HTML, CSS: Junior","['react: junior', 'javascript: junior', 'html: junior', 'css: junior']","['react: junior', 'javascript: junior', 'html: junior', 'css: junior']",100.0,False
370,f49363d8-aea5-405f-a835-9a0b3f8211c6,273788,"HTML5, CSS3, JavaScript, TypeScript, React, React Native, Next.js, SSR, TailwindCSS, MUI, Bootstrap, Sass, Styled Components, ApexCharts, Redux Toolkit, React Context, Axios, Ajax, Framer Motion, Figma, Adobe Photoshop, SEO, Lighthouse, Server-side rendering, Expo, Firebase, Firestore, Node.js, Express.js, Socket.io, Webhooks, RESTful APIs, Drizzle ORM, MySQL, SQLite, PostgreSQL, MongoDB, Mongoose, JSON Web Tokens, CORS, Endpoint authentication, Authorization, AWS S3, EmailJS, Stripe, Linux VPS Deployment, Nginx, Vercel, Open AI, Git, GitHub, Vite, Webpack, ClickUp, Agile, Hub Staff","React: Mid-level | JavaScript: Junior | HTML, CSS: Junior","['javascript: junior', 'html: junior', 'css: junior']","['javascript: junior', 'html: junior', 'css: junior']",100.0,False
371,67511ef6-9637-4679-8cd5-ae36e22ab9c2,250225,"TypeScript, JavaScript, HTML5, CSS3, Material UI, ReactJS, HonoJS, Express, Zod, Tailwind, Redux, JSON Web Token, React Query, NextJS, Tan-Stack Table, PostgreSQL, MongoDB, Redis, Jest, React Testing Library, AWS, Docker, Cloudflare Workers, Supabase, Firebase, Git, Linux, VS Code","React: Mid-level | JavaScript: Mid-level | HTML, CSS: Mid-level",[],[],100.0,False
372,9814e2fc-fa95-41b4-bf43-1e17ecbcf3dc,265429,"C++, HTML, CSS, JavaScript, React.js, Node.js, VS Code, GitHub, Postman, SQL, Data Structures and Algorithms, Full-Stack Development","React: Junior | JavaScript: Junior | HTML, CSS: Junior","['react: junior', 'javascript: junior', 'html: junior', 'css: junior']","['react: junior', 'javascript: junior', 'html: junior', 'css: junior']",100.0,False
373,6d0ae8e9-713a-4b9b-9cc1-2a98c5959edf,273179,"MySQL, MongoDB, PostgreSQL, AWS, Linux, Windows, macOS, Java, Python, JavaScript, TypeScript, C++, C#, HTML5, CSS3, Git, Docker, REST APIs, Node.js, React, TensorFlow, Jest, Cypress","React: Junior | JavaScript: Junior | HTML, CSS: Junior","['react: junior', 'javascript: junior', 'html: junior', 'css: junior']","['react: junior', 'javascript: junior', 'html: junior', 'css: junior']",100.0,False
374,c83184cc-89c3-4a32-a0c4-a6a1e02b4bcf,260114,"React.js, Next.js, TypeScript, JavaScript, Redux, Node.js, HTML, CSS, RESTful APIs, GraphQL, Tailwind CSS, Material UI, Git, Agile/Scrum, Performance Optimization, Team Leadership","React: Mid-level | JavaScript: Mid-level | HTML, CSS: Mid-level",[],[],100.0,False
375,a69e8ea7-ed06-4b96-ad50-9f330e0b2a93,259297,"HTML, CSS, Bootstrap, JavaScript, Redux, Context API, State Management, React.js, Next.js, Node.js, MySQL, MongoDB, JWT, Java, Linux, Git, Postman","React: Junior | JavaScript: Junior | HTML, CSS: Not experienced","['react: junior', 'javascript: junior']","['react: junior', 'javascript: junior']",100.0,False
376,f653e221-1834-4756-ba79-6de43031523e,264290,"HTML, CSS, SASS/SCSS, JavaScript, React, React Native, TypeScript, Vue, Git, Cypress, three.js, Potree, React Router, Redux-saga, Material UI, Formik, ArcGIS Pro, Dojo, React-hook-form, Chart.js, Redux Toolkit Query, Styled Components, Docker, Node.js, PHP, Symfony, Paper.js, React-three-fiber, Konva","React: Junior | JavaScript: Junior | HTML, CSS: Junior","['react: junior', 'javascript: junior', 'html: junior', 'css: junior']","['react: junior', 'javascript: junior', 'html: junior', 'css: junior']",100.0,False
377,b4cb61bc-a7f8-46b7-80ab-10426b030d4c,278578,"JavaScript, TypeScript, React, Next.js, Node.js, Express.js, RESTful APIs, Tailwind CSS, Motion, HTML, CSS, Docker, Kubernetes, GitHub Actions, Git, CI/CD Pipelines, Prisma ORM, PostgreSQL, MongoDB, KiCAD, Fusion 360, KeyShot, Leadership, Communication, Problem-solving, Expectation Management","React: Junior | JavaScript: Junior | HTML, CSS: Junior","['react: junior', 'javascript: junior', 'html: junior', 'css: junior']","['react: junior', 'javascript: junior', 'html: junior', 'css: junior']",100.0,False
378,73b2da77-65f8-4e30-9564-744a629f308e,241158,"HTML, CSS, JavaScript, React, Node.js, Express, SFCC, ISML, JavaScript Controllers, SFRA, UI/UX, GIT, Responsive Web Design, Mobile-First Development, Adaptive Layouts, API Integration, Performance Optimization, Debugging, HTML5, CSS3, ES6, Figma, Photoshop, WordPress, Webflow, JQuery, Bootstrap, PHP, GitHub, NPM, AJAX, JSON, AI APIs, OpenAI, Gemini","React: Junior | JavaScript: Junior | HTML, CSS: Mid-level","['react: junior', 'javascript: junior']","['react: junior', 'javascript: junior']",100.0,False
379,1a3e5e83-c22d-45da-92ba-979542f3c137,246175,"JavaScript, TypeScript, HTML, CSS, Vue.js, Angular, React, Node.js, PHP, MongoDB, MySQL, AWS, Agile, Git, DevOps, Testing, Webpack, Cypress, Jest, Nuxt.js, TailwindCSS, Chart.js, Vitest, PWA, WebRTC, Ant Media Server, HLS Videos, Plyr, Laravel, WordPress, RxJS, Blueprint, Bootstrap, Photoshop, Illustrator, SEO, JQuery, Ubuntu, LAMP, Functional Programming, Haskell, Amazon Lambda, AWS SAM, Firefox Extension, Chrome Extension, Onsen UI, BaaS, Karma, Mocha, Selenium, Jasmine","React: Mid-level | JavaScript: Junior | HTML, CSS: Mid-level",['javascript: junior'],['javascript: junior'],100.0,False
380,597ca38b-bf97-485b-ac9f-990ec4895b78,278357,"Python, HTML, CSS, JavaScript, React, DBMS, SQL, Node.js, MongoDB, Tailwind CSS, Redux Toolkit, Docker, CloudShell, CI/CD, ES6, JSX, HTML5, CSS3, jQuery, Data Structure, MySQL, GIT, GitHub, Express.js, Bootstrap, Sandbox, CodePen, VS Code, Jupyter, Machine Learning","React: Junior | JavaScript: Junior | HTML, CSS: Junior","['react: junior', 'javascript: junior', 'html: junior', 'css: junior']","['react: junior', 'javascript: junior', 'html: junior', 'css: junior']",100.0,False
381,31628bfd-5481-4e4e-8c40-c893955710ba,256678,"C, Object-Oriented Programming, JavaScript, ReactJS, Node.js, Express.js, HTML5, CSS3, RESTful API, MongoDB, SQL, Visual Studio Code, Eclipse, Postman, Tomcat, GitHub","React: Junior | JavaScript: Junior | HTML, CSS: Mid-level","['react: junior', 'javascript: junior']","['react: junior', 'javascript: junior']",100.0,False
382,cd22dba1-7e77-4d6a-bcde-1dff677b6083,254291,"JavaScript, TypeScript, C++, Python, Java, HTML, CSS, Styled Components, TailwindCSS, Material-UI, Next.js, React.js, Redux, Zustand, Node.js, Express.js, GraphQL, Web3.js, Ethers.js, MySQL, MongoDB, Time Management, Teamwork, Communication, Problem Solving","React: Junior | JavaScript: Junior | HTML, CSS: Junior","['react: junior', 'javascript: junior', 'html: junior', 'css: junior']","['react: junior', 'javascript: junior', 'html: junior', 'css: junior']",100.0,False
383,5c25bc6f-b342-4d07-abfc-a042bd6aa777,272813,"HTML, CSS, JavaScript, TypeScript, MongoDB, PostgreSQL, MySQL, Node.js, Express.js, Feather.js, React.js, React-Query, Next.js, Template-engines, Context API, Redis, MVC, Redux, Bootstrap, Tailwind, Material-UI, Ant-design, Angular, Python, DynamoDB, Fastify, React-Native, Electron.js, GraphQL, Microsoft Visual Studio Code, Git, Postman, AWS-EC2, AWS-Amplify, AWS S3, Nginx, PM2, Firebase, GitHub, GitLab, Figma, AWS Lightsail, Digital-Ocean, Bitbucket, Adobe XD, Microservice, Onion, Clean","React: Junior | JavaScript: Junior | HTML, CSS: Junior","['react: junior', 'javascript: junior', 'html: junior', 'css: junior']","['react: junior', 'javascript: junior', 'html: junior', 'css: junior']",100.0,False
384,151b50ca-f240-4e74-aee5-e80ed54f9238,261244,"JavaScript, CI/CD, Angular, Git, React.js, Bootstrap, Next.js, Ant Design, Vue.js, Material-UI, TypeScript, Tailwind CSS, HTML/CSS, Figma, Ionic, E-commerce, jQuery, Jira, Redux, Agile, Webpack, Scrum, Sass/Scss, SFCC, Google Analytics, Software Development","React: Mid-level | JavaScript: Junior | HTML, CSS: Junior","['javascript: junior', 'html: junior', 'css: junior']","['javascript: junior', 'html: junior', 'css: junior']",100.0,False
385,360f764e-ec5c-4053-8097-281a81e62532,247455,"Java, JavaScript, HTML, CSS, React.js, Node.js, Express.js, Spring Boot, SQL, MongoDB, OOPS, Data Structures and Algorithms, Operating System, DBMS, VSCode, Eclipse, Git, GitHub, Postman, Collaborative Skills, Creative Thinking, Effective Communication, Cultural Competence, Resilience","React: Junior | JavaScript: Junior | HTML, CSS: Junior","['react: junior', 'javascript: junior', 'html: junior', 'css: junior']","['react: junior', 'javascript: junior', 'html: junior', 'css: junior']",100.0,False
386,e6be53e7-60bf-4d69-a687-297152db1c3a,269164,"JavaScript, TypeScript, GDScript, C++, React.js, HTML, CSS, Git, Docker, Problem-solving, Teamwork, Communication","React: Not experienced | JavaScript: Not experienced | HTML, CSS: Not experienced",[],[],100.0,False
387,124cd1ed-e03d-4c9b-a645-596ff4a102f7,272515,"HTML, CSS, JavaScript, C, C++, Python, DSA, MS Excel, MS PowerPoint, MS Word, Git, GitHub, Tailwind CSS, Frontend Development, Canva, Express.js, MongoDB, React, Node.js, Leadership, Teamwork, Entrepreneurship, Management","React: Mid-level | JavaScript: Junior | HTML, CSS: Junior","['javascript: junior', 'html: junior', 'css: junior']","['javascript: junior', 'html: junior', 'css: junior']",100.0,False
388,eb7109f9-4f5e-4445-9854-f47b7c6aff05,246714,"Microsoft Office, HTML5, CSS3, JavaScript, Bootstrap, jQuery","React: Not experienced | JavaScript: Not experienced | HTML, CSS: Not experienced",[],[],66.66666666666666,False
389,f424c0c1-b6e5-4b74-9f6c-63f67b3309de,271502,"React.js, JavaScript, Angular.js, HTML, CSS, Web Forms, Web API, Ether.js, Web3, Agile, Jira, Zoho, RESTful APIs, SQL, Git, GitHub, AWS, Node.js, Ngrx, Rxjs, TypeScript, Socket, Redux, RTK Query, Vite","React: Junior | JavaScript: Junior | HTML, CSS: Junior","['react: junior', 'javascript: junior', 'html: junior', 'css: junior']","['react: junior', 'javascript: junior', 'html: junior', 'css: junior']",100.0,False
390,148988d8-cebd-4d79-ad21-18264ad6c6ae,259703,"HTML, UI, UX, MySQL, CSS, Git, GitHub, Tailwind, Bootstrap, JavaScript, Python, Django, DOM Manipulation, React.js, Agile, Scrum, Technical Leadership","React: Junior | JavaScript: Junior | HTML, CSS: Junior","['react: junior', 'javascript: junior', 'html: junior', 'css: junior']","['react: junior', 'javascript: junior', 'html: junior', 'css: junior']",100.0,False
391,288255cd-8d2e-4e3d-b414-a1935a407496,264359,"Java, ReactJS, Spring Boot, MySQL, HTML/CSS, Git, Red Hat Linux, Kubernetes, RESTful APIs","React: Junior | JavaScript: Not experienced | HTML, CSS: Junior","['react: junior', 'html: junior', 'css: junior']","['react: junior', 'html: junior', 'css: junior']",66.66666666666666,False
392,b73cce65-3e60-4fe1-ac46-ed5b1d2b39e1,250722,"HTML, CSS, JavaScript, Bootstrap, PHP, Java, Hibernate, Spring, MySQL, PostgreSQL, MongoDB, Node.js, React.js, Tailwind CSS, Efficient Communication, Error Detection in Coding, Creative Thinking, Team Player, Planning, Management","React: Junior | JavaScript: Junior | HTML, CSS: Junior","['react: junior', 'javascript: junior', 'html: junior', 'css: junior']","['react: junior', 'javascript: junior', 'html: junior', 'css: junior']",100.0,False
393,f2820ab8-a9be-41d3-a295-1d569180896e,263886,"React, Next.js, Node.js, Express.js, Nest.js, Angular, TypeScript, MySQL, Docker, AWS, GCP, Jest, React Testing Library, Git, Systems Design Principles, Agile Methodologies, Software Architecture, Design Patterns, Azure, Jenkins, PHP, Laravel","React: Junior | JavaScript: Junior | HTML, CSS: Junior","['react: junior', 'javascript: junior', 'html: junior', 'css: junior']","['react: junior', 'javascript: junior']",33.33333333333333,False
394,46a981fd-df83-46be-b0c5-787c53111069,283461,"JavaScript, Python, TypeScript, HTML5, CSS, SQL, React.js, React Native, Redux.js, Expo, Spring Boot, Spring Framework, Node.js, Amazon Web Services (AWS), Microsoft Azure, Git, Jira, Power BI, Nessus, Metasploit, PostgreSQL, JWT (JSON Web Tokens), Linux, Mac, Windows Servers, Raspberry Pi, Internet of Things (IoT), Software Development Lifecycle, Front-End Development, Back-End Development, Agile Project Management, Cloud-Based Architecture, Vulnerability Assessments & Testing, IT Infrastructure Security & Upgradation, Server Configuration Management, PowerShell Scripting Tools, Troubleshooting & Debugging, Technical Support Solutions, IT Service Improvement, Scalable Software Design","React: Junior | JavaScript: Junior | HTML, CSS: Junior","['react: junior', 'javascript: junior', 'html: junior', 'css: junior']","['react: junior', 'javascript: junior', 'html: junior', 'css: junior']",100.0,False
395,77ed965c-80c7-47b5-9c4a-99060e788e99,276149,"Data Structures and Algorithms, Operating Systems, Object-Oriented Programming, Computer Networks, Cloud Computing, Software Engineering, Database Management Systems, Java, Web Development, Blockchain, Machine Learning, Python, SQL, C, C++, HTML5, CSS3, React, MongoDB, Express, JavaScript, Node.js, Tailwind CSS, Artificial Intelligence and Machine Learning, Git, GitHub","React: Junior | JavaScript: Not experienced | HTML, CSS: Junior","['react: junior', 'html: junior', 'css: junior']","['react: junior', 'html: junior', 'css: junior']",100.0,False
396,291e661f-2641-473a-9a4f-5fe23300204e,265309,"Core Java, MySQL, HTML, CSS, JavaScript","React: Mid-level | JavaScript: Junior | HTML, CSS: Mid-level",['javascript: junior'],['javascript: junior'],66.66666666666666,False
397,f61d36aa-634e-42db-84eb-089fac67809e,258787,"Python, R-Studio, Tableau, HTML, JavaScript, CSS, Tailwind CSS, AJAX, JSON, jQuery, React JS, Redux, React Router, XML, SQL Developer, Webpack, Babel, Git, Jest, Enzyme, Docker, Matplotlib, Seaborn, MS Office","React: Junior | JavaScript: Junior | HTML, CSS: Junior","['react: junior', 'javascript: junior', 'html: junior', 'css: junior']","['react: junior', 'javascript: junior', 'html: junior', 'css: junior']",100.0,False
398,3d742995-4dfc-4397-b36c-7a1e9b52a16f,258525,"AWS, MySQL, Node.js, React, Redis, TypeScript, JavaScript, Redux, Google Cloud Services","React: Mid-level | JavaScript: Junior | HTML, CSS: Junior","['javascript: junior', 'html: junior', 'css: junior']",['javascript: junior'],66.66666666666666,False
399,4ac1647d-69fd-4a6c-bd0f-499009c5fcb4,261520,"HTML5, Tailwind CSS, SASS, React, React Hooks, Redux, Redux Thunk, Redux Saga, Next.js, React Native, Vue.js, JavaScript, TypeScript, ES6, GraphQL, Node.js, Express, NestJS, Java, Spring Boot, Jest, Cucumber, PostgreSQL, Elasticsearch, Linux, Solr, Webpack, Babel, Grunt, Figma, Git, Docker, CI/CD, WebSocket, AWS, Bitbucket, Jenkins","React: Mid-level | JavaScript: Junior | HTML, CSS: Mid-level",['javascript: junior'],['javascript: junior'],100.0,True
400,ae02a58e-ffc3-4289-9bff-769c68e781cc,273214,"HTML, CSS, Bootstrap, JavaScript, ReactJS, Microsoft Office Suite, MS Word","React: Not experienced | JavaScript: Junior | HTML, CSS: Junior","['javascript: junior', 'html: junior', 'css: junior']","['javascript: junior', 'html: junior', 'css: junior']",100.0,False
401,a7ef070b-9593-4168-a411-d5507a702e7b,257077,"HTML, CSS, JavaScript, ReactJS, Vue.js, Nuxt.js, REST API, API Development, API Integration, Bootstrap, Foundation, Node.js, NPM, PHP, Laravel, Git, GTM, Analytics, dataLayer, WordPress, Headless CMS, SCSS, Styled Components","React: Junior | JavaScript: Junior | HTML, CSS: Mid-level","['react: junior', 'javascript: junior']","['react: junior', 'javascript: junior']",100.0,False
402,84a27e31-04fd-4bf5-83dc-a3d45d26ee7d,278077,"JavaScript, TypeScript, React.js, Redux, Next.js, Node.js, Express.js, jQuery, HTML5, CSS3, SASS, SCSS, Git, GitHub, Version Control, SQL, PostgreSQL, NoSQL, MongoDB, Mongoose, Tailwind CSS, React-Bootstrap, Bootstrap 5, UX/UI Best Practices, REST, API Integration, Jest, React Testing Library, Cypress, Webpack, CI/CD, Docker, Web Accessibility, WAI-ARIA, Agile, Scrum, Jira, Confluence, Communication, Collaboration","React: Senior | JavaScript: Senior | HTML, CSS: Mid-level",[],[],100.0,False
403,50859af8-5af4-4e7f-a530-73b56d2dc7a6,272978,"HTML, CSS, JavaScript, TypeScript, Python, SQL, jQuery, React.js, Next.js, Vue.js, Django, Git, GitHub, Docker","React: Junior | JavaScript: Junior | HTML, CSS: Mid-level","['react: junior', 'javascript: junior']","['react: junior', 'javascript: junior']",100.0,False
404,97bd0b96-640a-4e12-9a4f-bf61d71f6e4f,271225,"React, Next.js, Angular, Web Components, jQuery, Sass, Bootstrap, JavaScript, TypeScript, Responsive Web Design, Node.js, Express, RESTful APIs, Flutter, Firebase, PHP, Drupal, C#, .NET, PostgreSQL, MySQL, Redis, MongoDB, SOLID Principles, TDD, Google Cloud, AWS, GitLab, GitHub, CI/CD, Selenium, Pytest, Docker, Kubernetes, GKE, Vertex AI","React: Junior | JavaScript: Junior | HTML, CSS: Junior","['react: junior', 'javascript: junior', 'html: junior', 'css: junior']","['react: junior', 'javascript: junior']",66.66666666666666,False
405,741cc886-2442-4921-9fd7-8d067018045e,269444,"Core Java, Advanced Java, SQL, React, HTML, CSS, JavaScript, JDBC, Hibernate, Servlets, Spring Framework, HTML5, Responsive Web Design, Form Creation, Form Validation, Multimedia Integration, Dynamic Content Manipulation, Web Accessibility, SEO, RDBMS, DML, DDL, TCL, DCL, Complex Queries, Joins, Agile, Scrum, Sprint Planning, Scrum Meetings, Retrospective Meetings, Product Backlog, Bug Triage, Inheritance, Polymorphism, Abstraction, Object-Oriented Programming, Java Collection Frameworks, Exception Handling, Apache Tomcat, PostgreSQL, CRUD Operations, Real-time Testing, SDLC","React: Junior | JavaScript: Junior | HTML, CSS: Junior","['react: junior', 'javascript: junior', 'html: junior', 'css: junior']","['react: junior', 'javascript: junior', 'html: junior', 'css: junior']",100.0,False
406,0a5900f0-976f-491d-a597-a38d7d5717e0,252033,"Java, OOP, Core Java, Collections, HTML5, CSS3, Tailwind CSS, Bootstrap, JavaScript, DOM Manipulation, Asynchronous JavaScript, Event Handling, API, React.js, Next.js, MySQL, MongoDB, Python, C/C++, VS Code, Git, Figma, Eclipse","React: Junior | JavaScript: Junior | HTML, CSS: Junior","['react: junior', 'javascript: junior', 'html: junior', 'css: junior']","['react: junior', 'javascript: junior', 'html: junior', 'css: junior']",100.0,False
407,32e8d969-c19e-4141-b2d9-164add74facf,290703,"JavaScript, TypeScript, HTML, CSS, React, Next.js, Tailwind CSS, Styled Components, Ant Design, Bootstrap, Redux, Redux-Toolkit, React Native, Material-UI, Firebase, Git, VS Code, JIRA, Visual Studio, Angular, Node.js","React: Mid-level | JavaScript: Mid-level | HTML, CSS: Mid-level",[],[],100.0,False
408,2786f887-499c-46db-8ece-f9af9ae7a0c5,260102,"JavaScript, React, Vite, Vitest, Three.js, React Three Fiber, Drei, Node.js, Express, Socket.IO, ws, Go, Fiber, GORM, Java, PostgreSQL, MySQL, SQLite, MongoDB, Docker, Bash, Linear, Slack, Jira, GitHub, MS Office, Google Workspace","React: Not experienced | JavaScript: Junior | HTML, CSS: Not experienced",['javascript: junior'],['javascript: junior'],66.66666666666666,False
409,b1388c32-937e-44f7-9a0c-ffab10d8dbda,279130,"HTML5, CSS3, Responsive Design, JavaScript, ES6, TypeScript, React, Redux, Tailwind CSS, Next.js, Node.js, Express.js, MongoDB, Git, GitHub, User Experience Design, Project Management, Quality Assurance, Database Management, Cloud Computing, Web Security, Performance Optimization, System Integration, Data Analysis, Interpersonal Skills, Communication Skills, Problem Solving, Decision Making, Works Well Under Pressure, Strategic Thinking, Planning, Active Listening, Empathy","React: Junior | JavaScript: Junior | HTML, CSS: Junior","['react: junior', 'javascript: junior', 'html: junior', 'css: junior']","['react: junior', 'javascript: junior', 'html: junior', 'css: junior']",100.0,False
410,46d5e5c3-0610-40f6-b1f5-43902427d8ac,255837,"JavaScript, TypeScript, HTML, CSS, SASS, ReactJs, ChakraUI, Bootstrap, Tailwind, NextJS, Cordova, NodeJs, Express, PostgreSQL, MongoDB, Git, GitHub, Problem Solving, Communication, Time Management, Adaptability","React: Junior | JavaScript: Junior | HTML, CSS: Junior","['react: junior', 'javascript: junior', 'html: junior', 'css: junior']","['react: junior', 'javascript: junior', 'html: junior', 'css: junior']",100.0,False
411,d44dd4af-3c3b-490a-bee1-17de34a5c7ca,267717,"ReactJS, NextJS, React Native, Java, C#, JavaScript, TypeScript, Node.js, ASP.NET, Git, Firebase Database, SQL Server, MySQL, SQLite, Windows, Linux, Vue, JQuery, Xamarin Forms, Google Services, Xaml, SQL Server Reporting Services, Xamarin Studio, HTML, CSS, Visual Studio Code, Jira Atlassian, Sourcetree","React: Junior | JavaScript: Junior | HTML, CSS: Junior","['react: junior', 'javascript: junior', 'html: junior', 'css: junior']","['react: junior', 'javascript: junior', 'html: junior', 'css: junior']",100.0,False
412,c032138c-a255-4a65-9a61-9f72307a431c,278461,"HTML, CSS, JavaScript, TypeScript, Python, React, React Router, Vite, TailwindCSS, Node.js, Express, Body-Parser, WebSocket, Bcrypt, AWS, Digital Ocean, SQL, Mongoose, Git, GitHub, Docker, TurboRepo, JWT, Gemini","React: Junior | JavaScript: Junior | HTML, CSS: Junior","['react: junior', 'javascript: junior', 'html: junior', 'css: junior']","['react: junior', 'javascript: junior', 'html: junior', 'css: junior']",100.0,False
413,63470bb0-6929-4839-9050-13ba0bd68ddc,270342,"HTML5, CSS, JavaScript, Bootstrap, Google Meet, Zoom, REST APIs, MySQL, React.js, Node.js, MongoDB, Python, Django, Azure, React Native, SQL","React: Junior | JavaScript: Junior | HTML, CSS: Junior","['react: junior', 'javascript: junior', 'html: junior', 'css: junior']","['react: junior', 'javascript: junior', 'html: junior', 'css: junior']",100.0,False
414,ac0e5bb5-3746-4717-9811-f86c881d4bc8,276809,"Vue.js, React.js, Next.js, SASS, Bootstrap, WordPress, HTML, CSS, JavaScript, jQuery, GitHub, Team Work, Problem Solving, Time Management","React: Junior | JavaScript: Junior | HTML, CSS: Junior","['react: junior', 'javascript: junior', 'html: junior', 'css: junior']","['react: junior', 'javascript: junior', 'html: junior', 'css: junior']",100.0,False
415,661d594f-7a53-4a2b-8c3e-ffbcbe4eb35e,262493,"HTML, CSS, JavaScript, Bootstrap, React.js, MongoDB, SQL, VScode, MySQL, GitHub, ChatGPT, Communication, Leadership, Problem Solving, Time Management","React: Not experienced | JavaScript: Not experienced | HTML, CSS: Junior","['html: junior', 'css: junior']","['html: junior', 'css: junior']",100.0,False
416,7ef0d38a-dcf5-4bba-9252-844e8f9379cc,251960,"Python, Java, HTML, CSS, JavaScript, PHP, MySQL, SQL, AWS, Git, GitHub, Data Structures and Algorithms, Problem Solving, Figma, Bootstrap, MERN Stack, MongoDB, Express, React, Node.js, Stripe, TensorFlow, MobileNetV2","React: Not experienced | JavaScript: Junior | HTML, CSS: Mid-level",['javascript: junior'],['javascript: junior'],100.0,False
417,e5669a58-7212-4b3f-8d45-064cd0a49101,261797,"TypeScript, React, Three.js, Zustand, Styled Components, Tailwind CSS, HTML, CSS, Node.js, Vercel, Vite, MongoDB, Express, RESTful API, AJAX, 3D Art, Adobe Photoshop, After Effects, React Three Fiber, Drei, 8th Wall, GLSL, GSAP, WebGL, GitLab, Blender, JavaScript, Python, SparkAR, Agisoft Photoscan, 3Ds Max, V-Ray, Maya, Unity, Nuke, Zbrush","React: Junior | JavaScript: Junior | HTML, CSS: Junior","['react: junior', 'javascript: junior', 'html: junior', 'css: junior']","['react: junior', 'javascript: junior', 'html: junior', 'css: junior']",100.0,False
418,13ce7a8d-321b-4d2f-bd46-4a14e8031489,277205,"Java, JavaScript, HTML, CSS, C++, SQL, MySQL","React: Not experienced | JavaScript: Not experienced | HTML, CSS: Not experienced",[],[],66.66666666666666,False
419,85b63b79-640f-4850-a738-8a3f0b013906,268331,"HTML, CSS, JavaScript, TypeScript, React, Vue.js, Alpine.js, Nuxt.js, Laravel, Git, RESTful APIs, Statamic CMS, TailwindCSS, Responsive Design, UI/UX Enhancement, Collaboration, Willingness to Learn, Adaptability, Problem Solving, Flexibility","React: Junior | JavaScript: Not experienced | HTML, CSS: Junior","['react: junior', 'html: junior', 'css: junior']","['react: junior', 'html: junior', 'css: junior']",100.0,False
420,233191bb-74aa-4b1d-b7c5-3f30a24c110e,241897,"Adobe Photoshop, Adobe Illustrator, PHP, AJAX, JavaScript, CSS, React Native, WordPress, Adobe Premiere, Adobe Audition, Adobe After Effects, Linux OS, Microsoft Office","React: Junior | JavaScript: Junior | HTML, CSS: Junior","['react: junior', 'javascript: junior', 'html: junior', 'css: junior']","['react: junior', 'javascript: junior', 'css: junior']",66.66666666666666,False
421,a0c4835d-165e-4697-8341-acdc0f547d11,269865,"JavaScript, TypeScript, React, HTML, CSS, Tailwind CSS, Modular UI Design, Reusable Components, Scalability Best Practices, Responsive Design, UI Frameworks, Advanced CSS Animations, React Hooks, Context API, REST API Integration, Fetch API, Lazy Loading, Code Splitting, Efficient Rendering, Webpack, Git, GitHub, Jest, Cypress","React: Junior | JavaScript: Junior | HTML, CSS: Junior","['react: junior', 'javascript: junior', 'html: junior', 'css: junior']","['react: junior', 'javascript: junior', 'html: junior', 'css: junior']",100.0,False
422,d0149e97-5d88-4965-8872-ee1a59c2fd01,274269,"JavaScript, React, Next.js, TypeScript, React Query, Redux, Redux Toolkit, TailwindCSS, ShadCN, RhythmUI, HTML, CSS, Leaflet, Tauri, PWA, turf, Formik, WalkTour, Chrome Local Storage, Node.js, MongoDB, OpenCV, MediaPipe, PostgreSQL, VS Code, Git, Postman, Sublime Text, Jira, Data Structures, Algorithms, C++, Database Management System, Object-Oriented Programming, Storybook, Mixpanel, SEO, WCAG Standards, API Integration, Authentication, Routing, UI/UX Design, Drone Management, Mission Planning, Offline Capabilities, Real-time Posture Detection, Analytics, Heatmaps, Calorie Tracking, Consistency Tracking","React: Senior | JavaScript: Mid-level | HTML, CSS: Mid-level",[],[],100.0,False
423,631959fd-56de-4173-8b94-7de400932dae,269483,"Java, C, Data Structures and Algorithms, SQL, JEE, JavaScript, HTML, CSS, Object-Oriented Programming, Database Management Systems, React.js, GitHub, RESTful API, Spring Boot","React: Junior | JavaScript: Mid-level | HTML, CSS: Mid-level",['react: junior'],['react: junior'],100.0,False
424,5440464c-8b58-4133-8064-5d38100979e3,279438,"Java, Python, JavaScript, HTML, CSS, Bootstrap, MySQL, Problem-solving","React: Mid-level | JavaScript: Junior | HTML, CSS: Junior","['javascript: junior', 'html: junior', 'css: junior']","['javascript: junior', 'html: junior', 'css: junior']",66.66666666666666,False
425,c5e68bea-c788-4f60-ac71-931c7a6e6a7c,280028,"C, Python, Java, SQL","React: Not experienced | JavaScript: Not experienced | HTML, CSS: Not experienced",[],[],0.0,False
426,af250370-e2b4-4b0f-90bc-399474ce47c3,267177,"HTML5, CSS3, Tailwind CSS, JavaScript, TypeScript, ReactJS, ReduxJS, Next.js, Node.js, Express.js, Postman, PostgreSQL, MongoDB, GitHub, Vercel, VSCode, Git, GitHub Copilot, Burp Suite, Linux",,[],[],0.0,
427,e6e24394-b187-40a0-96bf-8b80f2ed0b7a,266101,"JavaScript, React, HTML, CSS, Node.js, Redux, TypeScript","React: Mid-level | JavaScript: Mid-level | HTML, CSS: Mid-level",[],[],100.0,False
428,24041275-aa41-442a-80e7-f7e14b5f79ec,242708,"HTML5, CSS3, Bootstrap, TailwindCSS, JavaScript, Redux Toolkit, TanStack Query, ReactJS, Framer-motion, SQL, PostgreSQL, Supabase, Firebase, Git, GitHub","React: Mid-level | JavaScript: Junior | HTML, CSS: Junior","['javascript: junior', 'html: junior', 'css: junior']","['javascript: junior', 'html: junior', 'css: junior']",100.0,False
429,a1ba2658-9e11-4357-ba9e-fa1ad7523913,266675,"JavaScript, SQL, Python, HTML, CSS, ReactJS, Bootstrap, Git, Learning Agility, Adaptability, Communication, Problem Solving Skills","React: Junior | JavaScript: Junior | HTML, CSS: Junior","['react: junior', 'javascript: junior', 'html: junior', 'css: junior']","['react: junior', 'javascript: junior', 'html: junior', 'css: junior']",100.0,False
430,cead4b12-32fd-4864-a503-42629b6b8617,271342,"HTML5, CSS, JavaScript, TypeScript, Angular, React, Ionic Framework, Node.js, PHP, MySQL, MSSQL, NoSQL","React: Junior | JavaScript: Not experienced | HTML, CSS: Junior","['react: junior', 'html: junior', 'css: junior']","['react: junior', 'html: junior', 'css: junior']",100.0,False
431,5acfd517-5ccc-4b10-9825-0fd22fc96396,280660,"React, Redux Toolkit, TailwindCSS, Bootstrap, Express.js, MongoDB, MySQL, PostgreSQL, JavaScript, Python, Java, SQL, TypeScript, REST API, GraphQL, Git, GitHub, Docker, Postman, Agile Methodologies, Cross-Browser Compatibility","React: Not experienced | JavaScript: Not experienced | HTML, CSS: Not experienced",[],[],66.66666666666666,False
432,6a2fe9c9-7891-4a3e-8e49-2513420c3d63,265182,"HTML, CSS, JavaScript, React.js, Python, Flask, GIT, GitHub, Bootstrap, Tailwind","React: Junior | JavaScript: Junior | HTML, CSS: Mid-level","['react: junior', 'javascript: junior']","['react: junior', 'javascript: junior']",100.0,False
433,0af69088-95f9-4107-bb74-afbd7c10f95f,278980,"JavaScript, Python, TypeScript, C, PostgreSQL, Redis, Express.js, Django, Flask, React.js, Node.js, Docker, Amazon Web Services, Git, GitHub, GitLab, Slack, Google Meet, Microsoft Teams, Discord, Zoom, Email Marketing, Search Engine Optimization, Lead Generation, Collaboration, Communication, Problem Solving, Time Management","React: Not experienced | JavaScript: Not experienced | HTML, CSS: Not experienced",[],[],66.66666666666666,False
434,e49c576c-6cce-4aa8-b554-0fe0642caea5,278561,"C, C++, Python, JavaScript, React, VS Code, SQL, MongoDB","React: Junior | JavaScript: Junior | HTML, CSS: Junior","['react: junior', 'javascript: junior', 'html: junior', 'css: junior']","['react: junior', 'javascript: junior']",66.66666666666666,False
435,d49b34f2-0f5d-4f75-a657-689389fe47b6,266232,"HTML, CSS, JavaScript, React.js, Next.js, Node.js, Express.js, MongoDB, TypeScript, Python, Git, RESTful APIs, Shacdn-UI, Framer-motion, Tailwind CSS, Communication, Collaboration, Problem-Solving, Project Management","React: Junior | JavaScript: Junior | HTML, CSS: Junior","['react: junior', 'javascript: junior', 'html: junior', 'css: junior']","['react: junior', 'javascript: junior', 'html: junior', 'css: junior']",100.0,False
436,1a44999a-d915-4fb5-a515-0a79715395a5,239058,"HTML, CSS, JavaScript, React, Next.js, TypeScript, Redux, Git","React: Junior | JavaScript: Junior | HTML, CSS: Junior","['react: junior', 'javascript: junior', 'html: junior', 'css: junior']","['react: junior', 'javascript: junior', 'html: junior', 'css: junior']",100.0,False
437,6d4207a0-cc6e-4d63-9851-d111195a9a4a,278115,"C Programming, Java, Python, SQL, HTML5, CSS3, JavaScript, Git, GitHub, Linux, Docker, AWS, Figma, Canva, Visual Studio, Sandbox, Operating System, Computer Networks, MongoDB, Express.js, React.js, Node.js, TypeScript, TailwindCSS, Bootstrap, SQLite, WordPress, EC2, ELB, Security Groups, Architecture, DynamoDB, Jenkins, Containers, Kubernetes, Kibana, Maven, Shell Scripting, Prometheus, Grafana","React: Junior | JavaScript: Junior | HTML, CSS: Junior","['react: junior', 'javascript: junior', 'html: junior', 'css: junior']","['react: junior', 'javascript: junior', 'html: junior', 'css: junior']",100.0,False
438,53d07a92-bfa2-46b7-b2f8-ce4cd2be6134,254709,"JavaScript, HTML, CSS, TypeScript, React.js, Redux, React Router, Context API, Material-UI, Bootstrap, GIT, GitHub, Lazy Loading, Caching","React: Junior | JavaScript: Junior | HTML, CSS: Junior","['react: junior', 'javascript: junior', 'html: junior', 'css: junior']","['react: junior', 'javascript: junior', 'html: junior', 'css: junior']",100.0,False
439,a28cf8a6-50cf-430c-92df-f494a1656aa5,265961,"TypeScript, React.js, CSS3, Webpack, Babel, Yarn, NPM, SASS, Node.js, Ruby on Rails, Go, Elixir, PHP, MySQL, PostgreSQL, MongoDB, Redis, Apache HTTP Server, Nginx, GraphQL, RabbitMQ, Elasticsearch, AWS, Kafka, Gatsby, Apollo, DeployHQ, AngularJS, Jenkins, Octopus, SQL Server, HTML, Bootstrap, Symphony, REST, Digital Ocean, Express, Socket, JQuery, Laravel, S3, Drupal, Vite, Micro Frontend, Serverless Technologies, Unit Testing, Continuous Integration, Continuous Deployment, Agile","React: Mid-level | JavaScript: Junior | HTML, CSS: Mid-level",['javascript: junior'],['javascript: junior'],66.66666666666666,False
440,4811f85f-2fce-4609-b269-6a3168c4dbf4,275470,"React, Redux, TypeScript, JavaScript, HTML5, CSS3, Bootstrap, Tailwind CSS, React Context, Git, GitHub, Netlify, Axios, D3, Next.js, REST APIs, React-Leaflet, Data Structures, Algorithms, C++, SQL","React: Mid-level | JavaScript: Junior | HTML, CSS: Junior","['javascript: junior', 'html: junior', 'css: junior']","['javascript: junior', 'html: junior', 'css: junior']",100.0,False
441,35fe613c-3182-4653-bcf6-fe4f67f0d7b5,254495,"HTML, CSS, JavaScript, Angular, React.js, Sass, SQL, Git, Python, Java","React: Junior | JavaScript: Junior | HTML, CSS: Junior","['react: junior', 'javascript: junior', 'html: junior', 'css: junior']","['react: junior', 'javascript: junior', 'html: junior', 'css: junior']",100.0,False
442,f0975226-feea-45fb-8d2a-533bbfc80d4a,276959,"React.js, JavaScript, HTML, CSS, Bootstrap, Tailwind CSS, Node.js, Express.js, REST APIs, MongoDB, SQL, Git, GitHub, Figma, Postman","React: Mid-level | JavaScript: Junior | HTML, CSS: Mid-level",['javascript: junior'],['javascript: junior'],100.0,False
443,01fb75f1-921b-4740-ae93-87e78f8e406d,277698,"React Native, React, Angular, Expo, FeathersJS, Node.js, C#, ASP.NET, Git, MySQL, TypeScript, JavaScript, ORMs, REST, Jest, HTML, CSS, Bootstrap","React: Junior | JavaScript: Junior | HTML, CSS: Junior","['react: junior', 'javascript: junior', 'html: junior', 'css: junior']","['react: junior', 'javascript: junior', 'html: junior', 'css: junior']",100.0,False
444,e4e89c2e-3007-453f-a8f9-72f6ada09174,274605,"JavaScript, TypeScript, Next.js, Python, OutSystems Reactive, Liquid, Jira, Figma, Postman, Insomnia, Google Analytics, Jest, React.js, Angular, HTML, CSS, Redux Toolkit, Zustand, TanStack Query, DaisyUI, React MUI, Bootstrap, Tailwind CSS, Angular Material, React Icons, shadcn/ui, Responsive Web Design, Micro Front-end Architecture, i18next, Next-Intl, Node.js, Express.js, NestJS, MongoDB, Prisma, MySQL, SQL, PostgreSQL, REST API, AWS Lambda, AWS EC2, AWS S3, AWS API Gateway, AWS DynamoDB, AWS SNS, AWS SES, AWS SQS, NGINX, PM2, WebSocket, Socket.IO, RabbitMQ, Microservices Architecture","React: Junior | JavaScript: Junior | HTML, CSS: Junior","['react: junior', 'javascript: junior', 'html: junior', 'css: junior']","['react: junior', 'javascript: junior', 'html: junior', 'css: junior']",100.0,False
445,806aeb26-add6-4800-b37c-220d57b1614a,268050,"JavaScript, TypeScript, Node.js, C#, Python, React, Vue.js, Pinia, Redux, SCSS/Sass, Tailwind, D3.js, RESTful APIs, Git/GitHub, Filebeat, Logstash, Jenkins, Elastic, Docker, CI/CD, Cypress, Jest, NUnit, Mocha","React: Junior | JavaScript: Mid-level | HTML, CSS: Mid-level",['react: junior'],['react: junior'],66.66666666666666,True
446,eed18806-04a0-4725-b0ff-9e6ed7c2edf3,278969,"HTML5, CSS3, JavaScript, React.js, Node.js, Express.js, MongoDB, Git, Vercel, Figma, JWT Authentication, C, Java, Python, Generative AI, MS Office, Data Structures and Algorithms","React: Not experienced | JavaScript: Junior | HTML, CSS: Junior","['javascript: junior', 'html: junior', 'css: junior']","['javascript: junior', 'html: junior', 'css: junior']",66.66666666666666,False
447,92ef91d6-a920-48e5-ac4d-2cea4defd3a9,273909,"HTML5, CSS3, Tailwind CSS, JavaScript, React, Node.js, Express.js, MongoDB, Firebase, JWT, GitHub, Vercel, VS Code, Chrome DevTools, Figma","React: Not experienced | JavaScript: Not experienced | HTML, CSS: Not experienced",[],[],100.0,False
448,4e88f0de-e743-475e-b4d3-32e6545c752b,262264,"Node.js, Express.js, REST APIs, MongoDB, PostgreSQL, Prisma, Spring Boot, React.js, Angular, Next.js, Redux, Tailwind CSS, TypeScript, HTML/CSS, NgRx, RxJs, Material UI, SQL, SSRS, SSIS, Power BI, Pivot Tables, Git, GitHub, Jira, Agile, AWS, Vercel, Command Line, Angular CLI, Jasmine, Jest, Karma, OAuth 2.0, JWT","React: Junior | JavaScript: Junior | HTML, CSS: Junior","['react: junior', 'javascript: junior', 'html: junior', 'css: junior']","['react: junior', 'javascript: junior', 'html: junior', 'css: junior']",100.0,False
449,bccef606-7dc4-4f86-8b9c-4eb68ae7c32e,233782,"HTML5, CSS3, Sass, Tailwind CSS, JavaScript, React.js, Redux, Responsive Web Design, Bootstrap, Material UI, Axios, Git","React: Mid-level | JavaScript: Junior | HTML, CSS: Junior","['javascript: junior', 'html: junior', 'css: junior']","['javascript: junior', 'html: junior', 'css: junior']",100.0,False
450,5bb623d2-06e9-4b71-ae95-90f5befb83a0,279359,"C++, C#, .NET, SQL, JavaScript, TypeScript, React, Python, Java, Linux, Embedded Systems, Wearables, Ubuntu Core, Kernel, Windows, Android, Memory Management, Node.js, Data Structures, Algorithms, Git, REST API, CI/CD, Distributed Computing, AWS, Azure, Google Cloud, Analytical Skills, Troubleshooting, HTML, CSS, Ruby","React: Junior | JavaScript: Junior | HTML, CSS: Junior","['react: junior', 'javascript: junior', 'html: junior', 'css: junior']","['react: junior', 'javascript: junior', 'html: junior', 'css: junior']",100.0,False
451,1506315a-692c-47e0-b7c1-88806f5808ed,273148,"JavaScript, TypeScript, PHP, React.js, Next.js, CSS3, Tailwind CSS, Styled Components, Git, GitHub, Recoil, Jotai","React: Junior | JavaScript: Junior | HTML, CSS: Junior","['react: junior', 'javascript: junior', 'html: junior', 'css: junior']","['react: junior', 'javascript: junior', 'css: junior']",100.0,False
452,be5cdc63-11da-4cb0-b611-9cc9c945469a,257343,"HTML, CSS, JavaScript, Bootstrap, React, Node.js, Express.js, API Design and Development, REST APIs, Python, MySQL, Git, Bitbucket, Postman, Team Collaboration, Problem Solving, Quick Learner","React: Not experienced | JavaScript: Junior | HTML, CSS: Junior","['javascript: junior', 'html: junior', 'css: junior']","['javascript: junior', 'html: junior', 'css: junior']",100.0,False
453,26c1c7ad-4d40-4a04-965c-3112d48e031c,290296,"Java, Python, JavaScript, HTML5, CSS3, PHP, MySQL, React.js, Angular, Photoshop, CorelDRAW","React: Junior | JavaScript: Not experienced | HTML, CSS: Not experienced",['react: junior'],['react: junior'],100.0,False
454,007ccf53-7ea9-4dad-bcec-387d5950d6fa,270167,"HTML, CSS, SASS, JavaScript, Bootstrap, Tailwind, Material UI, React.js, React Router, React Hooks, Context API, Redux, Next.js, TypeScript, Web3.js, Metamask, Solidity, Ether.js, REST API, Node.js, Express, C, C++, Python, MySQL, MongoDB, Git, GitHub, Responsive Web Design, SCSS, React Query","React: Mid-level | JavaScript: Junior | HTML, CSS: Junior","['javascript: junior', 'html: junior', 'css: junior']","['javascript: junior', 'html: junior', 'css: junior']",100.0,False
455,5760ddd0-32ed-474f-b40c-30a6f6946e21,278486,"React, TypeScript, JavaScript, JQuery, Laravel, PHP, CodeIgniter, HTML, CSS, Ajax","React: Junior | JavaScript: Junior | HTML, CSS: Junior","['react: junior', 'javascript: junior', 'html: junior', 'css: junior']","['react: junior', 'javascript: junior', 'html: junior', 'css: junior']",100.0,False
456,41658e6d-80e7-4aa4-b55a-d1ea11063605,265775,"HTML, JavaScript, CSS, SCSS, React.js, Next.js, Node.js, Redux, Redux Toolkit, MobX, Responsive Web Design, Tailwind CSS, Material-UI, React Hook Form, Jest, Java, PostgreSQL, Agile, RESTful API, Docker, Git","React: Mid-level | JavaScript: Junior | HTML, CSS: Mid-level",['javascript: junior'],['javascript: junior'],100.0,False
457,bcebdfcb-001d-4625-9140-4bf91ff054ab,274978,"JavaScript, TypeScript, React, HTML, CSS, JQuery, Git, WordPress, Adobe Photoshop, Elementor, Octoparse, SEO, Web Optimization, Web Scraping, Web Design, Angular, Python, Flask, PHP","React: Mid-level | JavaScript: Mid-level | HTML, CSS: Junior","['html: junior', 'css: junior']","['html: junior', 'css: junior']",100.0,False
458,eed8e19c-1ff3-4446-9f4b-8b8bc6657d2c,259528,"React.js, Redux Toolkit, HTML, CSS, Tailwind CSS, Bootstrap, Responsive Web Design, JavaScript, TypeScript, Git, GitHub, Webpack, Firebase","React: Junior | JavaScript: Junior | HTML, CSS: Not experienced","['react: junior', 'javascript: junior']","['react: junior', 'javascript: junior']",100.0,False
459,4011b971-f55f-42eb-8ba9-e9b2b69d5b74,271876,"JavaScript, HTML, CSS, Java, Data Structures, Algorithms, React, Jest, Next.js, Webpack, Spring, Spring Boot, Kafka, JUnit, Azure, PostgreSQL, Git, New Relic","React: Senior | JavaScript: Mid-level | HTML, CSS: Junior","['html: junior', 'css: junior']","['html: junior', 'css: junior']",100.0,True
460,6275b782-807e-415c-84c3-01520642b134,279156,"Python, Java, Microsoft Office, Microsoft Word, Microsoft PowerPoint, HTML, SQL","React: Senior | JavaScript: Mid-level | HTML, CSS: Mid-level",[],[],33.33333333333333,False
461,e11cfd24-2c4f-45c2-8a9a-b2f8ed81bdb4,274431,"Golang, Python, JavaScript, TypeScript, Java, C++, Bash, SQL, R, HTML, CSS, Node.js, Next.js, Spring Boot, Angular, React, Nest.js, GraphQL, REST, Kafka, OAuth, SAML, LDAP, Active Directory, AWS, Azure, GCP, Kubernetes, Docker, Git, CI/CD, Jenkins, Azure AD, HashiCorp Vault, Terraform, Ansible, MySQL, PostgreSQL, MongoDB, DynamoDB, Amazon Redshift, Amazon RDS, Hadoop, Redis, Firebase, FastAPI, ELK Stack, Hibernate, Vue.js, Redux, Webpack","React: Mid-level | JavaScript: Junior | HTML, CSS: Mid-level",['javascript: junior'],['javascript: junior'],100.0,True
462,6c1374ac-2fc2-41dc-85a3-4d3efa5ecd41,278876,"Data Structures, Competitive Programming, C, C++, JavaScript, HTML, CSS, React.js, Node.js, MongoDB, SQL, MATLAB, GitHub, DBMS, Object-Oriented Programming","React: Mid-level | JavaScript: Junior | HTML, CSS: Junior","['javascript: junior', 'html: junior', 'css: junior']","['javascript: junior', 'html: junior', 'css: junior']",100.0,False
463,0be2bcd3-dd8b-4e1d-94e9-51fc3ca356df,276872,".NET, .NET MVC, MS-SQL, .NET Core, Angular, AWS, Azure, React.js, Next.js, Node.js, DevOps, CICD, PostgreSQL, WebRTC, Stripe, Xero, Xpm, Workflowmax, Workguru, Cognito, Lambda, Code Commit, S3, Trello, SonarCloud, GitHub, Jira, Znode, Odoo, Graph API, Socket.IO, Peer to Peer Communication, Signaling, Telehealth, ERP, Nirvana Insurance, Document DB, Desktop Sharing, Voice Chat, Auto Chat, Whiteboard, POS, GSM, E-commerce, Social Media, Auto Hiring, Telemedicine, Image Processing, Audio Processing, GrapesJS","React: Junior | JavaScript: Junior | HTML, CSS: Junior","['react: junior', 'javascript: junior', 'html: junior', 'css: junior']",['react: junior'],33.33333333333333,False
464,2285e215-716b-4954-b1cc-96da899cfdc1,242425,"Java, Javascript, Typescript, SQL, Angular, Node.js, React, Express, Spring Boot, MongoDB, PostgreSQL, Redis, Docker, Kubernetes","React: Not experienced | JavaScript: Not experienced | HTML, CSS: Not experienced",[],[],66.66666666666666,False
465,6d72a3bb-c7ed-4d57-9080-3d4082008ca8,257806,"React.js, TypeScript, Next.js, JavaScript, Vite, HTML5, CSS3, SCSS, Tailwind CSS, Bootstrap, Tikz/PGF, LaTeX, Dc.js, D3.js, UI/UX Design, Node.js, Markdown, Redux, Jest, Storybook, NPM/Yarn, Python, API Integration, REST, Three.js, DOM Manipulation, Web SEO, Figma, AI, SDK Development, Responsive Design, Scalable UI Architectures, Slack, Notion, Linear, Jira, Trello, React Testing Library, MVC, HTTP/HTTPS, OAuth, JWT, CDN, CORS, Caching Strategies, Git, GitHub, Bitbucket, Atlassian","React: Junior | JavaScript: Not experienced | HTML, CSS: Junior","['react: junior', 'html: junior', 'css: junior']","['react: junior', 'html: junior', 'css: junior']",100.0,False
466,cf248d37-f4e4-4a99-b900-2069cc5a557a,329194,"JavaScript, C, UNIX Shell Scripting, Node.js, Express, React.js, Angular.js, MVVM, Webpack, JSON, XML, HTML5, CSS3, Oracle 11g, SQL, MySQL, MongoDB, Eclipse, Microsoft Visual Studio Code, Postman, GIT","React: Not experienced | JavaScript: Not experienced | HTML, CSS: Not experienced",[],[],100.0,False
467,f41bf0f3-0b30-412a-bcbb-65ba6d621bc6,258009,"Creativity, Communication, Teamwork, Problem-solving, JavaScript, TypeScript, Python, Go, HTML, CSS, REST APIs, React, Socket.IO, MongoDB, Django, PostgreSQL, Alpine.js, HTMX, Git, Postman, Heroku, Docker, Agile development","React: Mid-level | JavaScript: Mid-level | HTML, CSS: Junior","['html: junior', 'css: junior']","['html: junior', 'css: junior']",100.0,False
468,0c4b0794-b224-493f-be84-58b66371d62b,244189,"C/C++, JavaScript, TypeScript, Object-Oriented Programming, Data Structures and Algorithms, Bootstrap CSS, Tailwind CSS, ReactJS, NextJS, Redux JS, NodeJS, ExpressJS, MongoDB, MySQL, Git, GitHub, Stripe, Postman, Firebase","React: Junior | JavaScript: Junior | HTML, CSS: Junior","['react: junior', 'javascript: junior', 'html: junior', 'css: junior']","['react: junior', 'javascript: junior', 'css: junior']",66.66666666666666,False
469,f88e22b8-2550-456f-8133-ea590537513f,269141,"Next.js, Node.js, React.js, Canva, HTML, CSS, JavaScript, Java, C#, C++, C, Machine Learning, Bootstrap, TypeScript, Tailwind CSS, Active Listening, Communication, Teamwork, Leadership, Flexibility, Conflict Resolution","React: Mid-level | JavaScript: Mid-level | HTML, CSS: Mid-level",[],[],100.0,False
470,83033bd3-945c-4255-99e5-e4d9fc1eef6e,262603,"Network Fundamentals, SQL, MongoDB, Firebase, Client-Side Technology, JavaScript, Tailwind CSS, React.js, Next.js, Node.js, Express, Flutter, C++, C#, React Native, Sass, GitHub, Organizational Skills, Time Management, Communication Skills, Interpersonal Skills, Teamwork, Detail-Oriented, Multitasking, Budget Management, Financial Document Handling","React: Junior | JavaScript: Junior | HTML, CSS: Junior","['react: junior', 'javascript: junior', 'html: junior', 'css: junior']","['react: junior', 'javascript: junior', 'css: junior']",100.0,False
471,c85b1a3c-b37c-4de7-9f14-6d896d05dd83,277347,"TypeScript, JavaScript, Next.js, React, Node.js, Ruby, Ruby on Rails, Python, GraphQL, Gatsby, CI/CD Pipelines, Containerization, Serverless, Kubernetes, Amazon EKS, AWS EventBridge, AWS SQS, AWS S3, AWS Lambda, GitHub Actions, Docker, PostgreSQL, MySQL, Amazon RDS, MongoDB, Redis, Elasticsearch, MSSQL, React Storybook, SCSS, Tailwind CSS, Figma, Jest, RSpec, Selenium, RabbitMQ, Prettier, ESLint, Husky, GitLab, MaterialUI, Stripe, PayPal, NestJS, MDX","React: Mid-level | JavaScript: Mid-level | HTML, CSS: Junior","['html: junior', 'css: junior']",[],66.66666666666666,True
472,1d30fc24-2e58-4abe-a48a-3c8fc465e02a,273574,"JavaScript, TypeScript, HTML, CSS, Python, C/C++, Rust, Solidity, SQL, ReactJS, NextJS, MongoDB, ExpressJS, ICP, Git","React: Mid-level | JavaScript: Mid-level | HTML, CSS: Junior","['html: junior', 'css: junior']","['html: junior', 'css: junior']",100.0,False
473,85cd33fb-3c15-419f-b457-1a6c5e8b2a31,279117,"JavaScript, Vue.js, Angular, Node.js, Express.js, MongoDB, HTML, CSS, HTML5, CSS3, Koa.js, Leadership, Coaching, Research, Data Analysis, Adaptability, Time Management, Project Management, Ubuntu, Linux, Windows, Visual Studio, Postman, Robo3t, Studio3t, Figma, Inkscape, English, Marathi, Hindi","React: Senior | JavaScript: Mid-level | HTML, CSS: Mid-level",[],[],66.66666666666666,False
474,b6a078ee-f8c5-4521-8cfc-284bdaaae480,285243,"Java, Cobol, Angular, Laravel, JavaScript, PHP, MySQL, UNIX/LINUX, NoSQL, MongoDB, Excel, C#, C, C++, HTML5, CSS3, SharePoint 2019, Jboss, Node.js, Scrum, .NET, JAVAEE, JSF, JSP, GIT, Vue.js, Symfony, AJAX, TypeScript, Kubernetes, Docker","JavaScript: Not experienced | HTML, CSS: Junior","['html: junior', 'css: junior']","['html: junior', 'css: junior']",100.0,False
475,192ca1b9-0fc3-4c98-bbda-be6b5e8bf8dc,239720,"JavaScript, TypeScript, React.js, Redux, Vue.js, Vuetify, Element-plus, Axios, Storybook, Effector, Ant Design, Git, SCSS, Sass, HTML5, Java, Spring Boot, Postman, MongoDB, Node.js, PostgreSQL","React: Junior | JavaScript: Junior | HTML, CSS: Junior","['react: junior', 'javascript: junior', 'html: junior', 'css: junior']","['react: junior', 'javascript: junior', 'html: junior']",100.0,False
476,41e9ceee-d3b5-476b-8921-53a2f741feaa,276394,"React, TypeScript, .NET Core, HTML5, CSS, Bootstrap, ReactJS, Node.js, Express, Angular, JavaScript, C#, MySQL, Material-UI, React-Bootstrap","React: Mid-level | JavaScript: Mid-level | HTML, CSS: Mid-level",[],[],100.0,True
477,fc4dc9c1-01b5-4071-9c4c-bcd068e89be0,253083,"React.js, Node.js, JavaScript, TypeScript, HTML, CSS, MySQL, Vitest, React-router-dom, React-error-boundary, Vite, Zod, React-hook-form, React-dnd, React-redux, Styled-components, Lodash, Tailwind CSS, MSW, Cypress, Date-fns, Google Analytics, Express, RESTful APIs, AWS, Git, GitHub, Bitbucket, Agile, Flagsmith, Data Structures and Algorithms, System Design, Design Patterns, CI/CD, VS Code","React: Mid-level | JavaScript: Mid-level | HTML, CSS: Junior","['html: junior', 'css: junior']","['html: junior', 'css: junior']",100.0,False
478,2356e9b4-1f70-43bb-937a-cbc3159bf631,275172,"Node.js, Express.js, JavaScript, TypeScript, React, Redux, HTML5, CSS3, Git, Data Structures and Algorithms, Webpack, Redis, Docker, Jira, Java, MySQL, MongoDB, AWS Cloud Services, Nginx, Teamwork, Leadership, Requirement Gathering, Work Alignment, Creativity","React: Junior | JavaScript: Mid-level | HTML, CSS: Junior","['react: junior', 'html: junior', 'css: junior']","['react: junior', 'html: junior', 'css: junior']",100.0,False
479,53d85009-ee81-4478-b40a-5c38dc986aff,264001,"JavaScript, TypeScript, Node.js, React, Next.js, MongoDB, PostgreSQL, Redis, Elasticsearch, HTML5, CSS3, Tailwind CSS, Radix UI, RESTful APIs, GraphQL, tRPC, Git, Docker, Jest, Cypress, WebSocket, Webpack, Jenkins, Express.js, D3.js, Socket.IO, Material-UI, AWS, Python, Java","React: Mid-level | JavaScript: Junior | HTML, CSS: Junior","['javascript: junior', 'html: junior', 'css: junior']","['javascript: junior', 'html: junior', 'css: junior']",100.0,False
480,748091e7-070c-4fe3-bdf4-44fb18bfc763,240812,"React.js, HTML5, CSS3, JavaScript, Bootstrap, Material-UI, Node.js, Express.js, Redux, Context API, PostgreSQL, RESTful APIs, MongoDB, Git, GitHub, GitLab, Postman, Visual Studio Code","React: Junior | JavaScript: Junior | HTML, CSS: Junior","['react: junior', 'javascript: junior', 'html: junior', 'css: junior']","['react: junior', 'javascript: junior', 'html: junior', 'css: junior']",100.0,False
481,8e2b6744-c729-4441-989c-ee42aa015bbe,254300,"HTML, CSS, Bootstrap, JavaScript, Python, React.js","React: Junior | JavaScript: Junior | HTML, CSS: Junior","['react: junior', 'javascript: junior', 'html: junior', 'css: junior']","['react: junior', 'javascript: junior', 'html: junior', 'css: junior']",100.0,False
482,810f9b79-3544-4f89-a541-5afaa892880c,271954,"C#, .NET, Java, SQL, Python, X++, React, JavaScript, TypeScript, Next.js, Redux, CSS3, SCSS, Tailwind CSS, Material-UI, Bootstrap, Lazy Loading, Lighthouse Audits, Accessibility Optimization, RESTful APIs, GraphQL, WebSockets, Jest, Cypress, Chrome DevTools, Cross-Browser Testing, Git, GitHub Actions, Vercel, AWS Amplify, Firebase, D3.js, PostgreSQL","React: Senior | JavaScript: Mid-level | HTML, CSS: Junior","['html: junior', 'css: junior']",['css: junior'],100.0,False
483,b152d34d-c34b-49cc-9bfe-41303f9e407a,280715,"JavaScript, Liquid, C#, Java, Python, CSS, HTML, React, Express, PostgreSQL, Node.js, Shopify, AppScript, Google Sheets, POSTMAN, GitHub, APIs, Visual Studio, IntelliJ IDEA","React: Junior | JavaScript: Junior | HTML, CSS: Junior","['react: junior', 'javascript: junior', 'html: junior', 'css: junior']","['react: junior', 'javascript: junior', 'html: junior', 'css: junior']",100.0,False
484,305b1d72-f01a-4365-9891-703befa8f1bb,294515,"Python, C++, JavaScript, SQL, React.js, Redux, Node.js, Express.js, MongoDB, HTML5, CSS3, Chart.js, GitHub, Git, VS Code, Dev C++","React: Not experienced | JavaScript: Not experienced | HTML, CSS: Not experienced",[],[],100.0,False
485,ce7b1fa8-6929-4da8-b1fc-8c72946b7c08,256489,"React.js, Angular, HTML, CSS, JavaScript, Node.js, Express.js, Python, RESTful APIs, MySQL, MongoDB, AWS, CI/CD, Git, GitHub, Bitbucket, Data Structures & Algorithms, Responsive Design, Collaboration, Problem-Solving, AI Frameworks, Terraform, AWS CloudFormation, GitHub Actions, DevOps, Machine Learning, Natural Language Processing, Predictive Analytics, Automated Workflows","React: Junior | JavaScript: Junior | HTML, CSS: Junior","['react: junior', 'javascript: junior', 'html: junior', 'css: junior']","['react: junior', 'javascript: junior', 'html: junior', 'css: junior']",100.0,False
486,8743e066-f1bd-486e-99ad-39434659ea2d,262332,"JavaScript, React.js, Redux, HTML5, CSS3, TypeScript, Next.js, Node.js, Express.js, REST APIs, Tailwind CSS, Chakra UI, Jest, Docker, CI/CD, AI Integration, Web Vitals, Lighthouse, React Profiler, GitHub Actions, Agile Methodologies, Google Analytics","React: Senior | JavaScript: Mid-level | HTML, CSS: Mid-level",[],[],100.0,True
487,04ee6034-f914-4995-8b27-b5067506d571,281577,"HTML, CSS, JavaScript, TypeScript, Node.js, React, Angular, Next.js, React Native, Ionic, MongoDB, GraphQL, Nest.js, HTML5, CSS3, Tailwind CSS, Bootstrap, Material UI, Styled Components, SASS, CSS Flexbox, CSS Grid, Webpack, PostgreSQL, MySQL, Firebase, Docker, Git, AWS, GitHub, GitLab, Postman, Jira, Jenkins, JWT, OAuth 2.0, Passport.js, Firebase Authentication, Jest, Mocha, Chai, Cypress, GitHub Actions, Docker Compose, Redis, Elasticsearch, Nginx, Swagger API documentation, API development","React: Junior | JavaScript: Junior | HTML, CSS: Junior","['react: junior', 'javascript: junior', 'html: junior', 'css: junior']","['react: junior', 'javascript: junior', 'html: junior', 'css: junior']",100.0,False
488,2c2889b6-2488-4214-ab68-690c87edbd35,269162,"JavaScript, TypeScript, React.js, Node.js, Express.js, MongoDB, SQL, Redux Toolkit, GraphQL, Git, GitLab, GitHub, HTML5, CSS, Tailwind CSS, Bootstrap","React: Junior | JavaScript: Junior | HTML, CSS: Junior","['react: junior', 'javascript: junior', 'html: junior', 'css: junior']","['react: junior', 'javascript: junior', 'html: junior', 'css: junior']",100.0,False
489,d5a30028-99b6-4490-b634-240bd653a8e8,265808,"JavaScript, HTML, CSS, React.js, HTML5, CSS3, Redux, Redux Toolkit, Tailwind CSS, Bootstrap, Responsive Design, UI Libraries, Visual Studio Code, Replit, Git, GitHub, Agile, Waterfall Methodologies","React: Junior | JavaScript: Junior | HTML, CSS: Junior","['react: junior', 'javascript: junior', 'html: junior', 'css: junior']","['react: junior', 'javascript: junior', 'html: junior', 'css: junior']",100.0,False
490,6f58164d-bc8a-4663-9dac-b88b9b107b8d,278441,"Visual Studio Code, Tailwind CSS, React.js, Node.js, GitHub, MySQL, Responsive Design, MongoDB, Java, HTML, CSS, JavaScript, Effective Communication, Adaptability, Problem-Solving, Time Management, Continuous Learning","React: Mid-level | JavaScript: Junior | HTML, CSS: Junior","['javascript: junior', 'html: junior', 'css: junior']","['javascript: junior', 'html: junior', 'css: junior']",100.0,False
491,4d6a7f86-aac0-407e-afb5-9f5bed1abedc,278212,"Full-Stack Development, JavaScript Frameworks, SDK Development","React: Junior | JavaScript: Not experienced | HTML, CSS: Junior","['react: junior', 'html: junior', 'css: junior']",['react: junior'],33.33333333333333,False
492,8ba75fe8-f55b-4f05-a1ca-dcbbd72272e1,260038,"React.js, React Query, Redux, Angular 17, AngularJS, Web Components, HTML5, CSS3, SASS, JavaScript, TypeScript, WCAG Support, OWASP, REST APIs, Python, Django, PostgreSQL, AWS, CI/CD, SPA, Git, GitLab, GitFlow, Docker, Unit Testing, Integration Testing, Jest, Kibana, Sentry, Teamwork, Problem-Solving","React: Mid-level | JavaScript: Mid-level | HTML, CSS: Mid-level",[],[],100.0,False
493,b7c9c0d5-c898-4e4b-9782-7586480a7c31,269717,"JavaScript, Python, React.js, Django, Redux, Tailwind CSS, Bootstrap, Next.js, VS Code, Git, GitLab, GitHub, Postman","React: Mid-level | JavaScript: Mid-level | HTML, CSS: Junior","['html: junior', 'css: junior']",['css: junior'],66.66666666666666,False
494,c49751dd-ce1f-4b70-8d48-8caf9a6d3102,265582,"JavaScript, Java, React.js, Node.js, Express.js, Next.js, TailwindCSS, HTML, API, CSS, Redux, Router, Wordpress, MongoDB, SQL, VS Code, Github, Postman, MongoDB Compass, Framer Motion","React: Mid-level | JavaScript: Mid-level | HTML, CSS: Mid-level",[],[],100.0,True
495,326c71ef-c42f-4e64-9aa8-bf8e31a8c1a1,260808,"HTML, CSS, JavaScript, Java, HL7, React, Bootstrap, Git, VS Code, ChatGPT, Mirth, PG Admin, SQL, PostgreSQL","React: Junior | JavaScript: Junior | HTML, CSS: Junior","['react: junior', 'javascript: junior', 'html: junior', 'css: junior']","['react: junior', 'javascript: junior', 'html: junior', 'css: junior']",100.0,False
496,f8491461-e804-43ee-a57f-0c3c84a1251e,272651,"Java, Python, JavaScript, TypeScript, HTML, CSS, React.js, SQL, PostgreSQL, MongoDB, AWS, Django, Spring, VGG16, ResNet50, EfficientB0, TensorFlow.js, ChatGPT, ShadCN UI, Tailwind CSS","React: Mid-level | JavaScript: Junior | HTML, CSS: Mid-level",['javascript: junior'],['javascript: junior'],100.0,True
497,b2bdf3a3-bb90-41a0-95d9-893994e6a2be,265480,"React.js, Node.js, GraphQL, HTML, CSS, JavaScript, Python, Django, MySQL, C#, .NET, jQuery, SQL Server","React: Junior | JavaScript: Junior | HTML, CSS: Junior","['react: junior', 'javascript: junior', 'html: junior', 'css: junior']","['react: junior', 'javascript: junior', 'html: junior', 'css: junior']",100.0,False
498,4ea533f2-4c1c-4433-b837-bf35dab3677b,256212,"PHP, JavaScript, HTML, CSS, MySQL, TypeScript, ReactJS, Laravel, CodeIgniter, WordPress, React Native, Android Studio, GIT, Docker","React: Junior | JavaScript: Junior | HTML, CSS: Junior","['react: junior', 'javascript: junior', 'html: junior', 'css: junior']","['react: junior', 'javascript: junior', 'html: junior', 'css: junior']",100.0,False
499,a6f98744-f27c-40d5-8074-ee186ac727e1,253068,"Java, Python, SQL, JavaScript, React.js, Cloud Computing, AWS, Linux, Ubuntu, CentOS, TCP/IP, DNS, Basic Network Administration, Jenkins, Git, GitHub, Docker, Problem-Solving, Communication, Leadership, Team Collaboration, Customer Focus","React: Mid-level | JavaScript: Mid-level | HTML, CSS: Junior","['html: junior', 'css: junior']",[],66.66666666666666,False
500,ca69f058-4321-4536-ada8-78afdec4f8fe,277162,"Figma, HTML, CSS, React Native, MySQL, Python","React: Junior | JavaScript: Junior | HTML, CSS: Junior","['react: junior', 'javascript: junior', 'html: junior', 'css: junior']","['react: junior', 'html: junior', 'css: junior']",66.66666666666666,False
501,e92487b0-50ac-4ccb-b0ad-b668c86e492f,259658,"React.js, Next.js, JavaScript, TypeScript, Git","React: Junior | JavaScript: Junior | HTML, CSS: Junior","['react: junior', 'javascript: junior', 'html: junior', 'css: junior']","['react: junior', 'javascript: junior']",66.66666666666666,False
502,48b2a0d3-3da7-459c-9127-49997cd10056,262553,"Java, Advanced Java, Servlets, JSP, JDBC, Spring, Spring Boot, Microservices, HTML, CSS, JavaScript, React.js, Oracle, MySQL, Eclipse, Visual Studio Code, Spring Tool Suite, Postman, Git, Apache Tomcat, Communication, Teamwork, Problem-Solving, Leadership, Adaptability, Time Management, Attention to Detail, English, Telugu","React: Not experienced | JavaScript: Not experienced | HTML, CSS: Not experienced",[],[],100.0,False
503,b545cf28-a973-42f8-964a-044250be67c6,275147,"HTML, CSS, JavaScript, React, Redux, Axios, Material UI, TypeScript, Node.js, Git","React: Junior | JavaScript: Junior | HTML, CSS: Junior","['react: junior', 'javascript: junior', 'html: junior', 'css: junior']","['react: junior', 'javascript: junior', 'html: junior', 'css: junior']",100.0,False
504,3189f329-9cb0-454b-aaf5-a37796b0126d,265423,"C, C++, Python, JavaScript, React.js, Material-UI, Node.js, Express.js, OpenCV, Flask, Jest, Next.js, MongoDB, AWS, Heroku, Express, Django, Redux, Git","React: Junior | JavaScript: Junior | HTML, CSS: Mid-level","['react: junior', 'javascript: junior']","['react: junior', 'javascript: junior']",66.66666666666666,False
505,3074c658-98b0-4c20-9a75-d1784193ac07,266291,"Angular, Node.js, MySQL, React, Python, MongoDB, Trello, PostgreSQL, GitHub, Jira, AWS","React: Junior | JavaScript: Junior | HTML, CSS: Junior","['react: junior', 'javascript: junior', 'html: junior', 'css: junior']","['react: junior', 'javascript: junior']",33.33333333333333,False
506,77c2224c-6ca3-4f08-90cb-2a3ae4b10ff0,273004,"Angular, React.js, Redux, Backbase, NgRx, TypeScript, JavaScript, Node.js, RxJS, GraphQL, Less, SCSS, Tailwind CSS, Bootstrap, Material-UI, Docker, NPM, MongoDB, MySQL, GIT, Bitbucket, Visual Studio Code, AWS Serverless, AWS S3, AWS EC2, AWS Lambda, AWS Cognito, AWS Step Functions, Azure DevOps","React: Junior | JavaScript: Junior | HTML, CSS: Junior","['react: junior', 'javascript: junior', 'html: junior', 'css: junior']","['react: junior', 'javascript: junior', 'css: junior']",100.0,False
507,73cf2192-a162-45e4-9abe-116b6058775f,281233,"JavaScript, TypeScript, HTML, ReactJS, Redux Toolkit, CSS, Material UI, Tailwind, Version Control, GitHub, Azure DevOps, Jest, Agile Management, Software Development Life Cycle","React: Mid-level | JavaScript: Junior | HTML, CSS: Junior","['javascript: junior', 'html: junior', 'css: junior']","['javascript: junior', 'html: junior', 'css: junior']",100.0,False
508,ed6b612c-d1b7-4c0a-aa32-fa61234a2286,278693,"Java, C++, C, Python, HTML, CSS, JavaScript, React, Node.js, Git, MySQL, MongoDB, SQLite, Agile methodologies, Debugging, Testing, API integration, Graphic Designing Software, Communication, Presentation, Organizing, Leadership, Time management, Organization","React: Not experienced | JavaScript: Not experienced | HTML, CSS: Not experienced",[],[],100.0,False
509,ef736922-e31a-4b46-b3f6-bb878f354b19,272974,"React, Next.js, JavaScript, HTML5, CSS3, Responsive Design, Node.js, Express.js, REST APIs, MongoDB, Mongoose, Git, Cloudinary, Postman, Netlify, Render","React: Mid-level | JavaScript: Junior | HTML, CSS: Junior","['javascript: junior', 'html: junior', 'css: junior']","['javascript: junior', 'html: junior', 'css: junior']",100.0,False
510,4338b96c-765f-4fbc-ac2d-7329a3b4db85,256809,"JavaScript, HTML, CSS, React.js, Next.js, Styled Components, Gatsby, Storybook, TypeScript, Node.js, Koa.js, Jest","React: Mid-level | JavaScript: Junior | HTML, CSS: Junior","['javascript: junior', 'html: junior', 'css: junior']","['javascript: junior', 'html: junior', 'css: junior']",100.0,False
511,3999e753-22ac-4fb1-8001-7476d0cee55d,247874,"Python, Core Java, Advanced Java, SQL, HTML, CSS, JavaScript, Full Stack Web Development, Spring, Django, Power BI, Pandas, AWS, Three.js, Next.js, Angular, WordPress, Flutter, Generative AI, React.js, TypeScript","React: Not experienced | JavaScript: Junior | HTML, CSS: Junior","['javascript: junior', 'html: junior', 'css: junior']","['javascript: junior', 'html: junior', 'css: junior']",100.0,False
512,8847f9d3-d25b-4552-9788-2ad3b1c00e3d,279588,"Java, C++, C#, HTML, CSS, JavaScript, React.js, Node.js, Windows, Linux, SQL, MySQL, Spring Boot, .NET Framework","React: Mid-level | JavaScript: Mid-level | HTML, CSS: Mid-level",[],[],100.0,True
513,43670339-4baa-4fe4-9454-f23c822ce436,257653,"HTML, CSS, JavaScript, React.js, Node.js","React: Mid-level | JavaScript: Junior | HTML, CSS: Junior","['javascript: junior', 'html: junior', 'css: junior']","['javascript: junior', 'html: junior', 'css: junior']",100.0,False
514,69be67ea-6920-443e-b1c8-f3a1b3ee2fdc,276375,"React, JavaScript, HTML, CSS, Responsive Design, Git/GitHub, Angular, Next.js, TypeScript, Problem Solving, Collaboration, Code Review, Debugging, Documentation, Agile Development","React: Junior | JavaScript: Junior | HTML, CSS: Junior","['react: junior', 'javascript: junior', 'html: junior', 'css: junior']","['react: junior', 'javascript: junior', 'html: junior', 'css: junior']",100.0,False
515,ac44825c-6d82-46c1-8048-eb81eecfbc02,255102,"Python, JavaScript, SQL, HTML, CSS, React, Node.js, Express.js, Git, GitHub, MySQL, PostgreSQL, AWS, REST APIs, Postman, VS Code, OOPS, Computer Networks, DBMS, Blockchain, Data Structure & Algorithm, Solidity, MetaMask, IPFS, Android Studio, TensorFlow Lite","React: Junior | JavaScript: Not experienced | HTML, CSS: Not experienced",['react: junior'],['react: junior'],100.0,False
516,c1cba2e9-69b6-475e-a8d3-64db00b72810,281800,"HTML & CSS, JavaScript, React, React Hooks, Redux, Node.js, TypeScript, Git","React: Junior | JavaScript: Junior | HTML, CSS: Junior","['react: junior', 'javascript: junior', 'html: junior', 'css: junior']","['react: junior', 'javascript: junior', 'html: junior', 'css: junior']",100.0,False
517,b91f7294-4182-4d45-91bc-a71c74c9828b,271366,"TypeScript, JavaScript, React, Next.js, Node.js, Express.js, Tailwind CSS, CSS, HTML, Redux, Redux Toolkit, Git, GitHub, Sass, React Query, Firebase, Framer Motion, WebSocket, Mapbox GL, i18next, Styled Components, Material-UI, AngularJS, MongoDB, Vercel, API Integration, React Hook Form, Zod, Yup, Storybook, Responsive Web Design, Ant Design, React-Leaflet, Context API, .NET Framework, PHP Laravel, React RSuite","React: Mid-level | JavaScript: Junior | HTML, CSS: Junior","['javascript: junior', 'html: junior', 'css: junior']","['javascript: junior', 'html: junior', 'css: junior']",100.0,False
518,1f7be088-29b4-4b7a-849b-8732c6e684de,280794,"C#, CSHTML, CSS, HTML, Java, JavaScript, LaTeX, PHP, Python, TypeScript, YAML, Angular.js, ASP.NET, Bootstrap, Deno, Electron, Express.js, Jest, Material-UI, Mongoose, Nest.js, Next.js, Node.js, Node Web Kit, SASS/SCSS, Tailwind CSS, Flask, JavaFX, jQuery, NativeWind, NgRx, Radix UI, React.js, React Native, Redux, RxJS, Scikit-learn, Seaborn, Selenium, Shadcn, TensorFlow, Three.js, Appwrite, AWS, Firebase, MongoDB, MySQL, Microsoft SQL Server, PostgreSQL, Apollo, Axios, Babel","React: Junior | JavaScript: Junior | HTML, CSS: Mid-level","['react: junior', 'javascript: junior']","['react: junior', 'javascript: junior']",100.0,False
519,cf03926a-b3da-49b4-a910-41635937589c,267042,"HTML5, CSS, JavaScript, jQuery, AJAX, JSON, XML, Bootstrap, React.js, SASS, LESS, D3.js, Jasmine, Jest, Karma, React Testing Library, Cypress, Java, Hibernate, Spring MVC, Coder, Notepad++, Microsoft Visual Studio Code, Eclipse IDE, Sublime Text 2, IntelliJ, WebStorm, Apache, Tomcat, MVC, Oracle, MySQL, MongoDB, CouchDB, Windows 10, Mac OS, Unix, Linux, GIT, SVN, Jenkins, Bitbucket, Jira, MS Office, Firebug, Redux Dev Tools, React Dev Tools, Chrome Developer Tools, Sketch, Mockup, Splunk, Grafana, Honeycomb, Adobe Analytics, TypeScript, Node.js, Restful API, Postman, Swagger, SMT, VS Codebase, Angular, Next.js, Fluent UI, Medallia, Python, SQL, GraphQL, Docker, React Native, NPM, GitHub, AngularJS, Core Java, Spring Boot, iOS, Android, WordPress","React: Junior | JavaScript: Junior | HTML, CSS: Junior","['react: junior', 'javascript: junior', 'html: junior', 'css: junior']","['react: junior', 'javascript: junior', 'html: junior', 'css: junior']",100.0,False
520,0a8f6237-a11d-4842-83ab-8c8a533d0c9f,267761,"React.js, Next.js, JavaScript, HTML, CSS, Bootstrap, Material UI, Recoil, Redux, MySQL, RESTful APIs, GraphQL APIs, GitLab, Slack, Postman, WinSCP, PuTTY, Tiga, GraphQL Sandbox","React: Junior | JavaScript: Junior | HTML, CSS: Junior","['react: junior', 'javascript: junior', 'html: junior', 'css: junior']","['react: junior', 'javascript: junior', 'html: junior', 'css: junior']",100.0,False
521,db296102-bd68-4196-841d-0cf1266c42bd,238499,"CSS, Bootstrap, HTML, HTML5, CSS3, JavaScript, React, Material UI, Ant Design, React Bootstrap, Git, Redux Toolkit","React: Junior | JavaScript: Junior | HTML, CSS: Junior","['react: junior', 'javascript: junior', 'html: junior', 'css: junior']","['react: junior', 'javascript: junior', 'html: junior', 'css: junior']",100.0,False
522,4f52c966-f0d6-45fe-b1ee-d3bafec66fb9,292771,"HTML, CSS, JavaScript, Python, React, Git, GitHub","React: Not experienced | JavaScript: Not experienced | HTML, CSS: Not experienced",[],[],100.0,False
523,cd3cf7f6-ae51-441b-87d0-5e196178083f,266255,"HTML, CSS, Sass, JavaScript, jQuery, Angular, React, Astro, Bootstrap, UI/UX Design, Front-End Coding, Responsive Design, Mobile Design, Agile, Scrum, Git, VS Code, Jira, Confluence, WordPress, Adobe Photoshop, Adobe Illustrator, Figma, MS Office, Eclipse, GitHub, Bitbucket, Less, TypeScript, Laravel, Drupal, PHP, Problem-Solving, Critical Thinking, Attention to Detail, Accuracy, Adaptability, Flexibility, Time Management, Prioritization, Collaboration, Cross-Functional Coordination, Communication, Presentation Skills, Creativity, Innovation, Active Learning, Continuous Improvement, Teamwork, Interpersonal Skills, Analytical Thinking, Logical Thinking, Empathy, Customer-Centric Mindset, User Experience","React: Junior | JavaScript: Junior | HTML, CSS: Mid-level","['react: junior', 'javascript: junior']","['react: junior', 'javascript: junior']",100.0,False
524,b453ab4f-5b1a-45c2-acd9-6621ca374164,275085,"Node.js, React, CSS, WordPress, Project Lead, Problem-Solving, JavaScript, HTML","React: Junior | JavaScript: Junior | HTML, CSS: Junior","['react: junior', 'javascript: junior', 'html: junior', 'css: junior']","['react: junior', 'javascript: junior', 'html: junior', 'css: junior']",100.0,False
525,86ddc682-a8e6-4cad-82b2-5d7830ed14f3,268372,"React.js, HTML, Laravel, PHP, Vue.js, Python, JSON, MySQL, SQL Server, CodeIgniter, JavaScript, CSS, Bootstrap, jQuery, Linux, CI/CD, Vuex, Vuetify, Java, Axios, REST API, Tailwind CSS, TypeScript, ESLint, Photoshop, WordPress, Xamarin, MongoDB, XML, OpenERP/Odoo, Jasper Report, Bazaar, Android, Kotlin, Swift, .NET, Windows, English","React: Not experienced | JavaScript: Junior | HTML, CSS: Not experienced",['javascript: junior'],['javascript: junior'],100.0,False
526,5c6976f2-cf1b-4f6b-875c-cb6a0f6fe2b2,287738,"Java, Spring Boot, Angular, CSS, TypeScript, PostgreSQL, Eclipse","React: Not experienced | JavaScript: Junior | HTML, CSS: Not experienced",['javascript: junior'],[],33.33333333333333,False
527,5587b5a3-2654-43ae-b92a-43669979f3ca,279044,"JavaScript, HTML, CSS, Remix.js, GraphQL, MUI, Mantine UI, React Redux, React.js, MongoDB, Node.js, Problem Solving, Next.js","React: Mid-level | JavaScript: Junior | HTML, CSS: Junior","['javascript: junior', 'html: junior', 'css: junior']","['javascript: junior', 'html: junior', 'css: junior']",100.0,False
528,9150fbef-8e7e-434d-a7f9-045d1500ec92,264783,"Python, Java, JavaScript, PHP, Kotlin, HTML, CSS, C++, React.js, Express.js, Flask, Django, Bootstrap, Google APIs, gRPC, Docker, Git, GitHub, AWS S3, AWS EC2, AWS Lambda, Kubernetes, Agile Methodologies, Selenium, Postman, Pytest, MySQL, PostgreSQL, MongoDB, Google Firestore, Hugging Face Transformers, OpenAI APIs, Gemini AI, TensorFlow, PyTorch, Node.js, RESTful APIs, CI/CD, JSON, scikit-learn, pandas, numpy, matplotlib, Android Studio","React: Junior | JavaScript: Junior | HTML, CSS: Junior","['react: junior', 'javascript: junior', 'html: junior', 'css: junior']","['react: junior', 'javascript: junior', 'html: junior', 'css: junior']",100.0,False
529,a14917f8-4cac-4254-a18f-8512a8bb2de1,274033,"Java, C, Python, HTML5, CSS3, Javascript, MySQL, MongoDB, AWS, Firebase, Android Studio, Figma, GitHub, Replit, Computer Networks, Data Structures & Algorithms, Problem-Solving, Adaptability, Leadership, Communication Skills","React: Junior | JavaScript: Junior | HTML, CSS: Junior","['react: junior', 'javascript: junior', 'html: junior', 'css: junior']","['javascript: junior', 'html: junior', 'css: junior']",66.66666666666666,False
530,d0de3cf6-37ee-4558-87d0-541a9f3f2b4e,235568,"HTML, CSS, JavaScript, Bootstrap, React.js, Node.js, MongoDB, GitHub, Jira, Bitbucket, Gitlab, Jenkins","React: Junior | JavaScript: Junior | HTML, CSS: Junior","['react: junior', 'javascript: junior', 'html: junior', 'css: junior']","['react: junior', 'javascript: junior', 'html: junior', 'css: junior']",100.0,False
531,8a7257c2-5ab2-4d15-8ce3-951594f33241,272648,"JavaScript, ES6, ReactJS, Redux, React Hooks, React Router, JSX, HTML, CSS, Bootstrap, ExpressJS, NodeJS, MongoDB, Redux-thunk, React Context API, Webpack, npm, RESTful APIs, Axios, JWT, Postman, Git, GitHub, Mongoose, AJAX, JSON, Responsive Design, Continuous Integration, Windows, macOS, Linux","React: Mid-level | JavaScript: Junior | HTML, CSS: Mid-level",['javascript: junior'],['javascript: junior'],100.0,False
532,28d67085-bd8f-4b37-8207-b9b1a9693bb3,260169,"C, HTML5, CSS, JavaScript, DSA, Java, DBMS, OOP, Spring Boot, SQL, MySQL, React.js, Node.js, UI/UX, Java Server, MongoDB, Problem Solving, SDLC, API, MVC, XML, Kubernetes, Microsoft Azure, Git/GitHub","React: Junior | JavaScript: Senior | HTML, CSS: Junior","['react: junior', 'html: junior', 'css: junior']","['react: junior', 'html: junior', 'css: junior']",100.0,False
533,4080098b-6c5c-4552-b015-4ffcd7e0041c,273627,"HTML, CSS, JavaScript, TypeScript, React.js, Tailwind CSS, Redux, Next.js, Node.js, Express, MongoDB, Prisma, WordPress, Elementor","React: Junior | JavaScript: Junior | HTML, CSS: Junior","['react: junior', 'javascript: junior', 'html: junior', 'css: junior']","['react: junior', 'javascript: junior', 'html: junior', 'css: junior']",100.0,False
534,fa2c43a3-801e-4e86-8d54-233a0d5868b6,269978,"C#, .NET Framework, .NET Core, .NET 6+, ASP.NET, ASP.NET MVC, WebAPI, Razor Pages, Blazor, SQL Server, MySQL, PostgreSQL, MongoDB, Redis, HTML5, CSS3, JavaScript, Angular, React, RESTful API, gRPC, SignalR, Microsoft Azure, AWS, Docker, Kubernetes, Serilog, ELK Stack, Application Insights, Quality Assurance Testing, Automated Testing, Git, Entity Framework, EF Core, Dapper, Microservices Architecture, xUnit, NUnit, MSTest, Azure DevOps, Jenkins, Xamarin, .NET MAUI, WPF, SSRS, PowerBI, Crystal Reports, Azure Logic Apps, Azure Data Factory, Redgate SQL Monitor, New Relic, Dynatrace","React: Junior | JavaScript: Junior | HTML, CSS: Mid-level","['react: junior', 'javascript: junior']","['react: junior', 'javascript: junior']",100.0,False
535,ef93e0d4-c374-4fc4-bded-9432762f2326,280911,"HTML, CSS, JavaScript, React.js, PHP, MySQL, Node.js, jQuery, Kotlin, Swift, MSSQL, MongoDB, SQL","React: Not experienced | JavaScript: Not experienced | HTML, CSS: Not experienced",[],[],100.0,False
536,5d7567b7-92d1-4266-a63d-4f4f490a65b7,238409,"React.js, Node.js, Firebase, MongoDB, HTML, CSS3, React Native, MySQL, Adobe Premiere Pro, Adobe After Effects, Adobe Photoshop, C#","React: Junior | JavaScript: Junior | HTML, CSS: Junior","['react: junior', 'javascript: junior', 'html: junior', 'css: junior']","['react: junior', 'javascript: junior', 'html: junior', 'css: junior']",66.66666666666666,False
537,29698587-f4e3-486a-a9d7-e6ab8681c3f1,242609,"React.js, JavaScript, HTML, CSS, Bootstrap, Tailwind CSS, PHP, MySQL, Git, GitHub","React: Junior | JavaScript: Junior | HTML, CSS: Junior","['react: junior', 'javascript: junior', 'html: junior', 'css: junior']","['react: junior', 'javascript: junior', 'html: junior', 'css: junior']",100.0,False
538,0663f515-a863-4f62-8bbe-4096ac6a4975,255163,"React.js, Angular, Next.js, Node.js, Nest, JavaScript, HTML5, CSS3, TypeScript, Tailwind CSS, Bootstrap, Material UI, Redux, User Interface Design, Next-Auth, Express.js, RESTful APIs, MongoDB, Socket.IO, GraphQL APIs, Object-Oriented Programming, Software Engineering Principles, Performance Testing, Debugging, Unit Testing, Git, GitHub, Vercel, Firebase, Agile Methodologies, Code Review, Troubleshooting, Software Design Patterns","React: Mid-level | JavaScript: Junior | HTML, CSS: Junior","['javascript: junior', 'html: junior', 'css: junior']","['javascript: junior', 'html: junior', 'css: junior']",100.0,False
539,10892c30-b5f7-4c37-be9d-e6dbd059b889,273864,"HTML5, CSS3, JavaScript, React, Redux, Angular, Node.js, Next.js, Vue.js, Bootstrap, Webpack, WebSocket, Backbone.js, jQuery, TypeScript, RESTful API, AWS, Docker, Kubernetes, Jenkins, MySQL, MongoDB, GraphQL, SASS, LESS, AJAX, JSON, Git, Bitbucket, GitLab, Jest, Jasmine, Karma, Cypress, Selenium, React Testing Library, Express.js, Grunt, Gulp, Bower, WordPress, Handlebars.js, Tailwind CSS, Vue Router, Vuex, Vue CLI, Flux, SQL","React: Mid-level | JavaScript: Junior | HTML, CSS: Junior","['javascript: junior', 'html: junior', 'css: junior']","['javascript: junior', 'html: junior', 'css: junior']",100.0,False
540,a07eb16b-d9c8-49c8-ac4f-581a721cbcb5,261227,"HTML, CSS, SASS, JavaScript, TypeScript, Node.js, Java, React, React Native, Next.js, Express, TailwindCSS, Redux, Zustand, SWR, TanStack-Query, RESTful APIs, MongoDB, AWS, S3, Lambda, Firebase, PostgreSQL, Git, GitHub, Data Structures & Algorithms, Test-Driven Development (TDD), Functional Programming (FP), Object-Oriented Programming (OOP)","React: Mid-level | JavaScript: Mid-level | HTML, CSS: Mid-level",[],[],100.0,False
541,9adcd4c5-d8fa-42b6-b5a9-68e081dd5ea6,268801,"Python, Django, Java, C++, C, HTML, CSS, JavaScript, Machine Learning, Data Analytics, Cloud Computing, MERN Stack, Frontend Development, React.js, Creativity, Communication, Teamwork, Public Speaking, Debating, Problem-Solving, Leadership, Time Management, Decision-Making","React: Mid-level | JavaScript: Junior | HTML, CSS: Junior","['javascript: junior', 'html: junior', 'css: junior']","['javascript: junior', 'html: junior', 'css: junior']",100.0,False
542,883fe60f-7b90-47c1-a12c-65a727aaf406,267899,"HTML5, CSS3, JavaScript, React.js, Angular, jQuery, Redux, AJAX, MySQL, MongoDB, PostgreSQL, SQL Server, Oracle, Redis, Firebase, Cassandra, Node.js, Express.js, Next.js, NPM, Java, Spring Boot, Hibernate, Python, Django, ASP.NET, Flask, MVC Framework, SOAP, RESTful APIs, Maven, Microservices, Bash Script, Git, Visual Studio Code, Docker, Jenkins, Kubernetes, AWS, Microsoft Azure, Apache, Nginx, Swagger, Postman, Apache Kafka, GitLab, CI/CD, Linux, Jest, Agile, Scrum, Heroku","React: Mid-level | JavaScript: Mid-level | HTML, CSS: Mid-level",[],[],100.0,False
543,0e750c9a-e0c2-41fc-8ed7-122de99a5a1e,242657,"React.js, Jest, Jenkins, Material UI, Data Science, JavaScript, Software Testing, HTML5, Ant Design, Redux, TypeScript, Git, CSS3, Machine Learning, Redux Saga","React: Junior | JavaScript: Mid-level | HTML, CSS: Junior","['react: junior', 'html: junior', 'css: junior']","['react: junior', 'html: junior', 'css: junior']",100.0,False
544,8be603f0-443e-48c0-a3eb-e7fb5bf5b31a,305778,"Java, Swift, JavaScript, SwiftUI, Python, PySpark, HTML, CSS, Bootstrap, React.js, Node.js, Express.js, Spring Framework, Spring Boot, Spring Cloud, PostgreSQL, MySQL, MongoDB, Oracle, Git, JIRA, Bitbucket, Confluence, Docker, Mockito, Microsoft App Center, Chai, Mocha, Jest, XCTest, XCUITest, AWS S3, AWS EC2, AWS SQS, AWS CloudWatch, AWS Lambda, AWS Elastic Beanstalk, AWS RDS, Charles, Postman, Figma, Restful APIs, Agile, Databricks, Apache Spark, Apache Kafka, Xcode, GitLab CI/CD, SonarQube","React: Mid-level | JavaScript: Mid-level | HTML, CSS: Junior","['html: junior', 'css: junior']","['html: junior', 'css: junior']",100.0,False
545,8f578c6a-cfd1-41b0-ac4b-3e4bcb766ab9,265904,"HTML5, CSS3, JavaScript, React, Tailwind CSS, Bootstrap, Git, GitHub, Responsive Design, Debugging, Browser Developer Tools, Visual Studio Code","React: Junior | JavaScript: Junior | HTML, CSS: Junior","['react: junior', 'javascript: junior', 'html: junior', 'css: junior']","['react: junior', 'javascript: junior', 'html: junior', 'css: junior']",100.0,False
546,191dcaa8-9278-472d-894f-d5b090c69236,272076,"Node.js, React, Express.js, MongoDB, Jenkins, Docker, AWS IAM, AWS S3, AWS EC2, HTML, JavaScript, TypeScript, GraphQL, Ajax, JSON, LAMP, XAMPP, REST Services, PHP, YII (MVC Framework), MySQL, Eclipse, Visual Studio Code, SOAP Services, Apache, AWS Lambda, SVN, GIT, TFS, Redux, jQuery, CSS, SASS, LESS, Dreamweaver, PHPStorm, SQL Server, HTML5, CSS3, Bootstrap, Angular, Smarty","React: Junior | JavaScript: Junior | HTML, CSS: Junior","['react: junior', 'javascript: junior', 'html: junior', 'css: junior']","['react: junior', 'javascript: junior', 'html: junior', 'css: junior']",100.0,False
547,3119e32e-ccc6-41f0-8f43-64b473f9d7ed,266856,"HTML, JavaScript, CSS, SCSS, Zustand, Redux, Git, Google APIs, OAuth, Axios, JSON, Microsoft Office, React.js, Next.js, Vue.js, Nuxt.js, Node.js, Express.js, Vite, Webpack, WordPress, Shopify, Ghost.org, Strapi, Framer, Postman, Jest, Cypress, PostgreSQL, MongoDB, Mongoose, Google Cloud Platform, Firebase, TailwindCSS, MUI, Bootstrap, jQuery, lodash, Draft.js, Chart.js, Recharts, Framer Motion, GSAP, Adaptive Web Design, Responsive Web Design, Figma, Adobe XD, Photoshop, Agile, SCRUM","React: Mid-level | JavaScript: Junior | HTML, CSS: Mid-level",['javascript: junior'],['javascript: junior'],100.0,False
548,94d3489d-2eb0-4842-9c36-e24745edb7d9,280158,"TypeScript, JavaScript, React.js, Redux, Next.js, Vue.js, HTML, CSS, Tailwind CSS, Bootstrap, Ant Design, ShadCN UI, NextUI, MUI, Node.js, Express.js, Mongoose, VS Code, Android Studio, Postman, Figma, Vercel, Netlify, IntelliJ IDEA Ultimate","React: Junior | JavaScript: Junior | HTML, CSS: Mid-level","['react: junior', 'javascript: junior']","['react: junior', 'javascript: junior']",100.0,False
549,1d64fc76-769b-40e0-a301-456b3a065358,281272,"C, HTML, CSS, JavaScript, PHP, Laravel, ReactJS, Sublime Text 3, GitHub, GitLab, Visual Studio Code, Heroku, Windows 11, Fedora, Ubuntu, XAMPP, Laragon, MySQL, Oracle, NoSQL, HeidiSQL, WordPress, Data Annotation, Figma, MERN, Bootstrap, Sass, CSS3, PHPStorm, MongoDB, Express.js, Node.js","React: Junior | JavaScript: Junior | HTML, CSS: Junior","['react: junior', 'javascript: junior', 'html: junior', 'css: junior']","['react: junior', 'javascript: junior', 'html: junior', 'css: junior']",100.0,False
550,e9731e99-c953-4f05-93bd-cdf0abf0f141,288011,"HTML, CSS, JavaScript, C, C++, Java, Node.js, MySQL, MongoDB, React.js, Bootstrap, Data Structures & Algorithms, System Design, Distributed Computing","React: Not experienced | JavaScript: Not experienced | HTML, CSS: Not experienced",[],[],100.0,False
551,f1e1216c-f644-4a31-84fb-064c73cc6cfe,255429,"HTML, CSS, JavaScript, React.js, Next.js, Node.js, Express.js, RESTful APIs, MongoDB, Git, GitHub, Postman, JWT Authentication","React: Junior | JavaScript: Junior | HTML, CSS: Junior","['react: junior', 'javascript: junior', 'html: junior', 'css: junior']","['react: junior', 'javascript: junior', 'html: junior', 'css: junior']",100.0,False
552,43d3bea2-8c44-4c68-99a3-182df61aabf9,275204,"Creativity, Adaptability, Management, Collaboration, Problem-Solving, Emotional Intelligence, Organization, Communication, HTML, CSS3, JavaScript, MySQL, Firebase, Bootstrap, Vue.js, Node.js, Figma, GitHub, Microsoft Excel, Microsoft Word","React: Not experienced | JavaScript: Junior | HTML, CSS: Junior","['javascript: junior', 'html: junior', 'css: junior']","['javascript: junior', 'html: junior', 'css: junior']",66.66666666666666,False
553,6021b55c-bd8a-441b-8a53-92e2960e1729,279626,"Java, Shell Scripts, Project Management, Agile Methodologies, DevOps, GitLab, Jenkins, Docker, Node.js, React.js, Scrum, AWS, TypeScript, Jest, VSCode Extension Development, Spring Boot, Spring Security, Vaadin, MongoDB, OpenAI APIs, HTML, CSS, Next.js, Tailwind.css, C#, Python, Django, Flask, ASP.NET Core, MySQL, PostgreSQL, CircleCI, Git, Nginx, GraphQL, RESTful API, NoSQL, Redis, FastDFS, Design Patterns, WebSockets, Cisco, SonarQube, jQuery, WordPress, ADA Compliance, SEO, UI/UX, Wireframing","React: Junior | JavaScript: Junior | HTML, CSS: Junior","['react: junior', 'javascript: junior', 'html: junior', 'css: junior']","['react: junior', 'javascript: junior', 'html: junior', 'css: junior']",66.66666666666666,False
554,f7dd0a01-da34-432c-93a4-fdc2c3bb2ad3,275091,"JavaScript, TypeScript, Python, C/C++, Rust, HTML/CSS, React, Tailwind CSS, Node.js, Express, React Native, Next.js, Tauri, MongoDB, MySQL, Redis, Git, Visual Studio Code, Android Studio, Postman, Collaboration, Continuous Learning, Resilience","React: Mid-level | JavaScript: Mid-level | HTML, CSS: Mid-level",[],[],100.0,False
555,3f15cfc1-9c40-40da-905e-efa8b583d27d,277850,"Java, Python, Linux, MySQL, React, Spring Boot, Debugging, RESTful API Design and Development","React: Junior | JavaScript: Junior | HTML, CSS: Junior","['react: junior', 'javascript: junior', 'html: junior', 'css: junior']",['react: junior'],33.33333333333333,False
556,1a2d55e3-d131-4304-8ab3-fedad960ca26,254154,"Java, C, C++, Python, JavaScript, React.js, Node.js, MongoDB, Express.js, WebRTC, Data Structures and Algorithms, MySQL, Problem Solving, Collaboration, Adaptability, Time Management","React: Junior | JavaScript: Junior | HTML, CSS: Junior","['react: junior', 'javascript: junior', 'html: junior', 'css: junior']","['react: junior', 'javascript: junior']",66.66666666666666,False
557,894bab6c-28cb-4198-b394-d15b08abe30b,271568,"Time Management, Creativity, Software Development, Team Collaboration, Attention to Detail, Critical Thinking, Leadership, IT Consultancy","React: Junior | JavaScript: Junior | HTML, CSS: Junior","['react: junior', 'javascript: junior', 'html: junior', 'css: junior']",[],0.0,False
558,6ed276b1-5e7a-46ab-9184-baef6b7c7562,276144,"HTML, CSS, React.js, GitHub, Bootstrap, Tailwind CSS","React: Junior | JavaScript: Junior | HTML, CSS: Mid-level","['react: junior', 'javascript: junior']",['react: junior'],66.66666666666666,False
559,8d537db1-2507-418f-b6b1-3f7207941af5,279370,"React.js, HTML, CSS, JavaScript, Bootstrap, GitHub, Git, VS Code, Sublime Text, Android Studio, Postman, Redux, AngularJS, Cordova, Ionic, Node.js, RESTful API, React Hooks, React Router, JWT","React: Junior | JavaScript: Junior | HTML, CSS: Junior","['react: junior', 'javascript: junior', 'html: junior', 'css: junior']","['react: junior', 'javascript: junior', 'html: junior', 'css: junior']",100.0,False
560,094c0186-fd62-4cba-89e2-9b332c75753e,272869,"Python, JavaScript, HTML, CSS, Node.js, Tailwind, React.js, VScode, Git, GitHub, MongoDB, App Development, Cloud Security, Problem Solving, Self-learning, Presentation, Adaptability","React: Junior | JavaScript: Junior | HTML, CSS: Junior","['react: junior', 'javascript: junior', 'html: junior', 'css: junior']","['react: junior', 'javascript: junior', 'html: junior', 'css: junior']",100.0,False
561,58e930eb-6e10-4bf7-8fb9-c7df1bb37900,266734,"HTML, CSS, Bootstrap, JavaScript, React.js, Python, Express, Node.js, SQLite, Flexbox, Git","React: Not experienced | JavaScript: Junior | HTML, CSS: Junior","['javascript: junior', 'html: junior', 'css: junior']","['javascript: junior', 'html: junior', 'css: junior']",100.0,False
562,c114836b-67b8-4d78-bada-3a65223914f3,276170,"JavaScript, TypeScript, Vue.js, React, Next.js, Node.js, Express.js, RESTful APIs, Jest, Cypress, TDD, Tailwind CSS, Material Design, Chakra UI, GitHub, CI/CD, Agile, Prototyping, Iterative Development, Linux, Git, Cross-browser Development, Cross-platform Development, Collaboration, Mentoring, Technical Leadership, Communication, Knowledge Sharing, Innovation, Adaptability","React: Junior | JavaScript: Junior | HTML, CSS: Junior","['react: junior', 'javascript: junior', 'html: junior', 'css: junior']","['react: junior', 'javascript: junior', 'css: junior']",66.66666666666666,False
563,d64aa974-9b7b-4a25-a4fa-001a53d04720,263805,"HTML, CSS, JavaScript, TypeScript, React, React Native, Angular, Vue, Next.js, Node.js, Nest.js, REST, GraphQL, Headless CMS, AWS","React: Mid-level | JavaScript: Junior | HTML, CSS: Mid-level",['javascript: junior'],['javascript: junior'],100.0,False
564,794a8ab6-96a7-45cf-a968-c693cc50cc00,237170,"C#, .NET, Entity Framework, HTML, CSS, Bootstrap, jQuery, JavaScript, React, Redux, Git, MySQL, PostgreSQL, Figma, MS Office, MS Word","React: Mid-level | JavaScript: Junior | HTML, CSS: Junior","['javascript: junior', 'html: junior', 'css: junior']","['javascript: junior', 'html: junior', 'css: junior']",100.0,False
565,66f59983-4574-4a99-ac85-4861fb087c7c,281665,"HTML5, JavaScript, CSS, Shopify Liquid, React.js, Bootstrap5, Shopify Polaris, Git, Node.js, MongoDB, MS-Office, Shopify, SEO","React: Not experienced | JavaScript: Not experienced | HTML, CSS: Not experienced",[],[],100.0,False
566,6ca3ac15-0986-4132-839d-064e1d351d1f,240960,"React.js, Next.js, Tailwind CSS, Bootstrap, HTML, CSS, JavaScript, SASS, MUI, Node.js, API integration, WordPress, WooCommerce, Git, Jira, Figma, Adobe Photoshop, Adobe Illustrator, Adobe After Effects, Canva, MySQL, MongoDB, MailChimp, Campaign Monitor, cPanel, DNS","React: Junior | JavaScript: Junior | HTML, CSS: Junior","['react: junior', 'javascript: junior', 'html: junior', 'css: junior']","['react: junior', 'javascript: junior', 'html: junior', 'css: junior']",100.0,False
567,a36ee5ef-6c62-4e85-899d-fa65b3b13d9a,273125,"Java, CSS, Manual Testing, React JS, HTML, JavaScript, SQL, Debugging, Problem Solving, Communication","React: Mid-level | JavaScript: Junior | HTML, CSS: Junior","['javascript: junior', 'html: junior', 'css: junior']","['javascript: junior', 'html: junior', 'css: junior']",100.0,False
568,dbd26c91-585f-4547-b5cb-83033c6879d2,272430,"C, C++, Java, HTML, JavaScript, Node.js, Angular.js, Next.js, React.js, SQL, MongoDB, HTML5, CSS, Responsive Design, VS Code, Sublime, Gitlab, Git","React: Mid-level | JavaScript: Junior | HTML, CSS: Mid-level",['javascript: junior'],['javascript: junior'],100.0,False
569,2ac0a734-7085-42e3-9c8e-8f9236a71caf,258119,"HTML, CSS, SCSS, JavaScript, TypeScript, React, Tailwind, Next.js, Git, GitHub, UX Design, SOLID Principles, Problem Solving, Analytical Thinking, Proactivity, Attention to Detail, Debugging, Feedback Reception, Adaptability, Continuous Learning, Empathy","React: Junior | JavaScript: Junior | HTML, CSS: Junior","['react: junior', 'javascript: junior', 'html: junior', 'css: junior']","['react: junior', 'javascript: junior', 'html: junior', 'css: junior']",100.0,False
570,8df643fa-1877-4d6d-865e-27a5ea26d0a5,277614,"Responsive Web Design, UI/UX, HTML, CSS, Bootstrap, Blade for Laravel, Photoshop, Basic Video Editing, JavaScript, jQuery, Blade Templates, PHP, MySQL, CakePHP, Laravel, Angular, SEO Optimization","React: Not experienced | JavaScript: Not experienced | HTML, CSS: Junior","['html: junior', 'css: junior']","['html: junior', 'css: junior']",66.66666666666666,False
571,4ea05d55-1787-4eff-a0cb-f866f373f92e,261439,"React.js, Next.js, Redux, Hooks, Context API, Jest, Cypress, Yup, Axios, JavaScript, HTML, CSS, Ant Design, Node.js, Express, SQL, PostgreSQL, Docker, Git CLI, GitHub, VS Code, Vercel, Heroku, Netlify, Agile Project Management, Algorithms, Architecture, Debugging, Deployment","React: Junior | JavaScript: Junior | HTML, CSS: Junior","['react: junior', 'javascript: junior', 'html: junior', 'css: junior']","['react: junior', 'javascript: junior', 'html: junior', 'css: junior']",100.0,False
572,b3ed4268-daae-4b2d-bf66-d94c340c5950,256780,"C, Python, Java, SQL, HTML, CSS, JavaScript, Git, VSCode, Jupyter Notebook, Windows","React: Junior | JavaScript: Junior | HTML, CSS: Junior","['react: junior', 'javascript: junior', 'html: junior', 'css: junior']","['javascript: junior', 'html: junior', 'css: junior']",66.66666666666666,False
573,641b027b-471c-410a-911b-0bd67d6a32c4,267836,"HTML, CSS, JavaScript, React, Responsive Web Design, Git, VS Code, Figma, REST APIs, Problem-solving, Team Collaboration, Time Management","React: Junior | JavaScript: Junior | HTML, CSS: Junior","['react: junior', 'javascript: junior', 'html: junior', 'css: junior']","['react: junior', 'javascript: junior', 'html: junior', 'css: junior']",100.0,False
574,a6b9c01c-9846-45da-b209-bbc7c1ad723f,271371,"HTML, CSS, SASS, MySQL, Git, Bootstrap, QA Testing Manual, JavaScript","React: Junior | JavaScript: Not experienced | HTML, CSS: Junior","['react: junior', 'html: junior', 'css: junior']","['html: junior', 'css: junior']",66.66666666666666,False
575,bd4c4b6f-5e08-4c84-b23a-7d8c5396e628,268881,"JavaScript, TypeScript, Python, Next.js, React, Material UI, Ant Design, Storybook, SASS, Jest, Vitest, Redux, Git, Docker, Amazon Web Services, Google Cloud Platform","React: Mid-level | JavaScript: Junior | HTML, CSS: Junior","['javascript: junior', 'html: junior', 'css: junior']",['javascript: junior'],66.66666666666666,False
576,4769bdb4-2b04-4ec7-96e8-fb9262390ba1,251964,"HTML, CSS, WordPress, Wix, Shopify, Bootstrap, Joomla, Adobe Photoshop, Adobe Illustrator, Responsive Web Design, Cross-browser Compatibility, SEO Basics","React: Junior | JavaScript: Not experienced | HTML, CSS: Junior","['react: junior', 'html: junior', 'css: junior']","['html: junior', 'css: junior']",33.33333333333333,False
577,0e4469e5-404a-40ae-9e51-29cbe5334e60,262729,"HTML, CSS, JavaScript, TypeScript, Tailwind CSS, Chakra UI, React JS, Next JS, Vue JS, Nuxt JS, REST API, Git, Jira, Trello, Docker","React: Junior | JavaScript: Not experienced | HTML, CSS: Junior","['react: junior', 'html: junior', 'css: junior']","['react: junior', 'html: junior', 'css: junior']",100.0,False
578,a459eb4c-0a9b-42c7-b225-f211a6d320a5,253112,"Python, JavaScript, React.js, Redux Toolkit, Tailwind CSS, JSX, HTML, CSS, Flask, REST APIs, Web Scraping, Unix, Git, GitHub, Docker, Vercel, MySQL, Data Structures and Algorithms, Object-Oriented Programming, Problem-Solving, Operating Systems, Computer Networks, Database Management Systems","React: Mid-level | JavaScript: Junior | HTML, CSS: Junior","['javascript: junior', 'html: junior', 'css: junior']","['javascript: junior', 'html: junior', 'css: junior']",100.0,False
579,342c35cd-245e-4368-9007-bb0f83da7a7e,264634,"HTML, CSS, JavaScript, React.js, Redux, Vite, Bootstrap, SASS, Material UI, Tailwind, Styled Components, Axios, APIs, OOP, Formik, YUP, Firebase, Node.js, Express.js, MongoDB, SQL, PostgreSQL, MySQL, Sequelize, Mongoose, JWT, Simple Token, Session-Cookies, Morgan, Redoc-express, Swagger-autogen, Swagger-ui-express, Multer, Nodemailer, RESTful APIs, Authentication, Authorization, Validation, EJS, Git, GitHub, Docker, Docker Hub, Agile, SDLC, Jira, Python, Linux, TypeScript, Next.js, Cypress","React: Not experienced | JavaScript: Junior | HTML, CSS: Junior","['javascript: junior', 'html: junior', 'css: junior']","['javascript: junior', 'html: junior', 'css: junior']",100.0,False
580,7730f8a6-3af5-4838-8b41-694f5c084514,256529,"HTML5, CSS, Tailwind CSS, JavaScript, ES6, React, Ant Design, Next.js, Node.js, Express.js, MongoDB, MySQL, REST APIs, Git, GitHub, GitHub Pages, Netlify, Vercel, Firebase, AWS, Google Cloud, DigitalOcean, On-page SEO, Technical SEO","React: Junior | JavaScript: Not experienced | HTML, CSS: Not experienced",['react: junior'],['react: junior'],100.0,False
581,69828226-e47a-4fdd-ae24-39262c0eb784,277161,"HTML, CSS, SASS, LESS, Stylus, Tailwind CSS, Bootstrap, Foundation, PHP, Laravel, C#, .NET, Go, Echo, Python, Django, JavaScript, Node.js, AdonisJS, NestJS, TypeScript, Express, React, Redux, Angular, Vue, Vuex, Next.js, Docker, MySQL, MariaDB, Java, Spring Boot, SQL, PostgreSQL, MongoDB, DynamoDB, Redis, Kubernetes, Apache Kafka, RabbitMQ, Service Bus, Styled Components, Webpack","React: Junior | JavaScript: Junior | HTML, CSS: Junior","['react: junior', 'javascript: junior', 'html: junior', 'css: junior']","['react: junior', 'javascript: junior', 'html: junior', 'css: junior']",100.0,False
582,7aec0efe-baaa-4941-a907-75e3ea0fc271,266749,"React, Vue, Node.js, Next.js, Nuxt.js, Redux, Vuex, NPM, Yarn, JSON, XML, Git, GitHub, HTML, CSS, SCSS, JavaScript, ECMAScript, TypeScript, Express.js, Babel, Webpack, REST API, MongoDB, MySQL, PostgreSQL, Bootstrap, Semantic UI, Material UI, Chakra UI, Element UI, jQuery, Socket.IO, Jest, Figma, Problem Solving, Optimization, Algorithms, Data Structures, Agile, Jira, AWS, EC2, Lambda, DynamoDB, API Gateway, CloudWatch, S3, XRay, GraphQL, Database Design, GCP, Google APIs, Storybook, React Query, React Native, Recoil.js, Web Scraping, Automation, Selenium, Appium, CI/CD, CircleCI, PHP, gRPC, Laravel, CodeIgniter, Python, C++, C, Visual Studio","React: Mid-level | JavaScript: Junior | HTML, CSS: Junior","['javascript: junior', 'html: junior', 'css: junior']","['javascript: junior', 'html: junior', 'css: junior']",100.0,False
583,6bd3b7fe-7742-4acc-8ea3-5c46c761595b,266297,"HTML, CSS, JavaScript, Angular, React, PHP, MySQL, WordPress, Git, Responsive Design, UI/UX Design, Cross-browser Compatibility, Google Ads, Google Analytics, Performance Optimization, Salesforce, SEO, Problem Solving","React: Junior | JavaScript: Junior | HTML, CSS: Junior","['react: junior', 'javascript: junior', 'html: junior', 'css: junior']","['react: junior', 'javascript: junior', 'html: junior', 'css: junior']",100.0,False
584,fc416292-d9d4-4a79-8d76-1db979c9c735,253302,"Python, JavaScript, C, Next.js, React, Material UI, ShadCN UI, Framer Motion, Tailwind CSS, Bootstrap, Figma, HTML, CSS, TypeScript, Node.js, Express.js, Mongoose, NextAuth, JWT, REST APIs, Google Maps APIs, Redux, Context API, MongoDB, Jest, Git","React: Junior | JavaScript: Junior | HTML, CSS: Junior","['react: junior', 'javascript: junior', 'html: junior', 'css: junior']","['react: junior', 'javascript: junior', 'html: junior', 'css: junior']",100.0,False
585,5de57e31-e1fd-4517-b006-90e651c4d97c,270897,"HTML, CSS, React.js, JavaScript, JQuery, Tailwind, Bootstrap, Node.js, MySQL, Firebase, AWS, Terraform, Python, Shell scripting, Linux, Figma, Adobe Illustrator","React: Senior | JavaScript: Mid-level | HTML, CSS: Mid-level",[],[],100.0,True
586,657dfe2a-8b80-4689-ba4a-92644827a22f,258487,"Java, Python, JavaScript, TypeScript, SQL, Spring, AWS, Linux, React, Node.js, Spring Boot, Terraform, HTML, CSS, CI/CD","React: Junior | JavaScript: Mid-level | HTML, CSS: Junior","['react: junior', 'html: junior', 'css: junior']","['react: junior', 'html: junior', 'css: junior']",100.0,False
587,1c02477a-d27a-4ea5-87fa-5c79362cd6ea,281857,"Java, HTML, CSS, JavaScript, ReactJs, SQL","React: Junior | JavaScript: Mid-level | HTML, CSS: Junior","['react: junior', 'html: junior', 'css: junior']","['react: junior', 'html: junior', 'css: junior']",100.0,False
588,8fc5e049-b242-4945-ac6a-893c3a10a183,283167,"C, C++, Python, JavaScript, TypeScript, SQL, XML, ReactJS, NextJS, JQuery, Django, Redux, MySQL, MongoDB, Git, Github, PostMan, AWS, JIRA","React: Junior | JavaScript: Junior | HTML, CSS: Junior","['react: junior', 'javascript: junior', 'html: junior', 'css: junior']","['react: junior', 'javascript: junior']",66.66666666666666,False
589,3822ad34-9449-4aa5-8de9-bdd7f971a639,260365,"React, Angular, Node.js, TypeScript, JavaScript, Amazon Web Services, HTML, CSS, Express, PostgreSQL, DynamoDB, MongoDB, Terraform, Scrum, Redux, Prisma, Docker, Kubernetes, Next.js, Auth0, WebSocket","React: Mid-level | JavaScript: Mid-level | HTML, CSS: Mid-level",[],[],100.0,False
590,4869f530-7b24-4c14-a435-f282eab46018,266011,"Node.js, TypeScript, JavaScript, HTML5, CSS3, React, Next.js, Angular, Vue.js, jQuery, Electron.js, Express.js, NestJS, Featherjs, KOA, Socket.io, Fastjs, Amazon Web Services, Azure, Kubernetes, GitHub Actions, Jenkins, Terraform, Circle CI, Ansible, Firebase, Jest, Mocha, Cypress, MSSQL, PostgreSQL, MySQL, MongoDB, Redis, DynamoDB, CockroachDB, Material-UI, Tailwind CSS, Ant Design, Bootstrap, Chakra UI, Antd, AG Grid, PayPal, Stripe, Puppeteer, Selenium, Playwright","React: Senior | JavaScript: Junior | HTML, CSS: Mid-level",['javascript: junior'],['javascript: junior'],100.0,True
591,fa1c9330-d2a9-4017-9950-b8b3ff9823c2,261003,"JavaScript, TypeScript, React.js, Next.js, REST API, Tailwind CSS, Redux Toolkit, UI/UX Design, .NET, C#, Node.js, Express.js, MongoDB, MySQL, PostgreSQL, Git, Problem Solving, Documentation, Critical Thinking","React: Mid-level | JavaScript: Junior | HTML, CSS: Junior","['javascript: junior', 'html: junior', 'css: junior']","['javascript: junior', 'css: junior']",66.66666666666666,False
592,8dffe9a0-08f0-49a5-b9fd-58fe25fd3ed1,286068,"JavaScript, TypeScript, Ruby, Python, Elixir, C, Lua, SQL, NoSQL, HTML, CSS, React, FastAPI, Next.js, Redux, Node.js, MongoDB, C#, ASP.NET, Storybook, Shadcn/ui, TailwindCSS, Zod, Figma, OpenAI API, HubSpot, Salesforce, Lemlist, Apollo, Outreach, WordPress, Blocksy, WP Forms, WooCommerce, Elementor, SEO, Open Attestation","React: Mid-level | JavaScript: Senior | HTML, CSS: Mid-level",[],[],100.0,False
593,aa44cf9d-be59-4ed7-9283-9687344c13fd,273649,"JavaScript, TypeScript, React, React Native, Next.js, Node.js, HTML, CSS, SASS, Styled-Components, GraphQL, Git, ESLint, MUI, Ant Design, Bootstrap, Dripsy, Debugging, Problem Solving, Object-Oriented Programming, Front-End Development, Tailwind CSS, Firebase Real Time Database, PostgreSQL, Strapi CMS, Redux, Jest, testing-library/react, REST API","React: Junior | JavaScript: Junior | HTML, CSS: Junior","['react: junior', 'javascript: junior', 'html: junior', 'css: junior']","['react: junior', 'javascript: junior', 'html: junior', 'css: junior']",100.0,False
594,62babcfa-2f7a-4e26-92c2-b4f089b0f149,255447,"ReactJS, React Native, HTML5, JavaScript, Tailwind CSS, UI/UX Design, Node.js, Express.js, Koa.js, Python, Pusher.js, PostgreSQL, SQL, MongoDB, Firebase, Git, VS Code, Citus, PGAdmin, Postman","React: Junior | JavaScript: Junior | HTML, CSS: Mid-level","['react: junior', 'javascript: junior']","['react: junior', 'javascript: junior']",100.0,False
595,b115c284-4f08-4e62-b2a5-98cd0601b49b,273310,"HTML5, CSS3, SASS, Tailwind CSS, JavaScript, React.js, Git, GitHub, Vercel, Netlify, Render, Node.js, Express, MongoDB, WebSockets, Socket.io, Problem-solving, Teamwork, Communication, Time Management","React: Junior | JavaScript: Junior | HTML, CSS: Junior","['react: junior', 'javascript: junior', 'html: junior', 'css: junior']","['react: junior', 'javascript: junior', 'html: junior', 'css: junior']",100.0,False
596,8bdf9572-54de-42a1-806d-58fca393213b,249195,"Java, Python, JavaScript, Dart, Swing, Flutter, PyQt5, NumPy, Matplotlib, Figma, HTML, CSS, React, Oracle Jet, Knockout JS, Git, GitHub, SQL Server, Oracle, MySQL, Firebase, SQLite","React: Junior | JavaScript: Junior | HTML, CSS: Junior","['react: junior', 'javascript: junior', 'html: junior', 'css: junior']","['react: junior', 'javascript: junior', 'html: junior', 'css: junior']",100.0,False
597,71a60882-db09-43bd-9d47-9ae5136940cd,235496,"JavaScript, PHP, TypeScript, SQL, CSS3, HTML5, React.js, Angular, Laravel, Bootstrap, Symfony, Polymer, Npm, Node.js, Docker, Jenkins, Git, GitHub, Buddy, Jira, Apache, MySQL, phpMyAdmin, Agile Methodology, Linux, CCNA, MCSE, Windows Server 2008/2012, Exchange, Exchange Server 2010/2013, Photoshop, Premiere","React: Mid-level | JavaScript: Junior | HTML, CSS: Junior","['javascript: junior', 'html: junior', 'css: junior']","['javascript: junior', 'html: junior', 'css: junior']",100.0,False
598,566353b8-b3fc-4df4-913b-12264f79e972,263410,"React.js, Tailwind CSS, Redux, HTML, CSS, Node.js, Express.js, MongoDB, Mongoose, Git, GitHub, Firebase, Figma, VS Code, Vercel, Netlify, Surge, Quick Learning, Active Listening, Time Management, Hardworking","React: Junior | JavaScript: Junior | HTML, CSS: Mid-level","['react: junior', 'javascript: junior']",['react: junior'],66.66666666666666,False
599,6a45ec1a-74c0-416a-bd02-deafe9cf9b51,234680,"React.js, Node.js, Next.js, JavaScript, TypeScript, HTML, CSS, AWS, JIRA, Azure DevOps, GitHub, ServiceNow, Postman, Microsoft Office, Visual Studio Code, ALM","React: Mid-level | JavaScript: Junior | HTML, CSS: Junior","['javascript: junior', 'html: junior', 'css: junior']","['javascript: junior', 'html: junior', 'css: junior']",100.0,False
600,d4f3f422-5f6c-4ad2-90ec-58a1307e2a04,272362,"React, HTML, CSS, JavaScript, Node.js, Python, Git, Figma, Dart, Tailwind CSS, Flutter","React: Junior | JavaScript: Not experienced | HTML, CSS: Junior","['react: junior', 'html: junior', 'css: junior']","['react: junior', 'html: junior', 'css: junior']",100.0,False
601,8946fa33-5206-487f-835b-a6d5f55a5351,280360,"C/C++, Java, JavaScript, SQL, HTML, CSS, Bootstrap, React, Node.js, REST API, Express.js, MongoDB, GitHub, Visual Studio Code, Postman","React: Junior | JavaScript: Junior | HTML, CSS: Mid-level","['react: junior', 'javascript: junior']","['react: junior', 'javascript: junior']",100.0,False
602,fd8ffda9-458a-436f-9045-535e305ec885,275697,"Java, Python, JavaScript, SQL, HTML5, CSS3, React.js, VS Code, Docker, Selenium, Git, GitHub, Bitbucket, Jira, Data Structures and Algorithms, System Design, Flask, Angular, PyWebview, Azure Data Studio, MSSQL, React Native CLI, Firebase, OpenAI API, MongoDB, Next.js, Tailwind CSS, MERN Stack","React: Mid-level | JavaScript: Junior | HTML, CSS: Junior","['javascript: junior', 'html: junior', 'css: junior']","['javascript: junior', 'html: junior', 'css: junior']",100.0,False
603,d072faff-0a86-47f6-b109-47218275634e,281151,"Data Structures & Algorithms, C++, Python, HTML, CSS, Bootstrap, JavaScript, TypeScript, Angular, Node.js, Design Patterns, REST APIs, SQL, Linux, Git, JIRA, Confluence, Jenkins, Docker","React: Not experienced | JavaScript: Mid-level | HTML, CSS: Junior","['html: junior', 'css: junior']","['html: junior', 'css: junior']",66.66666666666666,False
604,a117cd5f-dac1-4285-93a8-7b94525b89ca,264161,"React.js, Redux, TypeScript, HTML5, CSS3, JavaScript, CI/CD, AWS, Node.js, GraphQL, Express.js","React: Senior | JavaScript: Mid-level | HTML, CSS: Mid-level",[],[],100.0,False
605,72ac9342-dc6c-4f17-b5a4-934eff4842ab,274386,"UI/UX Design, Frontend Development, React, Graphic Design, User Experience, Brand Design, Customer Service","React: Junior | JavaScript: Mid-level | HTML, CSS: Mid-level",['react: junior'],['react: junior'],33.33333333333333,False
606,c246c205-8ba7-4255-9c21-dfd166fa9cd8,260641,"React.js, React Native, JavaScript, PHP, CodeIgniter, MySQL, Redux, HTML, CSS, Bootstrap, Material UI, Ant Design, Recharts, D3, Apexcharts, React Chatbot, React Pivot Table, Git, Bitbucket, Next.js, Contentful API, jQuery, CSS Media Queries","React: Junior | JavaScript: Not experienced | HTML, CSS: Junior","['react: junior', 'html: junior', 'css: junior']","['react: junior', 'html: junior', 'css: junior']",100.0,False
607,e32ac166-9f3f-4a78-ac7d-c7d72aeb5e23,273700,"C/C++, Java, HTML, CSS, JavaScript, React, Redux, Scrum, API, OOPS, Computer Network, SDLC, DSA, Software Testing, Object Oriented Design, Visual Studio Code, Google Colab, Git, GitHub, SQL","React: Junior | JavaScript: Junior | HTML, CSS: Junior","['react: junior', 'javascript: junior', 'html: junior', 'css: junior']","['react: junior', 'javascript: junior', 'html: junior', 'css: junior']",100.0,False
608,0637d657-8e3f-4480-9af9-6f21e12c59d1,299648,"HTML5, CSS3, JavaScript, TypeScript, ReactJS, Redux, NextJS, VS Code, NPM, Babel, MongoDB, Style, Layout, CustomHooks, Postman, ARC, GIT, GitHub, JIRA, Agile-Scrum","React: Mid-level | JavaScript: Junior | HTML, CSS: Mid-level",['javascript: junior'],['javascript: junior'],100.0,True
609,81e3ff73-e23c-40d8-bfd9-019391c0a986,262051,"JavaScript, React.js, Redux, Node.js, Express.js, MongoDB, SCSS, HTML5, CSS3, TypeScript, React Native, Material UI, Next.js, Ant Design, Jenkins, Jira, Git, JSON","React: Mid-level | JavaScript: Junior | HTML, CSS: Junior","['javascript: junior', 'html: junior', 'css: junior']","['javascript: junior', 'html: junior', 'css: junior']",100.0,False
610,61ed933a-a72c-4a6d-a925-ec9b11283794,283794,"TypeScript, JavaScript, HTML5, CSS3, Angular 8+, Bootstrap, Tailwind CSS, Material-UI, RESTful APIs, Git, GitHub, Bitbucket, Jenkins, Cypress, Unit Testing, Integration Testing, Figma, Adobe Photoshop, Wireframing, Modular Design, Code Reviews, Agile Methodologies, RxJS, NgRx, Lazy Loading, AOT Compilation, Code-Splitting, Scrum","React: Junior | JavaScript: Not experienced | HTML, CSS: Junior","['react: junior', 'html: junior', 'css: junior']","['html: junior', 'css: junior']",66.66666666666666,False
611,78be5cfc-adfa-49e2-9fa5-ba18b2878be6,266985,"HTML, CSS, JavaScript, React.js, Next.js, TypeScript, Git, Firebase, Postman, JIRA, Figma, VS Code, Collaboration, Problem Solving, Leadership, Time Management","React: Junior | JavaScript: Junior | HTML, CSS: Junior","['react: junior', 'javascript: junior', 'html: junior', 'css: junior']","['react: junior', 'javascript: junior', 'html: junior', 'css: junior']",100.0,False
612,150c327a-8588-4f68-a2f7-4735ca09f95e,275804,"React.js, TypeScript, Material-UI, JavaScript, ASP.NET, C#, Java, Scrum, Jira, Confluence, REST, JSON, Git, GitHub, Bitbucket, Webpack, npm, Yarn, ESLint, Prettier, SonarCloud, Figma, Lazy Loading, Code Splitting, Performance Monitoring, Lighthouse","React: Mid-level | JavaScript: Junior | HTML, CSS: Junior","['javascript: junior', 'html: junior', 'css: junior']",['javascript: junior'],66.66666666666666,False
613,a5f6a362-8590-4341-8b25-2e8cc42e72fd,283522,"GIT, JavaScript, TypeScript, React, Gulp, Webpack, SASS, Less, Stylus, jQuery, Vite, REST API, Zustand, Next.js, TailwindCSS, React-router, ES6, JWT","React: Junior | JavaScript: Junior | HTML, CSS: Mid-level","['react: junior', 'javascript: junior']","['react: junior', 'javascript: junior']",66.66666666666666,False
614,b62505c3-151e-49fd-b34e-a46c3a27210f,281261,"JavaScript, HTML5, CSS3, React.js, Tailwind CSS, ES6, Node.js, Express, MongoDB, Python, Git, GitHub, VS Code, Vercel, Netlify, Linux, REST API, Postman, Vite, NPM","React: Junior | JavaScript: Junior | HTML, CSS: Junior","['react: junior', 'javascript: junior', 'html: junior', 'css: junior']","['react: junior', 'javascript: junior', 'html: junior', 'css: junior']",100.0,False
615,4dfcf338-d215-4c1d-b563-edf665718401,273697,"React, Next.js, Spring Boot, JavaScript, AWS Lambda, AWS EC2, AWS S3, AWS IAM, AODA, WCAG, JMS, AMQP, REST APIs, SQL, NoSQL, Swagger, OpenAPI, HTML5, CSS3, Bootstrap, jQuery, Ajax, Material UI, Tailwind CSS, ES6, three.js, React Native, Context API, Java, Java EE, JSP, Servlets, JDBC, Spring MVC, Python, Django, Node.js, MySQL, MS SQL Server, MongoDB, PL/SQL Developer, Docker, Kubernetes, Jenkins, CI/CD Pipeline, Git, GitHub, GitLab, Bitbucket, Junit, Mocha.js, Chai.js, Selenium, React Testing Library, Agile/Scrum, Kanban, Eclipse, IntelliJ, PyCharm, VS Code, Apache Tomcat, IBM WebSphere, Express, Hugging Face Transformers, GPT-3, GPT-4, DALL-E, TensorFlow, PyTorch, Keras, Pandas, NumPy, Jest, Linux, Windows, macOS, Recoil, Redux, Redux Toolkit, PostgreSQL, SASS, JSS, Astro, Vue, Angular, Terraform, Azure Resource Manager, Azure DevOps, Amazon Connect, Cypress, Enzyme, SVN, SonarQube, Google Cloud Build, Google Artifact Registry, Google Cloud Monitoring, Google Cloud Logging, Google IAM","React: Mid-level | JavaScript: Junior | HTML, CSS: Mid-level",['javascript: junior'],['javascript: junior'],100.0,False
616,fdb6ac1b-9dc0-4418-b063-356ee606bc03,251481,"Agile Software Development, AngularJS, Angular, AEM, ASP.NET, Azure DevOps Server, C#, Cascading Style Sheets, Entity Framework, RESTful API, Git, HTML, Java EE, JavaScript, SQL, MVC, Servlets, Java, MySQL, Node.js, Python, React, Redux, Scrum, Shell Script, TypeScript, Version Control, Web Application, CI/CD, Full-stack","React: Junior | JavaScript: Junior | HTML, CSS: Junior","['react: junior', 'javascript: junior', 'html: junior', 'css: junior']","['react: junior', 'javascript: junior', 'html: junior', 'css: junior']",100.0,False
617,625b444e-061b-465a-836a-b229ade0820a,274913,"PHP, Laravel, JavaScript, ReactJS, React Native, Node.js, Express.js, MySQL, Firebase, MongoDB, WordPress, HTML, CSS, Shopify","React: Junior | JavaScript: Junior | HTML, CSS: Mid-level","['react: junior', 'javascript: junior']","['react: junior', 'javascript: junior']",100.0,False
618,0a9856dd-8dbb-4ee4-aa52-7059c964b817,272514,"Android, Java, SQL, React, JavaScript, Material UI, HTML, CSS, Bootstrap, Python, PHP, Angular","React: Not experienced | JavaScript: Not experienced | HTML, CSS: Not experienced",[],[],100.0,False
619,8263d6bf-4c7d-46d8-85f8-5c220d4e3d14,281931,"JavaScript, React.js, Redux, Flux, Webpack, WebSocket, ESLint, HTML5, CSS3, Git, jQuery, Material-UI, Bootstrap, React Native, PHP, Laravel, MySQL, TypeScript, Node.js, Python, Postman, Jira, VS Code, Chrome DevTools, Android Studio, Xcode, SCSS, GitHub, Axios","React: Mid-level | JavaScript: Junior | HTML, CSS: Junior","['javascript: junior', 'html: junior', 'css: junior']","['javascript: junior', 'html: junior', 'css: junior']",100.0,False
620,865abd6d-1e7d-4203-afc6-a07a36e9d2b4,270213,"JavaScript, HTML5, CSS3, React, Tailwind CSS, Node.js, Express.js, Firebase, MongoDB, Vite, VS Code, GitHub","React: Not experienced | JavaScript: Junior | HTML, CSS: Junior","['javascript: junior', 'html: junior', 'css: junior']","['javascript: junior', 'html: junior', 'css: junior']",100.0,False
621,3b0a4424-3d46-4c56-9165-a7afd8285085,279242,"React, JavaScript, TypeScript, CSS Frameworks, Vite, Webpack, Redux, Git, Firebase, MongoDB, Swagger, Agile Methodologies","React: Mid-level | JavaScript: Junior | HTML, CSS: Junior","['javascript: junior', 'html: junior', 'css: junior']","['javascript: junior', 'css: junior']",100.0,False
622,eac5c029-223a-4928-b287-fba28dc4a894,277528,"Java, C++, JavaScript, Solidity, VS Code, IntelliJ IDEA Ultimate, GitHub, React.js, Redux, Next.js, Node.js, Express.js, Git, MongoDB, MySQL, AWS, Machine Learning, Keras, pandas, HTML, CSS, Material-UI, Java Spring Boot, JWT","React: Mid-level | JavaScript: Junior | HTML, CSS: Mid-level",['javascript: junior'],['javascript: junior'],100.0,False
623,34bfe1ac-d105-4455-9449-0e965f06dde3,274354,"React Native, React, GraphQL, Relay, Vanilla JavaScript, Flow, TypeScript, Java, React Testing Library, Enzyme, Buildkite, GitHub Actions, MongoDB, Relational Databases, SQLite, Shortcut, Figma, Slack, GitHub, Firebase Crashlytics, Sentry, Android Studio, Xcode, ZenHub, Flutter, Firebase, Trello, GIT, Detox, React Native Owl","React: Mid-level | JavaScript: Junior | HTML, CSS: Junior","['javascript: junior', 'html: junior', 'css: junior']",['javascript: junior'],66.66666666666666,False
624,6c188adf-c4ce-4110-bdcc-44696da203c9,264419,"Python, Java, R, SQL, Java Spring Boot, YAML, JSON, Bash, AWS, Google Cloud Platform, Microsoft Azure, MySQL, MongoDB, PostgreSQL, Oracle DB, React.js, Next.js, Express.js, Node.js, RESTful APIs, AJAX Integration","React: Mid-level | JavaScript: Mid-level | HTML, CSS: Mid-level",[],[],33.33333333333333,False
625,2068b1e8-6adb-4eba-8020-26d8d493b57c,254749,"HTML, CSS, JavaScript, React.js, Redux, Bootstrap, Tailwind, Node.js, Express.js, MongoDB, Git, Docker","React: Junior | JavaScript: Junior | HTML, CSS: Junior","['react: junior', 'javascript: junior', 'html: junior', 'css: junior']","['react: junior', 'javascript: junior', 'html: junior', 'css: junior']",100.0,False
626,e615e44e-2096-4c54-8ee4-fbf7c9ecd471,264589,"Angular, TypeScript, JavaScript, Blockchain, Git, GitHub, MySQL, HTML5, CSS3, jQuery, PHP, Node.js, PostgreSQL, Laravel, Vue.js, Composer, SASS, IoT, Google Analytics, MongoDB, NPM, Progressive Web Apps, Webpack, Envoyer, Google Cloud Platform","React: Not experienced | JavaScript: Junior | HTML, CSS: Junior","['javascript: junior', 'html: junior', 'css: junior']","['javascript: junior', 'html: junior', 'css: junior']",66.66666666666666,False
627,2f991815-971d-4844-906d-70141ad8fa80,283189,"React.js, JavaScript, HTML5, CSS3, Bootstrap, Git, GitHub, Virtual DOM, Redux, Context API, React Hooks, Code Splitting, Memoization, RESTful API, Asynchronous Programming, Routing, Material UI, Tailwind CSS","React: Junior | JavaScript: Not experienced | HTML, CSS: Junior","['react: junior', 'html: junior', 'css: junior']","['react: junior', 'html: junior', 'css: junior']",100.0,False
628,ba260c27-cc2c-45cf-a624-39dd1fcd33c8,267329,"React, JavaScript, Git, Agile Methodologies, MongoDB, Express.js, Node.js, Figma, Firebase, Stripe","React: Junior | JavaScript: Not experienced | HTML, CSS: Not experienced",['react: junior'],['react: junior'],66.66666666666666,False
629,120e490e-a3bc-4cec-98f7-ce2e85873a21,240480,"Liferay, Angular, React, HTML, CSS, SASS, JavaScript, TypeScript, FreeMarker, Node.js, PHP, Symfony, MongoDB, MySQL, Git, Agile, Photoshop","React: Not experienced | JavaScript: Junior | HTML, CSS: Junior","['javascript: junior', 'html: junior', 'css: junior']","['javascript: junior', 'html: junior', 'css: junior']",100.0,False
630,d55ca748-ec46-4af4-83e1-4e2f7a67d353,279355,"JavaScript, TypeScript, jQuery, HTML5, CSS, SASS, VBCS, OJET, React, Redux, Saga, Angular, Ext JS, Backbone, Marionette, PhoneGap, Jest, Mocha, Jasmine, Karma, Action Chain, Protractor, EsLint, Prettier, Husky, Lighthouse, Axe DevTool, Oracle Accessibility Tool, Git, SVN, Docker, Jenkins, CI/CD, Kubernetes, JIRA, Bugzilla, Confluence, Node.js, Figma, Bootstrap, Redwood, Agile/Scrum, Code Reviews, Responsive Design, Micro Frontends, PWA, SPA, Component Libraries, Design System, Prototypes, Singleton, Factory, Observer, Pub/Sub, Atomic Design","React: Senior | JavaScript: Junior | HTML, CSS: Junior","['javascript: junior', 'html: junior', 'css: junior']","['javascript: junior', 'html: junior', 'css: junior']",100.0,False
631,a17addf6-45e4-47ec-bdcc-d23057b0c0bb,272821,"JavaScript, HTML, CSS, C#, SQL, Vue.js, React.js, Vuetify, Material UI, Node.js, .NET Core, Entity Framework, Jest, xUnit, DevExtreme, Git, Docker, Azure DevOps, JWT, CI/CD, DBeaver, MySQL Workbench, PostgreSQL, MongoDB, Webpack, TypeScript, Storybook, Redux","React: Junior | JavaScript: Junior | HTML, CSS: Junior","['react: junior', 'javascript: junior', 'html: junior', 'css: junior']","['react: junior', 'javascript: junior', 'html: junior', 'css: junior']",100.0,False
632,e203d815-dcd4-4c58-9a77-dfd84bbca310,261830,"JavaScript, Python, TypeScript, React, Next.js, Node.js, Express.js, Redux.js, HTML, CSS, SCSS, Tailwind CSS, Bootstrap, MongoDB, PostgreSQL, Firebase, Git, Data Analysis, Problem-solving, Project Management, Attention to Detail","React: Mid-level | JavaScript: Mid-level | HTML, CSS: Mid-level",[],[],100.0,False
633,13699d1a-fa03-48c2-a096-dac6716a97af,297127,"Java, SQL, HTML, CSS, JavaScript, Git, GitHub, Bootstrap, Visual Studio Code, Eclipse","React: Junior | JavaScript: Mid-level | HTML, CSS: Junior","['react: junior', 'html: junior', 'css: junior']","['html: junior', 'css: junior']",66.66666666666666,False
634,36c89c75-7b04-4a28-afcc-2c1033b8d1ad,271517,"React Native, React.js, Redux Toolkit, TypeScript, CSS, Material UI, React Native Paper, Node.js, Express.js, FastAPI, Python, MySQL, MongoDB, PostgreSQL, AWS Cloudwatch, AWS Cloudformation, AWS CloudFront, AWS DynamoDB, AWS Secrets Manager, AWS S3, AWS IAM, AWS Route53, AWS SQS, AWS SNS, AWS SAM, AWS CDK, Expo SDK, Push Notifications, App Store Deployment, Google Play Store Deployment, Docker, Kubernetes, RESTful APIs, Git, GitHub, GitHub Actions, Scrum, Firebase Authentication, Mercadopago, PayPal, Web Performance Optimization, Responsive Web Design, UI/UX Design Principles, Problem Solving, Analytical Thinking, Communication Skills, Collaboration Skills","React: Mid-level | JavaScript: Mid-level | HTML, CSS: Junior","['html: junior', 'css: junior']",['css: junior'],66.66666666666666,False
635,3906520f-9fe4-4375-99fa-945236b97f75,252264,"JavaScript, Java, React.js, HTML, CSS, Tailwind CSS, Bootstrap, Data Structures and Algorithms, SQL, GitHub","React: Junior | JavaScript: Junior | HTML, CSS: Junior","['react: junior', 'javascript: junior', 'html: junior', 'css: junior']","['react: junior', 'javascript: junior', 'html: junior', 'css: junior']",100.0,False
636,4a11a4f7-03ad-439c-ad7d-d9eee3ed94a6,278255,"JavaScript, SQL, C/C++, React.js, Node.js, Express.js, MongoDB, NPM, Postman, Git/GitHub, PuTTY","React: Junior | JavaScript: Junior | HTML, CSS: Junior","['react: junior', 'javascript: junior', 'html: junior', 'css: junior']","['react: junior', 'javascript: junior']",66.66666666666666,False
637,f5771831-b93f-45e5-9b39-921620caee3e,252414,"HTML, CSS, JavaScript, TypeScript, React, Redux, Node.js, Express, PostgreSQL, MongoDB, Mongoose, PrismaORM, Bootstrap, Ant Design, Tailwind CSS, Sass, WebRTC, REST API, WebSocket, gRPC, Microservice Architecture, Multi-Tenant Architecture, Git, GitHub, OAuth, AWS S3, AWS SES, Google Cloud Functions, GSAP, Angular, Next.js, NestJS, Flutter, Keycloak, Context API, React Query, TypeORM","React: Mid-level | JavaScript: Junior | HTML, CSS: Mid-level",['javascript: junior'],['javascript: junior'],100.0,False
638,04a9c7e4-9d60-4f9f-84e0-31aca790d876,285393,"HTML, CSS, JavaScript, TypeScript, React.js, Node.js, Express.js, MongoDB, Next.js, SCSS, State Management, Animation Libraries, SEO, Ant-Design, Axios, Redux","React: Junior | JavaScript: Junior | HTML, CSS: Junior","['react: junior', 'javascript: junior', 'html: junior', 'css: junior']","['react: junior', 'javascript: junior', 'html: junior', 'css: junior']",100.0,False
639,a906251f-6fa2-4e48-aaad-103049704080,278545,"React, Next.js, JavaScript, TypeScript, Material-UI, Ant Design, Shadcn, Tailwind, REST, GraphQL, React Query, Apollo Client, SWR, Redux Toolkit Query, Zustand","React: Junior | JavaScript: Junior | HTML, CSS: Junior","['react: junior', 'javascript: junior', 'html: junior', 'css: junior']","['react: junior', 'javascript: junior']",66.66666666666666,False
640,66f8ac00-7e45-43af-b14d-fa7895510763,235483,"React.js, JavaScript, MySQL, Tailwind, Git, GitHub, C, CSS, HTML5","React: Junior | JavaScript: Junior | HTML, CSS: Junior","['react: junior', 'javascript: junior', 'html: junior', 'css: junior']","['react: junior', 'javascript: junior', 'html: junior', 'css: junior']",100.0,False
641,9fd83045-386e-459d-a32e-eb4cca3ccb43,264673,"React.js, HTML, CSS, JavaScript, WordPress, Figma, Node.js, .NET Framework, Entity Framework, Java, JDBC, REST, OAuth 2.0, Python, SQL, C++, Swift, Teradata Studio, SQLite, MySQL, MongoDB, AWS S3, AWS Workspace, Git, Jenkins, CI/CD Pipelines, Android Studio, Xcode, User Research, Prototyping, Heuristic Evaluation, Usability Testing, YOLO v3, CNN, Regression, Classification, ETL, Postman, Visual Studio Code","React: Mid-level | JavaScript: Mid-level | HTML, CSS: Mid-level",[],[],100.0,False
642,558fe8e0-112f-4593-bb7a-478c78840967,259435,"Java, JavaScript, PostgreSQL, Software Testing, Spring, MVC, Microsoft Office, MySQL, SQL, CSS, HTML, C++, NoSQL, Shell Scripting, Git, Python, JUnit, Maven, SQL Server","React: Not experienced | JavaScript: Not experienced | HTML, CSS: Not experienced",[],[],66.66666666666666,False
643,f2209cc2-1450-48fc-acd3-982cbe9914e8,277660,"JavaScript, TypeScript, React, Angular, Git, GitHub, AWS Services, GraphQL, REST APIs, Jest, Redux, HTML5, CSS3, SASS, Bootstrap, Material UI, PrimeReact, PrimeNG, Figma, Jasmine, Scrum, Jira, Vue, styled-components, Storybook, SonarQube, Drone CI, Argo CD, Visual Studio Code, Postman, Insomnia, Bitbucket, SVN, JQuery UI, MVC, Balsamiq, Trello, react-router-dom, AWS S3, AWS CodeCommit","React: Junior | JavaScript: Not experienced | HTML, CSS: Junior","['react: junior', 'html: junior', 'css: junior']","['react: junior', 'html: junior', 'css: junior']",100.0,False
644,8d549b90-bffe-437f-aacd-659aa4e4618f,265041,"JavaScript, Java, C#.Net, Python, SQL, C, C++, MySQL, MongoDB, Figma, Linux, Visual Studio, Android Studio, Git, Vue.js, React, AdonisJs, Docker, CI/CD, Hugging Face, Jira","React: Junior | JavaScript: Not experienced | HTML, CSS: Not experienced",['react: junior'],['react: junior'],66.66666666666666,False
645,840cfc60-526c-4593-90ff-5d79626be465,267885,"C/C++, JavaScript, Python, MySQL, Data Structures and Algorithms, DBMS, Object-Oriented Programming, Operating System, React.js, Express.js, HTML, Tailwind CSS, Node.js, MongoDB, Visual Studio Code, GitHub, Git, Postman, Teamwork, Communication, Leadership","React: Not experienced | JavaScript: Not experienced | HTML, CSS: Not experienced",[],[],100.0,False
646,129525fe-9767-45a2-9461-8d3feb75a387,282632,"Java, Python, SQL, JavaScript, HTML, CSS, Git, GitHub, React, Express.js, Node.js, Data Structures and Algorithms, Database Management System, Object-Oriented Programming, Web Development, UI/UX Design, Problem Solving, Self-learning","React: Junior | JavaScript: Not experienced | HTML, CSS: Junior","['react: junior', 'html: junior', 'css: junior']","['react: junior', 'html: junior', 'css: junior']",100.0,False
647,6cc53343-d9c4-4e69-9857-a2c570292fcf,267525,"HTML, CSS, JavaScript, SuiteScript, Node.js, Python, Java, React, React Native, Redux, UX/UI Design, Design Thinking, Search Engine Optimization, LGPD Compliance, English, Spanish, Italian, TypeScript","React: Junior | JavaScript: Junior | HTML, CSS: Junior","['react: junior', 'javascript: junior', 'html: junior', 'css: junior']","['react: junior', 'javascript: junior', 'html: junior', 'css: junior']",100.0,False
648,7edbb134-c901-40ab-b5c9-3fb4947a1c7c,284945,"PHP, HTML, CSS, JavaScript, React.js, Next.js, Redux, Redux Toolkit, React Query, React Hook Form, Context API, Tailwind CSS, Bootstrap, Styled Components, MySQL, Supabase, jQuery, Angular, TypeScript, Responsive Web Development, Laravel, CodeIgniter, Memoization, Optimization Techniques, Git, CI/CD Pipelines, RESTful API, Asynchronous Request Handling, Partial Page Updates","React: Mid-level | JavaScript: Junior | HTML, CSS: Junior","['javascript: junior', 'html: junior', 'css: junior']","['javascript: junior', 'html: junior', 'css: junior']",100.0,False
649,cbbca9ef-4721-4c4e-baa4-e12ce4c94ca5,274300,"HTML, CSS, JavaScript, React, Redux, Git, GitHub, Project Management, Sustainability, Communication Skills","React: Junior | JavaScript: Junior | HTML, CSS: Junior","['react: junior', 'javascript: junior', 'html: junior', 'css: junior']","['react: junior', 'javascript: junior', 'html: junior', 'css: junior']",100.0,False
650,b07c8d7f-6001-4a80-8e07-367fce7c0b57,278700,"Node.js, Express.js, React.js, JavaScript, MySQL, PostgreSQL, Git, Socket.io, jQuery, AJAX, HTML, CSS, Bootstrap, REST APIs, RESTful APIs, MVC, Object-Oriented Programming, Third Party APIs Integration, Stripe, Stripe Connect, PHP, Laravel, Azure, JIRA, SVN","React: Mid-level | JavaScript: Junior | HTML, CSS: Junior","['javascript: junior', 'html: junior', 'css: junior']","['javascript: junior', 'html: junior', 'css: junior']",100.0,False
651,cd374e3c-05aa-44d6-88f4-7db340c91416,275986,"JavaScript, TypeScript, HTML, CSS, Sass, SQL, Node.js, Angular, React.js, React Native, GitLab, Bitbucket, Media Queries, Flexbox, CSS Grid, Bootstrap, Angular Material, Figma, Adobe XD, Jest, Chrome DevTools, Windows, Ubuntu, Visual Studio Code, Postman, Agile, Scrum, Kanban, Material UI, Redux, Flat List, React Navigation, CI/CD","React: Mid-level | JavaScript: Junior | HTML, CSS: Junior","['javascript: junior', 'html: junior', 'css: junior']","['javascript: junior', 'html: junior', 'css: junior']",100.0,False
652,376fbe27-8efa-4366-902b-725d9fd0a603,279481,"IT Literacy, Willingness to Learn, Graphic Design, Public Relations","React: Junior | JavaScript: Junior | HTML, CSS: Junior","['react: junior', 'javascript: junior', 'html: junior', 'css: junior']",[],0.0,False
653,3588c830-1b9c-4626-9f69-3d876abfa76e,274632,"Java, MySQL, Python, HTML, CSS, Tailwind CSS, JavaScript, ReactJS, jQuery, GIT/GitHub, AWS, Selenium, Machine Learning, NumPy, Pandas, Scikit-learn, TensorFlow, Matplotlib, Cyber Security, Web Development, Data Science, Cloud Operations, Generative AI, Database Management System, Computer Network, Data Structure and Algorithms, Artificial Intelligence","React: Mid-level | JavaScript: Junior | HTML, CSS: Junior","['javascript: junior', 'html: junior', 'css: junior']","['javascript: junior', 'html: junior', 'css: junior']",100.0,False
654,04944e70-69e0-4b49-8d32-092de2926cff,261931,"HTML5, CSS3, JavaScript, React.js, Next.js, Bootstrap, Tailwind CSS, Git, OOP, Redux","React: Junior | JavaScript: Not experienced | HTML, CSS: Junior","['react: junior', 'html: junior', 'css: junior']","['react: junior', 'html: junior', 'css: junior']",100.0,False
655,9c7c8f66-3a30-4a7a-a46f-979c1d640835,251945,"HTML5, CSS3, JavaScript, Bootstrap, React.js, Visual Studio, JIRA, GitHub, Requestly, Microsoft Excel, Microsoft Word, Microsoft PowerPoint, Trello, Google Analytics","React: Mid-level | JavaScript: Junior | HTML, CSS: Mid-level",['javascript: junior'],['javascript: junior'],100.0,False
656,19afa9f7-62a3-40d5-a586-c528ff9f94cd,237229,"JavaScript, TypeScript, Python, React, Next.js, HTML, CSS, Tailwind CSS, Material UI, Redux, React Native, Node.js, Express.js, Flask, Django, REST, GraphQL, MongoDB, PostgreSQL, Firestore, OneSignal, Firebase Cloud Messaging, Firebase, Git, GitHub, Django ORM, Jinja template, Cypress, Jest, Unit Testing, Integration Testing, E2E Testing, Web Scraping, Responsive Design, Agile Methodologies","React: Senior | JavaScript: Mid-level | HTML, CSS: Mid-level",[],[],100.0,False
657,52d83768-d1fd-4e70-b5c0-e4584acaec10,255617,"Python, SQL, Tableau, Power BI, JavaScript, C, C++, NLTK, OpenCV, TensorFlow, NLP, Image Recognition, Graph Neural Networks, Time Series Analysis, Probability, Statistics, Data Modeling, HTML, CSS, React.js, Node.js, Express.js, MongoDB, Advanced Excel, GeoJSON, Uber H3 API, Parquet, ETL, Django, NumPy, Pandas, RNN, LSTM, Microsoft Excel, spaCy, Machine Learning, Deep Learning, Computational Biology, Data Structures, Intro to CS and OOPS, Corporate Finance, Trends in FinTech","React: Mid-level | JavaScript: Junior | HTML, CSS: Mid-level",['javascript: junior'],['javascript: junior'],100.0,False
658,cad217e4-7bc1-4e62-8448-70fe8ac26089,272939,"Java, TypeScript, JavaScript, CSS, HTML, Bootstrap, Windows, Node.js, React, Data Structures, Communication Skills, Decision-making, Critical Thinking, Presentation Skills, Responsibility, Teamwork, Written Communication","React: Junior | JavaScript: Junior | HTML, CSS: Mid-level","['react: junior', 'javascript: junior']","['react: junior', 'javascript: junior']",100.0,False
659,7811710a-176f-4f45-96e5-3a4f8e266354,274816,"Node.js, JavaScript, Java, Oracle SQL, MySQL, Windows, Linux, Customer Interaction, Issue Resolution, Fast-paced Environment","React: Mid-level | JavaScript: Mid-level | HTML, CSS: Mid-level",[],[],33.33333333333333,False
660,310d5c5c-1273-42d6-adda-bca6ce587c28,242615,"Python, JavaScript, Bootstrap, HTML, CSS, ReactJS, Django, RESTful API, MongoDB, MySQL, Application Security, Vulnerability Assessment, Vulnerability Management","React: Junior | JavaScript: Junior | HTML, CSS: Junior","['react: junior', 'javascript: junior', 'html: junior', 'css: junior']","['react: junior', 'javascript: junior', 'html: junior', 'css: junior']",100.0,False
661,e18b3699-ca7a-47b3-9245-a88ae0faaf6d,275522,"React.js, Redux Toolkit, TypeScript, JavaScript, Angular.js, NestJS, Node.js, Vue.js, Next.js, GraphQL, Material UI, Jest, Vuex, Java, Webpack, Docker, HTML, CSS, Responsive UI Design, Jira, Git, Confluence, Bitbucket, Storybook, AWS, Jenkins, Figma, Context API, Grafana, Electron, JavaFX, Bootstrap","React: Junior | JavaScript: Junior | HTML, CSS: Junior","['react: junior', 'javascript: junior', 'html: junior', 'css: junior']","['react: junior', 'javascript: junior', 'html: junior', 'css: junior']",100.0,False
662,6c177857-e2e1-4273-a988-0ad4d91f2864,275566,"C/C++, HTML, CSS, JavaScript, SQL, GitHub, Oracle VM, AWS EC2, Docker, VS Code, Firebase, Postman, React, Tailwind CSS, Node.js, Express.js, MongoDB, EJS, JWT","React: Junior | JavaScript: Junior | HTML, CSS: Junior","['react: junior', 'javascript: junior', 'html: junior', 'css: junior']","['react: junior', 'javascript: junior', 'html: junior', 'css: junior']",100.0,False
663,81664248-fdab-445f-97fb-ac1a76142b67,252198,"HTML, CSS, JavaScript, TypeScript, React.js, Next.js, D3.js, Apache Echarts, Tailwind CSS, shadcn/ui, Sass, RestfulAPIs, Git, CI/CD, Google Analytics, Docker, Linux, Jira, Communication, Time Management, Adaptability, Problem Solving, Teamwork, Creativity","React: Junior | JavaScript: Junior | HTML, CSS: Junior","['react: junior', 'javascript: junior', 'html: junior', 'css: junior']","['react: junior', 'javascript: junior', 'html: junior', 'css: junior']",100.0,False
664,5a25911d-9458-4650-bdc7-a9545cb284de,264745,"Research & Analytical Skills, Website Development, Web Application Responsive Design, Project Management Tools, Agile Methodologies, Version Control System, Communication Skills, Critical Thinking, Problem-Solving, Microsoft Office, Google Suite, Social Media Platforms","React: Junior | JavaScript: Junior | HTML, CSS: Junior","['react: junior', 'javascript: junior', 'html: junior', 'css: junior']",['html: junior'],0.0,False
665,2ef9545c-6665-4a15-add6-1a566b9e8b45,263640,"React, Svelte, Node.js, SQL, AWS, TypeScript, Mantine UI, Tailwind CSS, Material-UI, Redux, Next.js, Storybook, Express.js, FastAPI, GCP, Terraform, GitHub Actions, Docker, Firebase, MongoDB, DynamoDB, MySQL, PostgreSQL, Playwright, Postman, JMeter, Jest, Vitest, Git, Electron, Python, Java","React: Mid-level | JavaScript: Senior | HTML, CSS: Junior","['html: junior', 'css: junior']",[],66.66666666666666,False
666,b857f5d2-c49f-4ca6-8836-6506c72357a6,268859,"React.js, Node.js, Express.js, MongoDB, MySQL, HTML, CSS, JavaScript, Bootstrap, RESTful APIs, Git, Redis, Postman, CRUD Operations, Material-UI, OAuth 2.0, Highcharts, Angular, Stripe, Multer, bcrypt, sgMail","React: Junior | JavaScript: Not experienced | HTML, CSS: Junior","['react: junior', 'html: junior', 'css: junior']","['react: junior', 'html: junior', 'css: junior']",100.0,False
667,e9e44dec-bdf4-4730-a4b8-9ff67fa9eff0,270053,"React, Angular, Gatsby, Next.js, JavaScript, TypeScript, Redux, Material UI, Ant Design, Bulma, AG Grid, CSS, SCSS, Storybook, Strapi, GraphQL, Netlify, Netlify CLI, Gatsby CLI, AWS S3, AWS Secrets Manager, Algorithms, Data Structures, Git, GitHub, Webpack, Babel, Prettier, ESLint, TSLint, GitHub Actions, CodeStream, Cypress","React: Mid-level | JavaScript: Junior | HTML, CSS: Junior","['javascript: junior', 'html: junior', 'css: junior']","['javascript: junior', 'css: junior']",100.0,False
668,426e1df2-d9ef-42e6-a19c-a10f2ece686d,281429,"React, Next.js, Responsive Web Design, Component-based Architecture, State Management, API Integration, Redux, JavaScript, HTML5, CSS3, Bootstrap, REST API, Python, TypeScript, React Native, Git, Postman, VSCode, Strapi, MongoDB, Mongoose, Tailwind CSS, Vercel, JWT, NextAuth.js, Angular, Express","React: Mid-level | JavaScript: Junior | HTML, CSS: Mid-level",['javascript: junior'],['javascript: junior'],100.0,True
669,9246f830-098e-4d62-b516-4d3a94d621a4,256645,"HTML, CSS, JavaScript, React, Vue, Angular, Flutter, SQL, MongoDB, Git, GitHub, Node.js, ASP.NET Core, Firebase, Teamwork, Collaboration","React: Junior | JavaScript: Junior | HTML, CSS: Junior","['react: junior', 'javascript: junior', 'html: junior', 'css: junior']","['react: junior', 'javascript: junior', 'html: junior', 'css: junior']",100.0,False
670,41927a67-a544-4ba1-87e0-c4b79c1e7153,289950,"C, Java, HTML, CSS, SQL","React: Junior | JavaScript: Junior | HTML, CSS: Junior","['react: junior', 'javascript: junior', 'html: junior', 'css: junior']","['html: junior', 'css: junior']",33.33333333333333,False
671,5278b06e-48b8-48e6-ad82-da81e22c2fee,246800,"Java, J2EE, React JS, Hibernate, Spring Boot, Spring MVC, HTML, CSS, Bootstrap, JavaScript, Object-Oriented Programming, Apache Tomcat, STS, Eclipse, Visual Studio, GIT, Azure, AWS, Google Cloud, MySQL, Spring Boot Web Services, POSTMAN, Analytical Skills, Logical Skills, Verbal Communication, Written Communication, Troubleshooting, Root-Cause Analysis, Solution Development, Leadership, Time Management, Flexibility, JSON, API, REST API, Microservices, Struts, JPA, Spring Data JPA, Casandra, Jira, Agile, Windows 11, Windows 10, Linux, Redux, Java 8, Java 11, Collections, Design Patterns","React: Junior | JavaScript: Junior | HTML, CSS: Junior","['react: junior', 'javascript: junior', 'html: junior', 'css: junior']","['react: junior', 'javascript: junior', 'html: junior', 'css: junior']",100.0,False
672,deb2492e-747a-492c-b107-0c43a6c2430a,235859,"JavaScript, TypeScript, HTML, CSS, Python, React.js, Next.js, Jest, Docker, Git, Test-Driven Development, SQL, TensorFlow, scikit-learn, NumPy, Pandas, Neural Networks, CNNs, Transfer Learning, FastAPI, AWS","React: Mid-level | JavaScript: Senior | HTML, CSS: Junior","['html: junior', 'css: junior']","['html: junior', 'css: junior']",100.0,False
673,9b4d8738-b256-453f-965c-03ee5e78622a,258948,"C++, HTML, CSS, JavaScript, SQL, Python, VS Code, GitHub, ReactJS, Bootstrap, Data Structures, Algorithms, Operating Systems, Database Management System, OOPS Programming, MERN Stack, Software Engineering, Computer Networks, SEO","React: Junior | JavaScript: Not experienced | HTML, CSS: Not experienced",['react: junior'],['react: junior'],100.0,False
674,b5423f7a-1709-4280-833b-c71fe1e30d9b,269197,"JavaScript, Java, HTML, CSS, SCSS, React, Redux, RTK Query, Responsive Design, Tailwind CSS, Node.js, Express.js, MongoDB, RESTful APIs, JWT, MVC Architecture, Git, Jest, GitHub, Netlify, GCP, Firebase, Figma, Photoshop","React: Mid-level | JavaScript: Junior | HTML, CSS: Junior","['javascript: junior', 'html: junior', 'css: junior']","['javascript: junior', 'html: junior', 'css: junior']",100.0,False
675,5628726c-33ea-4c64-888e-2e6dc9c36ca7,259476,"React.js, Node.js, Java, MongoDB, HTML, CSS, JavaScript, Express, RESTful API Design, Microservices Architecture, Oracle SQL, GitLab, JIRA, Soap UI, Postman, Kibana, Grafana, IntelliJ IDEA, Visual Studio Code, Fiddler, Robo 3T","React: Mid-level | JavaScript: Mid-level | HTML, CSS: Mid-level",[],[],100.0,True
676,6d7855b6-6d5a-4e2f-a3da-98be52651100,272239,"Java, Node.js, Web Development, MySQL, JDBC, MongoDB, Postman, Eclipse, VS Code, GitHub, Angular, React.js, JavaScript, HTML, CSS, SQL, Spring, Hibernate, Express.js, Mongoose, Windows, Ubuntu","React: Junior | JavaScript: Junior | HTML, CSS: Not experienced","['react: junior', 'javascript: junior']","['react: junior', 'javascript: junior']",100.0,False
677,a3a54b68-8f00-4076-9beb-4058654f4f12,280040,"React.js, Tailwind CSS, JavaScript, HTML5, CSS3, Redux, Bootstrap, API Integration, GitHub, Figma, Npm, Communication, Time Management, Team Collaboration, Problem Solving, Bug Fixing","React: Not experienced | JavaScript: Not experienced | HTML, CSS: Not experienced",[],[],100.0,False
678,eb86c7f3-6712-4941-b9af-e795c25c4184,249359,"HTML, CSS, SCSS, JavaScript, TypeScript, React.js, Python, MySQL, Firebase, Figma, Canva, Management, Creativity, Communication, Leadership, English, Urdu","React: Junior | JavaScript: Junior | HTML, CSS: Junior","['react: junior', 'javascript: junior', 'html: junior', 'css: junior']","['react: junior', 'javascript: junior', 'html: junior', 'css: junior']",100.0,False
679,2ce01ebd-e1a6-409b-b7bd-b0e2a8f3192a,275496,"React, React Native, Next.js, HTML5, CSS3, Sass, Tailwind CSS, JavaScript, TypeScript, Responsive Design, Node.js, Express.js, REST API, MySQL, MongoDB, Sequelize, Git, GitHub, VS Code, npm, Yarn, Docker, Agile, Scrum, Kanban, CI/CD, Jest, Python, PHP, GraphQL, Apollo, MaterialUI, NX, Lerna, Formik, Jenkins, GitLab, VPS, DevOps, Go, AWS, UX-UI Design, Digital Project Management","React: Junior | JavaScript: Junior | HTML, CSS: Junior","['react: junior', 'javascript: junior', 'html: junior', 'css: junior']","['react: junior', 'javascript: junior', 'html: junior', 'css: junior']",100.0,False
680,d991ed78-a184-446d-835e-c83cf3aba4da,240208,"JavaScript, TypeScript, HTML, CSS, React.js, Next.js, Express.js, Node.js, Tailwind CSS, Git, GitHub, Chrome Dev Tool, VS Code, Figma, Visual Studio, Mongoose, Axios, React Router, Redux, Webpack, Prisma, Firebase, Zego Cloud, Socket.io, ShadcnUI","React: Not experienced | JavaScript: Not experienced | HTML, CSS: Junior","['html: junior', 'css: junior']","['html: junior', 'css: junior']",100.0,False
681,69eb6598-0753-45a9-8dd4-9b60b3c7960d,281337,"HTML5, CSS3, JavaScript, TypeScript, ES6, React.js, Next.js, Gatsby.js, Redux, JSON, DOM, RESTful APIs, NPM, Flux, GraphQL, Agile, Node.js, Express.js, AWS, Bootstrap, Storybook, Material UI, Ant Design, Tailwind CSS, MongoDB, MySQL, Git, Bitbucket, Webpack, Babel, Jest, React Testing Library","React: Junior | JavaScript: Junior | HTML, CSS: Mid-level","['react: junior', 'javascript: junior']","['react: junior', 'javascript: junior']",100.0,False
682,fc6561e4-51b9-42c5-a45e-048f7af69fb7,250558,"C/C++, JavaScript, HTML, CSS, React.js, Redux, Node.js, Express, Tailwind CSS, SQL, MongoDB, Git, GitHub, Postman, RESTful APIs, Android Studio, VS Code, Written and Communication skill","React: Junior | JavaScript: Not experienced | HTML, CSS: Junior","['react: junior', 'html: junior', 'css: junior']","['react: junior', 'html: junior', 'css: junior']",100.0,False
683,546ddf59-7956-4578-a80e-8e8fc32fdf43,285091,"Node.js, MySQL, CSS, React, HTML5, JavaScript, Java, Python","React: Not experienced | JavaScript: Not experienced | HTML, CSS: Not experienced",[],[],100.0,False
684,ee8fb064-c931-4bf5-b53a-dbfe4a8026e0,286088,"React.js, Python, Node.js, MySQL, MongoDB, JavaScript, Java, Git, Agile Methodologies","React: Junior | JavaScript: Senior | HTML, CSS: Junior","['react: junior', 'html: junior', 'css: junior']",['react: junior'],66.66666666666666,False
685,51392551-b300-4d34-9090-664c290756e1,264149,"HTML, CSS, JavaScript, Responsive Design, User Interface Design, Cross-Browser Compatibility, API Integration, Performance Optimization, Team Collaboration","React: Mid-level | JavaScript: Mid-level | HTML, CSS: Mid-level",[],[],66.66666666666666,False
686,3a15b66e-392e-48ee-943f-21d814f11099,266203,"Python, Java, C, C++, JavaScript, HTML, CSS, PHP, Bootstrap, WordPress, AWS, Excel, Google Colab, SQL, Algorithms, Data Structures, Android Development, Statistics","React: Mid-level | JavaScript: Mid-level | HTML, CSS: Mid-level",[],[],66.66666666666666,False
687,34f4da66-07b9-478e-90a6-2b23a4502336,276044,"HTML, CSS, JavaScript, React.js, Bootstrap, Tailwind CSS, Node.js, Express.js, Socket.io, Python, C, MongoDB, MySQL, Git, GitHub, Cloudinary, Power BI, Excel, Netlify, Render","React: Mid-level | JavaScript: Junior | HTML, CSS: Junior","['javascript: junior', 'html: junior', 'css: junior']","['javascript: junior', 'html: junior', 'css: junior']",100.0,False
688,46a7dfd8-29bf-40ac-9762-28818d5796f5,250751,"TypeScript, GoLang, Python, C++, SQL, Node.js, Express.js, PostgreSQL, ShadCN, Postman, Docker, Git, GitHub, PGAdmin, Bash, Figma, AWS, GCP, Firebase","React: Junior | JavaScript: Junior | HTML, CSS: Junior","['react: junior', 'javascript: junior', 'html: junior', 'css: junior']",[],0.0,False
689,cbb50649-5d7d-4fb1-ba27-4c161f7fb80b,280140,"C++, HTML, CSS, JavaScript, SQL, React.js, React Native, Node.js, Git, Visual Studio Code, Android Studio, CI/CD, DBMS, MySQL, Expo SQLite, Firebase, Problem Solving, Communication, Punctuality, Flexibility, Adaptability","React: Mid-level | JavaScript: Mid-level | HTML, CSS: Junior","['html: junior', 'css: junior']","['html: junior', 'css: junior']",100.0,True
690,928702aa-7360-4bd1-b027-81604f348475,271451,"Python, JavaScript, TypeScript, MongoDB, SQL, Express, React, Redux, Node.js, HTML, CSS, C, Firebase, REST API, Data Structures & Algorithms, Bootstrap, Tailwind CSS, Styled Components","React: Mid-level | JavaScript: Junior | HTML, CSS: Junior","['javascript: junior', 'html: junior', 'css: junior']","['javascript: junior', 'html: junior', 'css: junior']",100.0,False
691,deda483f-1086-4030-b5c6-e03b42c80a1b,267098,"HTML, CSS, JavaScript, React.js, Next.js, Tailwind CSS, WordPress, Git, GitHub, Performance Optimization, UI/UX Design, Collaboration, Problem-Solving, Remote Collaboration","React: Junior | JavaScript: Junior | HTML, CSS: Junior","['react: junior', 'javascript: junior', 'html: junior', 'css: junior']","['react: junior', 'javascript: junior', 'html: junior', 'css: junior']",100.0,False
692,1745ad4d-055a-4006-84ca-9f6416b29d6e,274074,"Customer Relationship Management, Complex Problem Solving, Adobe Creative Cloud, Microsoft Office, HTML, CSS","React: Not experienced | JavaScript: Mid-level | HTML, CSS: Mid-level",[],[],33.33333333333333,False
693,669f63c0-171f-4121-aeef-8bca3e51c8cf,253043,"Java, Python, JavaScript, HTML, CSS, MySQL, PHP, PyCharm, IntelliJ, VS Code, GIT, GitHub","React: Mid-level | JavaScript: Junior | HTML, CSS: Mid-level",['javascript: junior'],['javascript: junior'],66.66666666666666,False
694,97bba1ec-e93f-4c30-8d06-f02586047b2e,252583,"React, NextJS, Javascript, Typescript, BigCommerce, HTML, MUI, Sass, Tailwind, WordPress, Redux, Figma, Bootstrap, jQuery","React: Mid-level | JavaScript: Mid-level | HTML, CSS: Mid-level",[],[],100.0,False
695,344f2085-2eba-41be-9813-c3a1f6eb6098,256025,"JavaScript, Java, Python, Bash, HTML, CSS, React.js, Node.js, Express.js, MySQL, MongoDB, Git, GitHub, Socket.IO, Material UI, Redux, XML, JSON, NoSQL, SDLC, JDBC, RDBMS, React Routing, Linux, Windows, Appium, WebDriverIO, Object-Oriented Design, Relational DB Design, Automation Testing, REST API","React: Junior | JavaScript: Junior | HTML, CSS: Junior","['react: junior', 'javascript: junior', 'html: junior', 'css: junior']","['react: junior', 'javascript: junior', 'html: junior', 'css: junior']",100.0,False
696,164127bf-a4c2-4574-bb62-4d6cef43219c,260658,"HTML, CSS, JavaScript, React, Redux, Redux Toolkit, Tailwind CSS, Git, Next.js, Node.js, TanStack, SQL","React: Junior | JavaScript: Junior | HTML, CSS: Junior","['react: junior', 'javascript: junior', 'html: junior', 'css: junior']","['react: junior', 'javascript: junior', 'html: junior', 'css: junior']",100.0,False
697,9b8ff907-192d-44da-bade-a37cad4000f1,277411,"Web Development, Software Development, Database Management, Network Administration, Mobile Application Development, Graphic Design, Interface Design, Hardware Support, Cybersecurity","React: Junior | JavaScript: Junior | HTML, CSS: Junior","['react: junior', 'javascript: junior', 'html: junior', 'css: junior']","['javascript: junior', 'html: junior']",33.33333333333333,False
698,c0b432ec-0fbd-45b3-9059-54e5bf84f5f1,276547,"Java, JavaScript, C++, HTML5, CSS3, Bootstrap, React.js, Redux, XML, MySQL, Spring Boot, RESTful APIs, Eclipse, VS Code, Spring Tool Suite 4, Sublime Text, Git, Postman, Problem-solving, Communication, Teamwork, Adaptability, Attention to detail, Critical thinking","React: Not experienced | JavaScript: Not experienced | HTML, CSS: Junior","['html: junior', 'css: junior']","['html: junior', 'css: junior']",100.0,False
699,e9b6a86f-c2c7-4c17-afed-3d231738fceb,264378,"React, Web Designing, PostgreSQL, Node.js, MongoDB, MySQL","React: Junior | JavaScript: Junior | HTML, CSS: Junior","['react: junior', 'javascript: junior', 'html: junior', 'css: junior']",['react: junior'],33.33333333333333,False
700,0fbc8d3d-84b6-49ec-bf5f-bf3a580d0237,246860,"C, Java, Python, JavaScript, TypeScript, React, Storybook, Spring, Spring MVC, Git, SQL, SDLC, Cypress, Selenium, JMeter","React: Junior | JavaScript: Junior | HTML, CSS: Junior","['react: junior', 'javascript: junior', 'html: junior', 'css: junior']","['react: junior', 'javascript: junior']",66.66666666666666,False
701,21e3dda8-1caa-46e2-8789-5ab4d698986b,263486,"HTML5, CSS3, Bootstrap, JavaScript, React.js, Next.js, Node.js, Express.js, Dart, Flutter, Responsive Web Design, MongoDB, Git, GitHub, Object-Oriented Programming, GetX State Management","React: Not experienced | JavaScript: Not experienced | HTML, CSS: Junior","['html: junior', 'css: junior']","['html: junior', 'css: junior']",100.0,False
702,5e4979cf-754e-4fec-9bac-9294387dee3a,267158,"React, JavaScript, Material UI, Bootstrap, A/B Testing, Java, Spring Boot, Kotlin, Restful APIs, AWS, EKS, EC2, S3, Lambda, SES, DynamoDB, Docker, Kubernetes, Jenkins, HTML5, CSS3, Next.js, Node.js, Express.js, MongoDB, Kafka, GCP, SCSS, Tailwind, React Native, TypeScript, Vue.js, Vanilla JavaScript, Python, GraphQL, Microsoft Azure, Django, Redux, Webpack, jQuery, Figma, UI/UX, Nest.js, Flask, SQL, Vuex, React Testing Library, Cypress, Jest, Mocha, Junit, Pytest, GitLab, Agile, Scrum, Kanban, Jira, Bitbucket","React: Mid-level | JavaScript: Junior | HTML, CSS: Junior","['javascript: junior', 'html: junior', 'css: junior']","['javascript: junior', 'html: junior', 'css: junior']",100.0,False
703,ab9d16b7-6531-44ab-b993-79976846a436,274697,"HTML, CSS, JavaScript, LUAU, C, Java, GitHub, VS Code, JetBrains, Figma, Photoshop, PHP, OpenAI API","React: Junior | JavaScript: Junior | HTML, CSS: Mid-level","['react: junior', 'javascript: junior']",['javascript: junior'],66.66666666666666,False
704,c0a98ab0-c0fc-4862-93f3-c45438b53d0e,266207,"Laravel, Responsive UI Design, UI/UX Implementation, Database Management, WordPress, Git, Backend Systems Development, Third-Party APIs Integration, API Development, JavaScript, Bug Resolution, Management Skills, HTML, CSS, Bootstrap, Tailwind CSS, Problem-Solving, Self-Driven, Attention to Detail, Team Player","React: Junior | JavaScript: Not experienced | HTML, CSS: Junior","['react: junior', 'html: junior', 'css: junior']","['html: junior', 'css: junior']",66.66666666666666,False
705,45ed55f9-1acb-49d2-a564-ba3f52247d55,264705,"Java, Python, JavaScript, Bash, HTML, CSS, OCaml, ARM Assembly, LaTeX, C, SQL, React.js, Spring Boot, Jira, Visual Studio, Git, Microsoft Office, Confluence, Mockito","React: Junior | JavaScript: Junior | HTML, CSS: Junior","['react: junior', 'javascript: junior', 'html: junior', 'css: junior']","['react: junior', 'javascript: junior', 'html: junior', 'css: junior']",100.0,False
706,077d4966-00ba-4d8d-84a6-af38e6221b3c,271038,"HTML5, CSS3, JavaScript ES6, Java, Python, Kotlin, Dart, XML, PHP, R, C, C++, C#, JSON, Ajax, Flutter, Vite, React.js, Tailwind CSS, Node.js, Express.js, Mongoose, Redux, Bootstrap, ASP.NET, Git, GitHub, Figma, Visual Studio, Visual Studio Code, Android Studio, Whimsical, Notion, Canva, Unix, Microsoft Office, Firebase, MongoDB, Oracle SQL, Appwrite, Supabase, Google Sheets API, Google Apps Script, English, Hindi, Telugu, Urdu, Arabic, Team Collaboration, Leadership, Problem-solving, Critical Thinking, Decision Making, Time Management, Organization, Public Speaking, Communication, Active Listening, Adaptability, Quick Learning","React: Junior | JavaScript: Junior | HTML, CSS: Junior","['react: junior', 'javascript: junior', 'html: junior', 'css: junior']","['react: junior', 'javascript: junior', 'html: junior', 'css: junior']",100.0,False
707,036acb45-a651-4d2e-acb3-ad324c86221e,281674,"Java, Advanced Java, JavaScript, React.js, Bootstrap, HTML, CSS, MySQL, Power BI, Microsoft Office","React: Junior | JavaScript: Junior | HTML, CSS: Junior","['react: junior', 'javascript: junior', 'html: junior', 'css: junior']","['react: junior', 'javascript: junior', 'html: junior', 'css: junior']",100.0,False
708,b4446f8c-4e41-4459-913a-a65506e796f4,271435,"Python, JavaScript, HTML, CSS, React.js, VS Code, GitHub, Jupyter Notebook, Power BI, MySQL, Firebase, Data Structures and Algorithms, Object-Oriented Programming, Database Management System, Web Design and Development, Problem Solving, Teamwork, Communication, Leadership, Creativity, Hard-Working","React: Junior | JavaScript: Junior | HTML, CSS: Mid-level","['react: junior', 'javascript: junior']","['react: junior', 'javascript: junior']",100.0,False
709,50af2c0a-d661-418e-abf6-d8c153e1a338,259035,"HTML5, CSS3, JavaScript, Bootstrap, SQL, C++, Visual Studio Code, Dev-C++, Ubuntu, Power BI, Cyber Security, Python","React: Junior | JavaScript: Not experienced | HTML, CSS: Junior","['react: junior', 'html: junior', 'css: junior']","['html: junior', 'css: junior']",66.66666666666666,False
710,8bddf313-ccf1-48dc-a777-db26279303c2,265236,"HTML5, React, Java, C++, Python, CSS3, Angular, Ruby, PHP, SQL, JavaScript, Node.js, MySQL, MongoDB","React: Junior | JavaScript: Not experienced | HTML, CSS: Junior","['react: junior', 'html: junior', 'css: junior']","['react: junior', 'html: junior', 'css: junior']",100.0,False
711,fffdbbf6-1785-463e-a4f5-a099da0a220e,236687,"React.js, Nest.js, Node.js, MySQL, Redux, REST API, Express.js, Git, Jest","React: Junior | JavaScript: Junior | HTML, CSS: Junior","['react: junior', 'javascript: junior', 'html: junior', 'css: junior']","['react: junior', 'javascript: junior']",66.66666666666666,False
712,4ffcc0dc-d493-452b-b38c-f99984f8eecc,278664,"React.js, JavaScript, jQuery, SenchaJS, Node.js, GraphQL, MySQL, MongoDB, GitHub, JIRA, UI/UX Optimization, Team Leadership, Code Reusability, Performance Optimization","React: Mid-level | JavaScript: Mid-level | HTML, CSS: Mid-level",[],[],66.66666666666666,False
713,495a90b1-2a69-4b45-8dd3-2ecb5c6c7e49,263713,"JavaScript, HTML, CSS, React.js, Redux, Redux Toolkit, Micro Front End, Apollo Client, Material UI, Bootstrap, Tailwind, Ant Design, Styled Components, Node.js, NPM, Yarn, Vite, Webpack, Git, Unit Testing, Jira, UX, Excellent communication, Troubleshooting, Problem Solving, Team Management, Decision Making","React: Junior | JavaScript: Junior | HTML, CSS: Junior","['react: junior', 'javascript: junior', 'html: junior', 'css: junior']","['react: junior', 'javascript: junior', 'html: junior', 'css: junior']",100.0,False
714,cba884cd-3e6e-4ee6-91b1-87e6334e129a,272682,"JavaScript, TypeScript, HTML, CSS, PHP, React, Node.js, jQuery, Adobe Creative Suite, AWS, Vercel, Git, Prismic, WordPress, Agile Methodologies, Project Documentation, Cross-functional Team Collaboration","React: Junior | JavaScript: Junior | HTML, CSS: Mid-level","['react: junior', 'javascript: junior']","['react: junior', 'javascript: junior']",100.0,False
715,57b48047-5895-4727-986d-588e8b0947dd,262009,"TypeScript, React.js, Next.js, Tailwind CSS, Three.js, Chakra UI","React: Junior | JavaScript: Junior | HTML, CSS: Junior","['react: junior', 'javascript: junior', 'html: junior', 'css: junior']","['react: junior', 'css: junior']",33.33333333333333,False
716,c2dfb093-4590-4ec8-96f9-086bf213c756,274169,"React, JavaScript, TypeScript, HTML, CSS, Figma, Jira, Storybook, MUI, Ink, Inquirer, Meow, Mandrill, mjml-react, react-email, Node.js, FTL, JSTL, JSP, Java, RTK, Vite, Vitest, CASL, Liquid, Shopify","React: Mid-level | JavaScript: Mid-level | HTML, CSS: Mid-level",[],[],100.0,False
717,d4625cef-b6b1-4db9-908d-57197c205f90,278928,"Python, JavaScript, React, Node.js, Express.js, Git, Kotlin, MongoDB, Leadership, Team Collaboration, Problem-Solving, Adaptability, Critical Thinking","React: Junior | JavaScript: Junior | HTML, CSS: Junior","['react: junior', 'javascript: junior', 'html: junior', 'css: junior']","['react: junior', 'javascript: junior']",66.66666666666666,False
718,7ec4e440-c652-4334-b394-4097d114e227,246651,"HTML, CSS, JavaScript, Bootstrap, React.js, Node.js, Express.js, SQL, MongoDB, Next.js, Go, Java","React: Junior | JavaScript: Junior | HTML, CSS: Junior","['react: junior', 'javascript: junior', 'html: junior', 'css: junior']","['react: junior', 'javascript: junior', 'html: junior', 'css: junior']",100.0,False
719,3b604bd1-646b-4a0b-9e92-b7a3ff1c74c6,267991,"JavaScript, C, C++, Python, React, npm, HTML, CSS, Sass, Dynamic URL, Routing, Browser Data Handling, Single-page apps, Object-Oriented Programming, Web Development, Node.js, Express.js, MySQL, knex.js, VS Code, POSTMAN, REST APIs, API Design, AXIOS, Git, Git Flow, Jira, Agile Methodologies, Scrum, Kanban, Heroku, Netlify, React Testing Library, Jest, MATLAB, HOMER Pro, AutoCAD, CST Studio","React: Junior | JavaScript: Junior | HTML, CSS: Junior","['react: junior', 'javascript: junior', 'html: junior', 'css: junior']","['react: junior', 'javascript: junior', 'html: junior', 'css: junior']",100.0,False
