"job_application_id","has_embedding","km_cluster","hc_cluster","hdb_cluster"
"a0307d84-c264-40f8-9853-84028301e18c",TRUE,3,1,2
"17d13764-3351-45c7-adb7-1e722724a2fe",TRUE,1,2,2
"e5a03316-259b-4888-b266-b147aa74ab5b",TRUE,5,3,2
"33150168-c435-4a6d-ab62-9226eb4b0f5a",TRUE,5,4,2
"42499370-6090-4681-8877-aee5b21d9ef4",TRUE,5,5,2
"27e8c735-d233-491a-9e8f-f679c8e7c821",TRUE,7,6,2
"8beba46a-a52e-4d97-a179-26bc8b30cba9",TRUE,1,2,2
"caedccd1-5e1a-4dd4-b245-240148f36006",TRUE,1,2,2
"d1053270-4792-4409-ba73-bc0bcf6cc5cc",TRUE,5,4,2
"f025f81b-11a1-4dfb-9063-e4cc69db24a9",TRUE,2,6,2
"8fba0425-8cb4-48f3-a961-e75ad03a14ac",TRUE,4,7,2
"61007ca6-079c-4883-a855-8fda35cc7871",TRUE,1,2,2
"91220145-e5ff-48f9-84a8-d8f38c413138",TRUE,4,3,2
"3c137a83-eff5-4319-a146-d2d64fa39b85",TRUE,5,3,2
"3464e2cf-6a63-41f4-99f9-519df7d82137",TRUE,1,3,2
"172caaed-b939-4ccf-9970-680517c9fc71",TRUE,4,4,2
"4188e78f-2a79-488d-a0a0-182a0bce401d",TRUE,1,2,2
"6eec5aff-ca2c-45c3-ab42-02de73a35530",TRUE,5,3,2
"d3107da1-8da9-40a6-854a-3db927657b3b",TRUE,8,8,2
"381c4887-0419-43e1-bcef-c99d217495d1",TRUE,5,9,2
"e8998f46-6158-45db-99ab-fbbcb9fadae8",TRUE,5,9,2
"797e518c-3cb6-4abb-92ee-43b218f88335",TRUE,5,9,2
"d641807d-c976-4f81-b702-75573ba96d5f",TRUE,3,7,2
"beea0771-7fcd-4694-9b08-cda4e1bab764",TRUE,3,1,2
"c87ae021-7277-4f35-987b-cb7b71c1ed59",TRUE,5,9,2
"72d3538b-cf2b-4486-9fb7-5a7739976e49",TRUE,2,8,2
"201f2eec-e623-4e4a-837b-a20694d77429",TRUE,1,2,2
"c42802ee-1726-4a87-8cab-acf4f809ecbe",TRUE,1,4,2
"63d250d9-0446-4c5e-b0f1-b44dcd9d1010",TRUE,3,1,2
"cb6e2b66-aba0-47a1-be04-0fe39f462403",TRUE,5,9,2
"2d2c64db-b083-4cd2-94d2-771ca2e32d0d",TRUE,1,1,2
"4aacbc1e-f8b9-4f58-a81b-ff193db7b428",TRUE,8,8,2
"32472341-7c06-4db8-b71d-1b616d4b72c1",TRUE,4,5,2
"6de20691-692d-48af-877a-0d52a78a0c86",TRUE,1,4,2
"91278b47-b2d8-4ccd-8053-8e1e271630f0",TRUE,8,8,2
"576c859e-ad32-4462-935e-795992f46d6d",TRUE,1,8,2
"dd5ceee3-a529-4b8d-813a-4cc58e93c69c",TRUE,6,9,2
"794a8ab6-96a7-45cf-a968-c693cc50cc00",TRUE,5,4,2
"07b10840-2014-4bcf-9b2c-daddb30b57be",TRUE,5,6,2
"d7344667-16b8-4c2b-9baa-521b31a2cc7b",TRUE,8,8,2
"a2e5b74c-5200-4a38-9b1c-4bf1ad700180",TRUE,5,9,2
"96b77851-2b27-40be-ad7f-fba2cd51c33f",TRUE,5,9,2
"13b622d9-1ed6-4b37-a707-0313119a61ed",TRUE,4,2,2
"432c0aa7-e563-466d-9bdb-316d7d0c49c3",TRUE,1,2,2
"a7e34477-07dd-4c4e-bda7-406c3be9fab0",TRUE,1,2,2
"bb90fa83-d66f-4be9-b5a2-c3bced7ece8e",TRUE,6,9,2
"08a125d6-e5e4-4931-a3a6-3a4faacc6f56",TRUE,5,7,2
"d3468d41-0938-4d17-9de4-cba02c2cfb78",TRUE,8,8,2
"6f3e24a7-7dce-4477-956f-33b980932392",TRUE,5,3,2
"db296102-bd68-4196-841d-0cf1266c42bd",TRUE,4,7,2
"2dc6da57-134a-4375-8b37-724623ac3900",TRUE,7,6,2
"f25cc21a-ea2f-4233-94d0-a92bfa04eff1",TRUE,5,1,2
"77aa57c0-490c-4b7e-88c7-14798e13a29c",TRUE,5,4,2
"420b8cf4-c293-470e-835e-2b6f001b912b",TRUE,4,7,2
"5e564bc6-d3f8-4b5b-a7e3-8228fa3f8560",TRUE,5,5,2
"3de4f85e-06f7-40a0-af08-14112a870c11",TRUE,3,1,2
"44f3eabe-1937-45b6-86a6-1755cef3142d",TRUE,3,1,2
"f78b4922-c628-4a08-a0ff-4b192c1dabc7",TRUE,3,9,2
"5e0e918a-663a-4f86-9ffd-8e1b07981166",TRUE,4,2,2
"99bf0349-4ccd-4341-a734-ddbe0d88514b",TRUE,8,8,2
"2f1311d1-2d30-4f79-a108-2d80946967a1",TRUE,5,1,2
"3536973b-2781-4bb3-9e77-71a52ff25e14",TRUE,7,6,2
"8c8a5f07-833a-4e14-b49d-1849dff1674b",TRUE,3,1,2
"54bfdb76-55e3-4aef-9940-409dd7cdb635",TRUE,3,3,2
"7ba55861-aa5b-4396-8967-0ab5a0fb4dc1",TRUE,1,6,2
"9fa64448-79c7-4241-96f3-303bceb69c2e",TRUE,5,3,2
"f8d06255-5d1f-4a8c-abc1-0493ec65420c",TRUE,1,2,2
"635ee4d7-798b-4834-9fa1-604f763eedb2",TRUE,5,3,2
"6b02934f-7dd2-40bc-b140-a865d0a02451",TRUE,7,10,2
"85ddf69e-c6b8-4f60-90c3-5c8ea1861e0e",TRUE,4,9,2
"c3710cba-c5e8-4964-8a1d-d4313fb15cbb",TRUE,8,8,2
"f31e44e0-3551-4cb3-8492-7a198b412d89",TRUE,5,3,2
"6ca3ac15-0986-4132-839d-064e1d351d1f",TRUE,8,8,2
"3c57cd98-45f3-447a-8c93-32279edb8de3",TRUE,1,2,2
"ab41584d-eca7-4557-9bc4-05d7683a0e94",TRUE,5,9,2
"c548a46a-938a-4772-b280-623e710a8818",TRUE,6,9,2
"ee460a96-b621-48b8-b637-7d114515bef9",TRUE,8,8,2
"66847b30-61a3-45f3-8b27-6d404a70fc11",TRUE,8,6,2
"7247a760-7cf5-4400-b09d-9f87993ca4db",TRUE,3,1,2
"8d28eece-ae1a-469c-826d-7871821c3764",TRUE,3,1,2
"18aff54d-6cf0-453e-8123-b947a1cc10d4",TRUE,4,7,2
"28587ed8-8abc-402b-bb3b-09670f4934cd",TRUE,3,2,2
"d18e6113-2885-4f6e-8d2d-5969bd9a8b67",TRUE,1,5,2
"9b6a7ee8-c1e7-4612-a7fa-fb5e3c07f5ae",TRUE,7,8,2
"233191bb-74aa-4b1d-b7c5-3f30a24c110e",TRUE,3,1,2
"6f4784a8-48e8-40c2-98fa-22bc18e5ad78",TRUE,3,8,2
"310d5c5c-1273-42d6-adda-bca6ce587c28",TRUE,1,3,2
"2d20a43e-bf89-4168-bc63-57ec196c8d07",TRUE,5,5,2
"878c5231-57bc-44eb-bf73-d2f58bd0f984",TRUE,1,2,2
"0e750c9a-e0c2-41fc-8ed7-122de99a5a1e",TRUE,5,1,2
"2db53851-9aa3-45be-90ca-587d75d475a3",TRUE,8,8,2
"2db53851-9aa3-45be-90ca-587d75d475a3",TRUE,8,8,2
"24041275-aa41-442a-80e7-f7e14b5f79ec",TRUE,4,7,2
"9bb2366c-98cc-47e1-a9a2-f07889af414e",TRUE,4,7,2
"97898944-8d35-4d9c-b543-b13a4acac6c7",TRUE,3,9,2
"94ae3644-78f3-4987-ba47-19824af47890",TRUE,1,2,2
"d7da173c-d7b9-4465-aa2b-d27ff7392809",TRUE,8,2,2
"23542f4a-99b6-4e5b-813c-be8d099e378f",TRUE,8,8,2
"163523c7-9537-450e-8702-976758c359d7",TRUE,1,2,2
"8ceb38ff-6536-42bf-881b-500b2c199e25",TRUE,3,1,2
"85483e4a-d5b4-4b9d-8698-de812746f29c",TRUE,5,4,2
"b2b983c3-2182-4a54-ad74-ea72ae08a35f",TRUE,4,7,2
"c37cf4c3-7e78-47bb-b1dc-6641e168b903",TRUE,7,6,2
"ab757a27-bb1f-46aa-b8dc-654be4606704",TRUE,1,1,2
"94b1ae3e-4b78-49e4-9b6a-e87d0f8c7f0b",TRUE,5,6,2
"c088e581-1de7-436f-9526-7e6491e7583a",TRUE,5,5,2
"fd7fd7df-4cf2-4fac-a4bf-122a06e337e5",TRUE,7,6,2
"79ecf03c-1d05-47d7-9657-fdda4adc83ca",TRUE,3,1,2
"d82dd6ee-b90a-45cd-aed8-4dc7e1b19915",TRUE,8,8,2
"353daaa7-0215-48a8-af03-68a4269c9bdc",TRUE,1,2,2
"bb93a4e0-d7d3-44b8-af5e-df599860ecc5",TRUE,4,7,2
"a93bf6ce-4d31-4888-b2a8-964b1a02aeb0",TRUE,4,7,2
"9182e1ac-30b2-489f-83a0-a0250cbed4bd",TRUE,5,5,2
"87928798-030d-43ce-a0a1-fab180a77bca",TRUE,4,7,2
"2358a68d-058e-42ec-b34c-2a9c573240b1",TRUE,6,9,2
"1ddb070a-2768-4015-8ab5-5fe82de71b5f",TRUE,3,1,2
"aa6b1052-7960-4876-901f-6f6dec40c00f",TRUE,4,2,2
"523273ee-5440-4e97-8b0e-478220742b85",TRUE,4,8,2
"aba29c7b-63eb-4406-82d1-c956c5925972",TRUE,5,1,2
"b065618d-1f05-4a55-9ca1-d851c0b42ebc",TRUE,5,9,2
"d91b7a92-4818-4eb9-ac2f-9b637bcc0d3e",TRUE,5,4,2
"a50df669-4098-48cb-8553-2d31c491c13f",TRUE,4,7,2
"f398f71f-22a9-4347-a1d3-43cc6013af54",TRUE,4,7,2
"fe657843-8bb0-42b0-9bf9-621861681c4b",TRUE,4,7,2
"37201be9-e89b-40e7-9162-15a55afe02b0",TRUE,5,4,2
"cc538c57-b86f-461e-a85a-cc6ee7cde6db",TRUE,5,3,2
"301038a9-d574-4cbb-b215-17ab30df76b4",TRUE,4,7,2
"adf58e72-e6e9-43e7-837b-d12345011f31",TRUE,6,6,2
"eebe3813-56b7-40ad-af62-2ff5c4e55330",TRUE,3,3,2
"d46e4271-67ca-4ae8-942d-87f6e6e88594",TRUE,8,8,2
"8e4a67c6-0fd9-4f4d-8201-5131dd428d26",TRUE,1,7,2
"ff56bb04-90e1-424f-a1da-f5d927bf02c9",TRUE,6,6,2
"7ec4e440-c652-4334-b394-4097d114e227",TRUE,5,2,2
"8dda4059-0017-448b-96fc-d91d901b761f",TRUE,2,1,2
"cbfdf902-005c-46fc-9119-7ab306469cc9",TRUE,1,2,2
"5278b06e-48b8-48e6-ad82-da81e22c2fee",TRUE,1,2,2
"0fbc8d3d-84b6-49ec-bf5f-bf3a580d0237",TRUE,8,6,2
"9c132b70-453c-4d2e-ab30-311f15245530",TRUE,3,3,2
"98ee4e0a-69cd-47f5-8292-8e2aa9cba86a",TRUE,3,1,2
"8d699f98-8b22-42dc-84e3-fc81e5aa1a3f",TRUE,3,2,2
"0cc79015-cb8c-4830-a99f-300e4ffd0a43",TRUE,5,5,2
"7977c0ca-0775-4676-8163-a047b2c3a15c",TRUE,3,1,2
"e15c7dc7-4d72-43aa-aa56-0c9af4aed977",TRUE,8,8,2
"6d3a9a8f-a16a-4988-a2e3-fa88b899d865",TRUE,4,2,2
"99d338f6-a580-4517-9485-c478319abb2d",TRUE,8,8,2
"c62dbc5b-a217-4a45-a62e-6d9b46443eb2",TRUE,4,2,2
"02043f08-a343-4139-82be-5e3e1e05d5b8",TRUE,4,7,2
"b25ba20c-ae56-40c6-9bf3-78448fb4e4d6",TRUE,4,2,2
"e221df30-a854-41ce-aa70-e13d4bb5cc27",TRUE,4,7,2
"01e9e187-b917-4161-af7f-83f8dc958fb2",TRUE,7,6,2
"4af27670-cc56-4b6d-af49-df7ceaded326",TRUE,6,9,2
"959d8b33-c291-42b8-98c6-e019f6b6577d",TRUE,5,4,2
"1a9b00d8-4278-41da-b28c-26f5555152bc",TRUE,5,9,2
"68694e23-5810-4a26-9663-9e8830816c8a",TRUE,1,2,2
"7f33b909-969f-4e29-a534-109f4cad9a2a",TRUE,1,7,2
"304b3f38-87d4-4421-9149-c2c465c1995c",TRUE,3,3,2
"1bb3db9c-5454-4b82-b652-2cdf03fd8f18",TRUE,8,8,2
"c6edbdb1-7b65-4cad-be4e-b9d3c7e11c01",TRUE,5,9,2
"3c7871d0-528c-4861-a4fa-4378af2ec752",TRUE,8,8,2
"f8e01ade-379b-4275-96a3-60750b935057",TRUE,7,3,2
"0f85b340-11db-4f3b-b909-f8cd52883f9d",TRUE,6,9,2
"0d356baa-ee73-4de4-bb54-9976785b30fc",TRUE,4,1,2
"c1b14d89-2a08-4ae5-b26e-cd9b5e989b5c",TRUE,4,1,2
"961ecd94-c150-4a5e-a0e7-eed8208a3623",TRUE,2,10,1
"207d7bb1-ed49-45bd-a23a-bfe1cb09a1b8",TRUE,2,10,1
"a65e3518-87c7-4db4-8e1a-22a2af2c2c07",TRUE,2,10,1
"16dbb549-92ef-47ed-b976-0db496849b24",TRUE,2,10,1
"4db39196-c82e-40f9-98a4-4f7c67ef8edc",TRUE,6,9,2
"b163cc9e-e117-4f35-bf21-9fc777acb176",TRUE,2,10,1
"cc6da5ca-dd05-4cc0-8423-bfc860bb20e2",TRUE,2,10,1
"100c3039-ba05-40f2-b7d6-790996aabadb",TRUE,2,10,1
"e4c06b48-8bcd-439f-8c19-02dfab0a289e",TRUE,2,10,1
"76058afa-f001-4774-8a30-6cb0ff45b24b",TRUE,2,10,1
"4a24be04-85bb-4506-9d1a-f2ebf1c65314",TRUE,2,10,1
"c25dfc41-a831-4be4-bb1e-00a15df14344",TRUE,4,7,2
"92a41c29-327f-4b43-bea4-a8d913837080",TRUE,7,6,2
"e907556c-cc04-4d8c-927f-8384d807e1ac",TRUE,8,2,2
"0344b9b8-fcf7-4dc1-b2f9-a033e79f67a0",TRUE,5,9,2
"da798088-e32a-46f1-9877-1194a183f03b",TRUE,8,8,2
"a463c0fe-ae21-4a6e-8e8d-c18e42306b45",TRUE,5,3,2
"48ded2b5-4d3a-4087-aa95-bf0801fd6321",TRUE,5,9,2
"e31041a2-a31c-4805-b6eb-96e129f077f5",TRUE,6,9,2
"a7be9bb1-b9a5-48ef-bd91-2f515128cc8a",TRUE,5,9,2
"00edfbcb-0e58-4613-a9fa-6dc744bfdd5a",TRUE,5,9,2
"c466c259-98d3-40e9-970f-87458f501b4b",TRUE,6,6,2
"110607b6-b425-4b1b-933c-07f581415100",TRUE,8,8,2
"173f71b4-f40a-446e-b37c-7c53b4f2ec5e",TRUE,1,7,2
"fb1b170a-0ed9-4654-8a5d-88e61f15eea2",TRUE,4,7,2
"010d7d85-e06a-4927-883f-9aa8730132fd",TRUE,8,8,2
"0f76ef5b-8471-4a41-9f92-fffd748fd29a",TRUE,5,9,2
"15f7bf2a-f465-4308-9d0d-1d321bcdd9da",TRUE,5,4,2
"76831f9d-170f-40d8-af65-53a4bf79c213",TRUE,8,8,2
"1de7113f-8c8d-410c-9858-ec264a9dd18a",TRUE,4,7,2
"7ef0d38a-dcf5-4bba-9252-844e8f9379cc",TRUE,1,2,2
"24e2189f-f5cf-4100-a53b-1a2bf5d3a78c",TRUE,5,9,2
"27ae90d6-17ae-4c74-b26a-83d8cfc777da",TRUE,8,8,2
"233d8699-c9f1-4bd0-8ae1-1e8b1cb41c80",TRUE,4,2,2
"446fafcb-afb7-44a4-a1b2-ed7f5ae102bd",TRUE,1,2,2
"479f6817-2cc2-427d-ad95-625245d2cf44",TRUE,6,9,2
"b81fe188-8927-4a60-b1a6-8cd813c085c2",TRUE,5,2,2
"8c619a0a-7441-4975-8e0a-89eabd9298ad",TRUE,8,8,2
"11b21561-e206-4987-98ad-402154bef9a1",TRUE,1,6,2
"2f9db0f3-15c7-45e5-8974-916d12462b27",TRUE,1,2,2
"2835064f-af40-4cf3-bc65-58285cb7e8f6",TRUE,5,3,2
"af8c0fba-5d92-423b-88af-180125036540",TRUE,4,2,2
"300304df-f735-4c87-bc87-9b8c1a2fc163",TRUE,5,3,2
"2cf0d340-8d46-45d0-9d8a-2a9e091e4711",TRUE,4,7,2
"0e012b8e-de35-4662-8194-991621330671",TRUE,5,9,2
"fb723578-2787-49ab-862c-1a1069597b39",TRUE,5,3,2
"c1d491ae-dde8-4fa5-87a2-07715028d32d",TRUE,5,3,2
"58e4ffda-bfac-478e-b724-4d27964d5028",TRUE,5,1,2
"6244764c-23c0-44ad-bf2a-ec9516c2a3de",TRUE,5,1,2
"10df1228-393e-4996-8146-bf49b1e586c3",TRUE,8,8,2
"f5771831-b93f-45e5-9b39-921620caee3e",TRUE,3,1,2
"783457f3-ee45-4d3e-a917-a30e492c4233",TRUE,1,2,2
"800cb704-8b49-4d88-bec1-7569a271545a",TRUE,5,9,2
"17479cc0-037c-4585-be98-57cc102f9c18",TRUE,8,8,2
"a96f20f5-b3df-4671-9c8c-6bae89b5b71c",TRUE,5,9,2
"5e9d5642-bcc9-42eb-bd4c-44d821cfca81",TRUE,5,9,2
"e7eb2178-1878-4385-8c9d-470e39505a59",TRUE,4,1,2
"79e0ebd5-4f84-49c6-af4f-d3e3fea3bce2",TRUE,8,8,2
"df6732bc-c89d-4834-80a0-6a035b8480be",TRUE,1,2,2
"d486b3f1-713a-4b8b-96a3-8c173f44026c",TRUE,5,5,2
"47791174-81c7-4ea8-93d0-debef0ada3ac",TRUE,3,1,2
"9700820b-52c8-4e97-81ce-10f5db3da47e",TRUE,4,3,2
"4b5a2202-f9cd-4e01-9209-be3530d044fd",TRUE,5,1,2
"77e32991-2d58-4811-99b0-073aadbeb89e",TRUE,1,2,2
"ea88b4ef-fdd6-4dbf-b5aa-a650ab28d7cf",TRUE,1,3,2
"49287b78-97d3-4b2b-9cc0-49dbd5621f69",TRUE,8,8,2
"3f888ea3-4de7-4a9b-bfac-eb9441c5dd0f",TRUE,1,2,2
"58ca3618-60c1-46ec-9ab6-b9eb43f9129b",TRUE,5,9,2
"cd0f281f-bdf4-4396-b3f1-7021519c22f1",TRUE,8,8,2
"9cd24ff4-7e69-4138-86e5-55cfa867123a",TRUE,8,8,2
"b7190c5b-e66b-440c-be7b-ca86d0fc3152",TRUE,4,5,2
"69b7a88c-3ab6-4525-b09f-c9f5f38e421f",TRUE,4,2,2
"3e742522-dea8-4ff7-9a00-14a7fada06f4",TRUE,1,8,2
"862508ec-8955-4a3b-8ebb-4d5d9aefb3ef",TRUE,8,1,2
"f1f3d8d5-c6a7-43be-bd1a-ea2ffbf14961",TRUE,3,1,2
"439d9fb3-59bd-4cdf-9ba6-3603867b0254",TRUE,4,7,2
"2a988a91-aba2-4043-8355-8eedd8a45494",TRUE,3,1,2
"a2f82314-29f9-4ae4-a68d-4619775b012a",TRUE,4,8,2
"c076e691-025e-49a5-bfb5-2496110c3357",TRUE,6,9,2
"dea63715-b525-4d61-82a4-50f0f71a1ac3",TRUE,4,7,2
"5832cbe3-ab7f-4e79-a717-92812df0cef6",TRUE,5,1,2
"5c4b9be3-4028-4864-937a-7b5ae8c6876e",TRUE,3,1,2
"cc69e86b-b4ab-4ba1-85a3-91387f7ea008",TRUE,6,9,2
"2d1d1e89-443a-4556-88e0-db81559cf824",TRUE,4,7,2
"1876723d-3e31-4db6-be10-2b2a691567f1",TRUE,8,8,2
"c2563e8c-35a5-4433-9053-f2ec1f95bd36",TRUE,8,6,2
"98d2d683-c98b-408e-ba14-40a4d6c459e0",TRUE,4,2,2
"71995f21-8fab-4215-a10c-131003986333",TRUE,5,3,2
"9616cfc5-d2d5-49f3-b979-ca4b8f40692b",TRUE,8,2,2
"dcb8952b-e11f-4d3f-951f-dbb5cdb45c2d",TRUE,7,6,2
"1a2d55e3-d131-4304-8ab3-fedad960ca26",TRUE,5,7,2
"8864fbc7-78e9-4a50-94f4-66a6b6efa7b7",TRUE,4,3,2
"1fe849e8-4747-4c93-b9ae-760d99bc968f",TRUE,5,3,2
"af940a2d-0738-4186-9010-56b2f42f63c7",TRUE,4,7,2
"357649b7-db62-44c2-a9b0-360edbcef856",TRUE,7,6,2
"a7c1e361-16b2-4b04-8de9-dd9b3ecca08a",TRUE,5,9,2
"bc42bd87-a95e-4413-a62e-1826f8f126e3",TRUE,5,9,2
"83492a19-909f-46eb-8050-cacb4099ef9d",TRUE,8,8,2
"df1e4428-57f4-4f7b-af50-a0fb59bc0ada",TRUE,3,1,2
"fb27b91f-4313-40f7-8962-25d1a9a87f7b",TRUE,1,2,2
"79535f30-2c9b-4944-824f-f3322c6ec972",TRUE,1,2,2
"0aa1dda6-7a20-4280-9fe8-8d170ba20e13",TRUE,1,8,2
"077bcc60-7193-49b6-ab05-807298206a30",TRUE,3,3,2
"71b1d859-cc15-490b-8be5-646d2a67aa8f",TRUE,5,9,2
"8002af19-9e34-43e0-a90c-cb09f4d115d0",TRUE,3,8,2
"258fbf4f-697a-46d4-9c04-c47267646b37",TRUE,8,8,2
"35fe613c-3182-4653-bcf6-fe4f67f0d7b5",TRUE,8,8,2
"c9faf36d-10ef-4de1-a1d7-85d42537c181",TRUE,1,3,2
"557b19f1-9e0f-4341-ba0f-8043b9323263",TRUE,7,8,2
"36d6386a-cf20-4865-814f-2ec94d925e13",TRUE,3,1,2
"bfc43a85-81da-4acd-8def-8ee338ccb715",TRUE,1,2,2
"7d859e1f-28cb-4daa-bf55-52af02aeb7d5",TRUE,4,7,2
"816c3968-62da-47e3-93da-e68dbce5d710",TRUE,3,1,2
"53d07a92-bfa2-46b7-b2f8-ce4cd2be6134",TRUE,4,3,2
"0b7469f9-6114-4c06-a6ae-17af1af09532",TRUE,6,9,2
"ec1e0ad6-ac3c-404b-bfdc-ef14b6460ae0",TRUE,3,3,2
"bfa38311-a645-4bc1-92a3-3a5843b29292",TRUE,1,2,2
"20a04f35-883c-4cd2-836d-8315aab4fbe2",TRUE,4,7,2
"75d22f62-6d74-4156-996c-52945e21b97d",TRUE,1,7,2
"08167b8f-cf5b-454c-939e-7970cdd97e75",TRUE,4,7,2
"0f8ab5bf-4b81-4ae5-af47-577030f3988e",TRUE,3,1,2
"3e821eee-7b91-4c87-b1db-8e3a29893002",TRUE,3,1,2
"20bf9da3-9b5c-4d66-bb8c-07e5d77762c0",TRUE,6,9,2
"1bb9382a-5d59-4ac0-9165-95d0e04f1e40",TRUE,1,5,2
"93318301-9959-449a-83f4-7e2a91df3b9f",TRUE,1,6,2
"a9e9a8e5-ff9e-4980-babe-16eb6c2667c1",TRUE,3,1,2
"8b5c589a-f9c2-4936-bd64-429cd4b82632",TRUE,1,2,2
"1e3ca6c3-c257-491b-82b6-e31686ecc5f1",TRUE,6,5,2
"34b76a65-d2b2-4598-b9e7-61a576a4e627",TRUE,5,5,2
"f1a9f753-e17e-4947-90f2-2d9b9e7da87c",TRUE,1,2,2
"f7e4edff-faf5-444f-8914-39fe13f1a730",TRUE,4,7,2
"ae1e589d-462b-4ca2-99e8-0c254965cd29",TRUE,3,1,2
"3e816a32-a29f-43f5-b56c-2684be6d19f6",TRUE,4,7,2
"d928cac9-bfc0-409a-9f47-a13925ccbdd4",TRUE,7,6,2
"ed236d5e-dcc4-43f0-80c9-319dc401111d",TRUE,1,2,2
"33e05c91-df90-47d5-bd16-d3aec1e50c7e",TRUE,1,3,2
"11cd1875-0a44-4e16-849c-05ac8765382f",TRUE,5,9,2
"db72b462-40f7-4b70-97b0-f772fbe42f79",TRUE,4,2,2
"552585a4-c57f-4a2d-b706-dfcb88a28b6a",TRUE,3,1,2
"8992873a-4e2d-4f2d-8677-eefb2c4c671a",TRUE,6,9,2
"d466a565-4636-4bd3-b216-290e918e2ddd",TRUE,5,6,2
"b8572226-e1d0-4f83-9885-0dd0b0221f88",TRUE,6,9,2
"5075094d-b369-4384-9c12-6d2d84dc5403",TRUE,4,2,2
"117124f1-6e45-4844-b8f2-358c71e7d483",TRUE,8,8,2
"c98edac6-5d07-446c-8616-2f19ef4e0733",TRUE,1,2,2
"46337a87-b15d-4495-9b10-2c836f8f7a72",TRUE,7,6,2
"efaca64b-3110-4edd-9a53-ef4ec5331df5",TRUE,3,1,2
"c0a21f00-0e69-4c38-ab1d-ee9cf43ecd8d",TRUE,5,5,2
"656becb7-ca40-46f6-a41d-76e88ea99fb0",TRUE,1,7,2
"e334e03f-fc1e-49f3-9005-0b11a7311aaa",TRUE,5,5,2
"3ce5cac3-e60c-482a-95ae-547b98eb0974",TRUE,3,7,2
"75552184-6eb2-4ebf-a429-598429952574",TRUE,6,9,2
"65211110-7808-4bad-9c5f-864c8ce728fc",TRUE,1,2,2
"bc890db8-3b3c-49bf-8b39-0d4835cd2bf6",TRUE,8,1,2
"a9d0d002-b301-4cf5-9330-8669474a1099",TRUE,4,2,2
"46d5e5c3-0610-40f6-b1f5-43902427d8ac",TRUE,5,3,2
"6722705d-73ec-475c-99be-46b4d876dca0",TRUE,4,1,2
"e7eb2b32-5943-4039-b7a5-569518cfe94d",TRUE,1,2,2
"6eefb52a-fb45-430c-a731-56add662e93b",TRUE,5,3,2
"bbd2995a-ee78-4e74-bdf5-376a41726521",TRUE,5,3,2
"e83096f2-af69-4765-8cb7-d0ce58bc4ff8",TRUE,6,6,2
"842a977f-473f-4742-ac7f-cb0566e969c9",TRUE,4,7,2
"34c4a17b-251e-4bc1-91a5-83c0195d3766",TRUE,4,7,2
"07df9c2e-e32c-43c0-8c06-d767fb72c2a8",TRUE,5,5,2
"155772e5-7cad-48bd-bab6-d9859a1cb3e5",TRUE,5,4,2
"344f2085-2eba-41be-9813-c3a1f6eb6098",TRUE,5,9,2
"f57ca1a0-7bb2-4ba8-ac07-a179fd266d07",TRUE,4,7,2
"0c96f0ae-055d-4267-9049-f159f6a6f03b",TRUE,5,4,2
"889e8313-90d8-4fe7-a042-595c421ba308",TRUE,4,7,2
"fe663637-0ea9-4384-bad6-3d715bdb34ea",TRUE,3,1,2
"3e439e60-7962-4e96-869d-b7c8756d3a9c",TRUE,8,8,2
"59a5974c-fce4-470c-ad76-3c9fab176b72",TRUE,5,4,2
"8d12f303-28e2-4b55-a6e2-cf545d9b8a2c",TRUE,5,9,2
"5047b5e2-e296-492d-8eee-28bd519a6d40",TRUE,4,3,2
"87a49b97-cffa-44d6-9d93-398611b9c815",TRUE,4,7,2
"03ac6ec9-72e0-40ea-bd43-e3441a0c856c",TRUE,4,2,2
"10d6ffde-4b8c-4eb2-a2ff-00d715678c2c",TRUE,5,9,2
"098ecd21-2175-487d-aeb9-19793d2043b8",TRUE,3,1,2
"4af4e940-a188-4c69-aa1c-fa39b426648d",TRUE,3,1,2
"7730f8a6-3af5-4838-8b41-694f5c084514",TRUE,5,9,2
"f218933d-c52c-458b-b199-13fd8ef0a73f",TRUE,1,2,2
"ef62a990-5918-4a59-95eb-60a1c7b0910b",TRUE,7,6,2
"ef62a990-5918-4a59-95eb-60a1c7b0910b",TRUE,7,6,2
"dd26d839-d549-4cb0-aac4-8c50d89e9697",TRUE,3,1,2
"4f740185-bc21-4d3a-9f8d-7599cbd1bb29",TRUE,4,7,2
"69625d82-07c7-457b-b44e-de166d5a6106",TRUE,1,2,2
"6e897cd8-9fed-4625-abcd-f058e2f754e3",TRUE,5,3,2
"2e810ac3-f7d0-490f-9d4e-92f7e241368f",TRUE,6,9,2
"68f02a2f-7caa-4b2b-8860-d66c5ec5252b",TRUE,6,9,2
"f35f3988-a328-4e49-9512-c3a61e1fda27",TRUE,3,1,2
"b3ed4268-daae-4b2d-bf66-d94c340c5950",TRUE,4,2,2
"dd89e4da-6f58-4e13-9513-fb00a5043066",TRUE,1,2,2
"9266d238-47dc-46f7-83c9-5d21ab298b40",TRUE,1,7,2
"4338b96c-765f-4fbc-ac2d-7329a3b4db85",TRUE,5,4,2
"35588fec-4794-46c1-b91d-1e7628d55533",TRUE,1,7,2
"5ab478d0-87aa-4c14-9941-bbf18c7f9a19",TRUE,4,7,2
"08c37b7c-f542-45f9-a904-b93d6b76b896",TRUE,5,5,2
"84312948-9e8e-4405-b698-7fadd4a504e9",TRUE,4,8,2
"1b3de018-ed31-44d5-a03d-e97d80132a04",TRUE,5,9,2
"19acdb02-9eca-4464-a9f3-57159a5eae0f",TRUE,8,8,2
"547e48a8-c0e6-4b3e-9759-789250580cea",TRUE,5,4,2
"47d38971-ce10-47a7-80de-6912107af2f1",TRUE,8,8,2
"ab4964ff-2827-4e91-a819-551a2dc96a5e",TRUE,1,2,2
"ab79ccb6-4847-4a3c-b988-48fa575dc2bc",TRUE,5,5,2
"848650f5-4b27-4d20-a426-364cb3d6f46f",TRUE,7,6,2
"25c0a01c-c667-49b9-9ad7-5ede5aa13016",TRUE,8,8,2
"61973ed2-9fe3-4442-a70e-5d11fd9ad2af",TRUE,3,1,2
"db325803-c682-4c83-9ae1-552bd3f7bd3e",TRUE,1,2,2
"00636ef9-6656-47f2-bef8-76a2ac254702",TRUE,5,9,2
"7bdce745-4ef4-4b0f-b9a2-112016a09d37",TRUE,3,1,2
"7300bc30-be1d-4f2a-b28f-18d50370a782",TRUE,5,4,2
"29721c79-1f30-4c98-94b0-4ce032a2350e",TRUE,7,6,2
"8c0e205d-135f-430a-9c82-59bc56b0e909",TRUE,1,2,2
"fa6ed587-a5dd-42f0-8f5b-ad2c3d072592",TRUE,4,2,2
"b3e0aca2-1f64-4ef3-b19f-cde6d276906e",TRUE,3,7,2
"21955b3d-de21-4c08-9922-d88660337c51",TRUE,4,5,2
"e6edd5af-724f-4a41-9424-eedd03011048",TRUE,4,7,2
"cd913450-5eb2-4d43-a830-f6d6ed29cc81",TRUE,8,8,2
"aa05d0ba-0b93-4661-9c1f-2c709683cdf7",TRUE,7,1,2
"e7454de9-0ef9-4661-b0aa-444955ab4853",TRUE,3,7,2
"2572098f-615d-428a-a4fb-401739c58959",TRUE,7,6,2
"deec8e84-88bb-4b28-80b5-fc2e914186bb",TRUE,5,3,2
"84f1204d-bbe5-49d5-ba54-be3db4a025b5",TRUE,4,2,2
"680c9cf7-168e-442e-b3f6-2f91a39663ec",TRUE,3,1,2
"c8a8b5cc-9afd-45b6-ae60-7b53a5dca3b2",TRUE,6,9,2
"ac9b2ede-b889-45a4-b993-4fa39f76e534",TRUE,4,7,2
"0a94a7e3-f7a5-4324-8b95-e06e51edfae0",TRUE,1,2,2
"6c76cffd-c85a-4022-9bc2-f7244e4746eb",TRUE,5,4,2
"7756f3da-b6ff-44a4-a6c4-0b8a7f4cd717",TRUE,8,8,2
"08734551-cf19-46da-9f19-a3d3f1e14424",TRUE,4,2,2
"16418d1b-ee46-46a3-b2a7-e0295d10a7de",TRUE,3,2,2
"9b7eccd5-51f9-43ce-95ab-106b94aae61d",TRUE,3,8,2
"e727d8b3-6c4b-4c9a-a99d-4bfc858c3f19",TRUE,3,3,2
"7d0ad5dc-5301-4b12-9d97-574d531b2e05",TRUE,3,1,2
"cf4b9c2c-a9ab-4c42-9fae-af83ca323b4d",TRUE,8,8,2
"2ac0a734-7085-42e3-9c8e-8f9236a71caf",TRUE,4,1,2
"7691a0ab-17d9-4dc2-8cd0-caf6e71bb446",TRUE,5,5,2
"066bb6ea-1acd-4e0c-a566-d1710099cd16",TRUE,3,3,2
"41cec48b-2455-481a-af02-f510d16c7a68",TRUE,7,6,2
"fd2d9047-5cd0-4274-a582-a4b7758c707f",TRUE,4,2,2
"5bd69056-fae5-4ae7-8b2d-a1856d757f82",TRUE,5,3,2
"4bf5f455-0ae4-4f86-82ad-61403738dd53",TRUE,8,3,2
"62e0862b-209e-4dd2-8527-42137720f93e",TRUE,1,1,2
"6220cf16-fc67-4205-8ce5-a16dcc899e82",TRUE,5,6,2
"4c3936d5-c26f-4cf2-bf0a-cf5f61bd1aa9",TRUE,8,8,2
"9c7a7f9b-f9d5-4856-a418-88395e2197a2",TRUE,5,6,2
"d4eab8f3-1f42-4525-82fd-914ab53ba338",TRUE,4,7,2
"feb1f879-e51b-4408-95fc-c770dc0ef39f",TRUE,5,3,2
"331b247c-25d7-4690-9fe9-ed1811634b05",TRUE,1,2,2
"47591a09-f9d4-4a28-a3b4-7da5c0d55049",TRUE,3,1,2
"105f20fa-0d96-4f6a-800f-ac303339b27f",TRUE,4,7,2
"5dcf5ad2-2688-4fad-92f0-f38e5cf91769",TRUE,5,3,2
"625f7882-f830-4a43-87ca-49e6b660f3c2",TRUE,8,8,2
"ffd94fe6-f280-47fd-897f-0e06719f857b",TRUE,5,9,2
"2617b573-6eb8-4747-8450-01769ce49958",TRUE,4,2,2
"1996305d-44c9-4cb6-b3e2-82a95abbcb2e",TRUE,3,1,2
"4ba5a5b8-6f94-46a1-a5a8-0a845cb5c132",TRUE,8,8,2
"3b213823-018c-4b97-a459-ec1e6514091e",TRUE,5,2,2
"aad9f1be-9d95-4771-b9c5-a45e126549af",TRUE,3,8,2
"53ad063e-e4db-44df-b367-4ae54c12c284",TRUE,3,5,2
"f60d6f34-18d9-4d90-95ef-445381517bd8",TRUE,4,6,2
"f8addcd6-7971-4271-8bf6-7ab241275b3b",TRUE,4,7,2
"3a1975fa-013d-4648-bc06-d85938ab739f",TRUE,6,9,2
"4a97a7d6-5704-4ed7-8823-54e7361ad49b",TRUE,5,4,2
"b14f37cb-0a90-4a7e-8b2d-ae4e8c3f4776",TRUE,3,1,2
"dcb18e14-6444-4c57-9fc6-d6ce1d3c49e3",TRUE,8,1,2
"115b0b95-a866-42e5-9633-a1d70f63a47d",TRUE,7,8,2
"74909d45-75b0-4c3a-8d23-c688510af4c5",TRUE,7,6,2
"67599cc2-18ca-4569-bcb0-dbfc60674678",TRUE,8,8,2
"8cb10355-3164-47e3-9d5d-b40bee118683",TRUE,3,1,2
"fa58fc55-cea6-45ec-943d-107292341401",TRUE,8,8,2
"b06beaa2-cd80-4282-810a-65fdd4b74b06",TRUE,4,3,2
"6e75da21-3c56-4225-bd34-d28e6a24e218",TRUE,1,2,2
"16e63d72-fcd7-44d2-aa52-85ff16e62081",TRUE,4,2,2
"c246c205-8ba7-4255-9c21-dfd166fa9cd8",TRUE,5,9,2
"b2b733f1-7da7-4a10-a36d-b34738818f3d",TRUE,5,2,2
"d07a850e-391c-4abb-b871-3dcd26ae58b6",TRUE,4,7,2
"5a11176c-81e0-49b7-8411-16bbbe548ccd",TRUE,4,2,2
"8b81cf8e-3491-46f1-a7f2-8bb35d7f1755",TRUE,1,2,2
"5d00c729-da13-452e-8502-6172cce8064d",TRUE,1,2,2
"e4762cf3-a330-453b-acbc-1013ca5e8117",TRUE,6,9,2
"a5a98810-a2b7-4c64-b317-86c48b893812",TRUE,5,5,2
"dea2b7d3-5e67-464f-b4db-c48674baf346",TRUE,7,2,2
"93b374cb-f0ba-43b4-9753-5712f5d5944f",TRUE,5,4,2
"53e8cfbc-97e5-4484-a4f1-07d24facf2bc",TRUE,1,7,2
"dfb09936-1fb9-4a13-94be-5ae21431c60f",TRUE,1,1,2
"54f6e4f9-b880-4db3-803a-2710b9d986e0",TRUE,1,2,2
"f2abc694-e79a-4cef-9307-1f7a5ed2495d",TRUE,7,8,2
"151b50ca-f240-4e74-aee5-e80ed54f9238",TRUE,5,4,2
"3fbb6a47-2c98-4ba7-8db8-84515a549379",TRUE,3,6,2
"c3bb1511-5e0a-4ae0-a26e-2a785839263f",TRUE,8,8,2
"567b7e51-873e-428e-afc2-7d6da89b6984",TRUE,5,5,2
"d5640032-3c31-40a1-9bf9-c8b03a7821df",TRUE,6,6,2
"dcc288c4-1bb4-4c37-8be7-10dfd4966409",TRUE,8,8,2
"dd979b3a-462e-494f-9c5e-b9e619d8dd68",TRUE,5,5,2
"ad46f956-98f1-4703-a1b7-93bc72cf0665",TRUE,5,4,2
"b75ce497-28bd-4e9a-aa13-afaa36aac73c",TRUE,3,2,2
"78afcd87-bb57-49fb-b8df-c26fade17fd2",TRUE,8,8,2
"fdfb4067-cb88-4444-80b6-cd36ca5fbaa4",TRUE,5,9,2
"8cb9b39f-b874-4862-8d45-27fd19792810",TRUE,1,2,2
"e874b4b5-0bbc-4e75-98f2-cd42036ade51",TRUE,7,2,2
"9e092c68-16cf-4591-8ae7-63602cf0bc17",TRUE,4,7,2
"8a64d056-1a5e-45e4-aec7-7fee1ff2dccf",TRUE,3,1,2
"4cc9e341-d687-4b14-883a-fdad6eee10b1",TRUE,1,2,2
"e5669a58-7212-4b3f-8d45-064cd0a49101",TRUE,3,1,2
"75e6ad42-5686-4916-ad55-ad5a07ad37b6",TRUE,8,8,2
"3d4887d6-e282-461f-a02d-2ee1b8380e7d",TRUE,3,1,2
"71af3a22-d5b6-4d44-a328-bb1097501437",TRUE,3,1,2
"64d7fdf6-2f70-46e1-8041-036ce05ae77e",TRUE,8,8,2
"b11a5539-b1ea-46af-9000-6685c2629583",TRUE,3,7,2
"50a4b5d9-5001-415c-9036-f4a15a4bf18f",TRUE,4,7,2
"834e7115-3274-44f9-ba0a-9bc956b7754a",TRUE,5,9,2
"6e3289bf-c417-4b61-bbca-f8b8af195ccb",TRUE,5,9,2
"74280eef-2e15-4584-918d-63b32c4842bf",TRUE,3,2,2
"4c885a0f-5b53-4cd6-b7f3-49c1d5d8f107",TRUE,7,6,2
"34c48c81-b4b8-4ccb-a4d8-653640287fcb",TRUE,3,8,2
"a870640c-6361-422e-8588-b43e29e8997a",TRUE,8,6,2
"d0c4cd30-3f3d-4199-9673-fa23236f4c2d",TRUE,8,8,2
"744b31c1-7e79-458f-a39b-946a8c581bd2",TRUE,1,2,2
"4e88f0de-e743-475e-b4d3-32e6545c752b",TRUE,3,1,2
"e7f6ce68-4890-48b7-89e6-0c4cd129555a",TRUE,5,5,2
"8743e066-f1bd-486e-99ad-39434659ea2d",TRUE,8,8,2
"1e52163e-08a5-43e4-acd5-1b998f3e9494",TRUE,5,4,2
"3b0bf1b6-698e-450e-8094-3c5947c03814",TRUE,6,3,2
"d1c86015-5875-4894-9455-eed206dca0a7",TRUE,4,2,2
"861917c6-b170-40ff-99a3-ae43753385fb",TRUE,3,1,2
"487d1c9b-d380-4ae3-8972-924e74f89053",TRUE,8,8,2
"83033bd3-945c-4255-99e5-e4d9fc1eef6e",TRUE,1,2,2
"58c33728-50c2-4be9-a388-773faafb84db",TRUE,5,3,2
"3b36d221-8a6b-4b70-8af5-9f9ec38b3853",TRUE,4,1,2
"8fc49159-bdb3-4a7b-96a5-b5f716b321ce",TRUE,8,8,2
"f255b90c-c53b-4a5a-acc4-c6a69d23410f",TRUE,5,9,2
"7f8a71cd-cf8a-44d3-8c68-34a432234d2c",TRUE,3,1,2
"3439825e-7912-48bc-a411-16e7b7668ebd",TRUE,4,7,2
"64fa61f5-9894-43e1-a9fd-b89a519b659f",TRUE,7,2,2
"ba44b858-0498-4199-b932-287d30271bc3",TRUE,1,2,2
"d6b03079-06ee-4cd8-a162-7e933f18ba86",TRUE,5,3,2
"c5bec772-1fe1-45e3-ada0-b948eed779cc",TRUE,4,2,2
"ad595bdd-ff7d-41de-a4d3-8ca1f6532d41",TRUE,5,3,2
"e077afa6-a417-48bd-b795-75bd58f95fe4",TRUE,5,4,2
"7d3d155c-74aa-4d88-a61d-327a9bd617f8",TRUE,1,2,2
"2e6df6bd-fed2-4cc7-8941-2129a7071bba",TRUE,4,2,2
"797ca286-aded-451a-8e86-53934aee263e",TRUE,5,9,2
"d955fe2e-af4f-4de6-863c-fb8749181fc7",TRUE,1,2,2
"aaf2bc60-4a44-4972-b31a-38b348956d12",TRUE,8,8,2
"1ae99bb6-9995-4ad5-a420-3e0cd4d45e3a",TRUE,3,1,2
"ec3527e7-56ee-494e-9585-f686455d02b2",TRUE,1,8,2
"d2cf0fae-c81a-48b0-939a-953985c020c3",TRUE,8,8,2
"e0cba7c1-fbdc-4dd3-86f4-96f486c1c786",TRUE,1,6,2
"2bf37fcf-e092-4756-a6aa-370b164afee5",TRUE,4,7,2
"1c459314-c205-4b32-a16a-114d7367f848",TRUE,7,6,2
"21e3dda8-1caa-46e2-8789-5ab4d698986b",TRUE,5,3,2
"59db8bf8-be74-46a5-8bee-5990ecab2f23",TRUE,4,3,2
"3961b0c8-9cf2-40f5-a46c-fdf3be9afd63",TRUE,6,9,2
"5d70aeee-abac-4e5c-a259-a6b7745524aa",TRUE,4,7,2
"10703cc6-28ba-476f-b0bd-d754d61bed59",TRUE,6,9,2
"25bfd3e9-3b3a-4a2e-bc30-f431e88570c3",TRUE,6,9,2
"799a121b-1fa6-4a19-8207-7a8dea43f0d7",TRUE,4,7,2
"c61164fb-7bf4-4838-8920-20ad42911ece",TRUE,4,7,2
"4fc86a0d-d3f5-49aa-8329-7072fdada0cf",TRUE,3,6,2
"df1ade2c-6d95-42cb-a850-35fe385deeb8",TRUE,7,6,2
"495a90b1-2a69-4b45-8dd3-2ecb5c6c7e49",TRUE,4,2,2
"fe12fa82-05cc-40ff-b16e-7eadfd221277",TRUE,4,7,2
"e050a96f-ba4b-425b-97c9-281425c5c143",TRUE,1,7,2
"3f04ff80-cf33-419f-bca9-4af17e66870e",TRUE,7,6,2
"1ddf6a82-44fa-4f58-8681-435ebfbbd830",TRUE,1,2,2
"b6c7defa-a657-4689-857c-622a34a29c97",TRUE,4,2,2
"5c64159f-eca8-4f43-a55e-44ba572fab9c",TRUE,1,2,2
"f2820ab8-a9be-41d3-a295-1d569180896e",TRUE,5,4,2
"c6219b33-afd7-4370-bfae-1fca13572d42",TRUE,3,1,2
"15d92fa0-a97b-476e-b8a2-7a750176a17a",TRUE,4,7,2
"38b60fb1-f1c9-4b3a-92ed-d7c4ca08b22f",TRUE,8,8,2
"53d85009-ee81-4478-b40a-5c38dc986aff",TRUE,3,1,2
"3b556764-c0e9-4cf3-84a4-549a76ef52a7",TRUE,1,2,2
"cb494e53-9399-4304-8ab1-40dfc59d4239",TRUE,3,1,2
"8c2f5dcb-a884-40d2-a364-addf963fcd5e",TRUE,8,8,2
"b411f53c-a676-4c0b-afb2-e0f8db87578e",TRUE,8,8,2
"a117cd5f-dac1-4285-93a8-7b94525b89ca",TRUE,8,8,2
"434a13d1-f3d3-4099-8216-a8ff99e8b71c",TRUE,4,7,2
"dff71e00-fb12-43b9-b9ff-1dd4e0a65332",TRUE,3,3,2
"a93d9c89-24d9-4937-b4da-6797b267bd9e",TRUE,5,9,2
"4cbd76d7-69f7-4120-9157-63198d9ac799",TRUE,5,4,2
"2d785850-1312-4a86-8d31-80a698af7887",TRUE,5,9,2
"3116d25f-0638-46a8-b659-1dd6fec97bb2",TRUE,3,1,2
"e9b6a86f-c2c7-4c17-afed-3d231738fceb",TRUE,8,8,2
"435fd11c-4254-4174-a0f9-e434d709222e",TRUE,6,6,2
"6a99687c-42ea-45d6-8681-8865ebfe2eae",TRUE,4,8,2
"259a05d6-7325-4422-a590-20509c00221c",TRUE,4,7,2
"e1eb51b9-614c-43fe-afdc-c2985d7bcf74",TRUE,3,3,2
"88862a27-ab68-4c7f-8c45-38576e4ba207",TRUE,1,2,2
"e0823474-b61d-4272-914d-a84dbc7fac64",TRUE,8,8,2
"3d3c0b15-a156-4e73-81a0-377c1b5b0e06",TRUE,8,8,2
"2cfefb52-ec29-465a-b054-58121c28d78d",TRUE,1,2,2
"9c6dae34-950e-40bb-b492-c5e46e17b2ff",TRUE,4,7,2
"c3e8718e-aa70-4a56-b16e-f976d152862f",TRUE,4,7,2
"da6111e9-dafc-434a-901f-1eaefcd2f316",TRUE,8,8,2
"922e5746-de33-4f24-b184-bab616e59df8",TRUE,4,5,2
"7a1cf42d-f6b3-44f5-8411-dec45a15524b",TRUE,6,9,2
"8f6bdf90-c2f7-4849-86fc-5eb0cdb01b2f",TRUE,4,7,2
"e8924e74-4fcc-4c05-afe2-31135793d2f3",TRUE,5,3,2
"3351b168-65de-4548-8c95-8b713bc75532",TRUE,8,8,2
"c026e5d0-de22-4452-834b-fdb7548f77df",TRUE,4,7,2
"63cb4a41-49ff-454d-a69c-6496df1c247e",TRUE,1,7,2
"6721214a-0dff-4224-92e4-43b724536c5b",TRUE,8,8,2
"1b76d9a3-5233-4217-b858-cd41a56f847d",TRUE,3,1,2
"9fe8bd0f-0833-4380-9744-16dac72cf4fc",TRUE,1,2,2
"51873991-1975-4946-982d-c467aca42b51",TRUE,3,1,2
"6e9d871a-542b-4580-ade2-14daf0f4bf9c",TRUE,8,8,2
"c474e1a3-8ec2-4538-b1ef-7ae93d47d044",TRUE,4,3,2
"6fc7593f-ad2c-41e3-9206-f42d023c80d2",TRUE,3,1,2
"34203f1d-2e41-4ad3-819c-f1ff9bf84098",TRUE,1,7,2
"b3df7430-aef5-4bf3-92af-c3c225cff1f7",TRUE,5,1,2
"47e8aad4-db37-4b55-984c-057d31f20d18",TRUE,6,9,2
"2980edcf-dcaf-4ac1-84d3-cd69decdb833",TRUE,4,1,2
"8d549b90-bffe-437f-aacd-659aa4e4618f",TRUE,5,9,2
"b0daddda-6066-4a9b-8a17-2b6d24dd539e",TRUE,8,8,2
"0c6da936-9093-4fd5-b7e3-b60106a741de",TRUE,4,7,2
"af258b98-feaf-46cd-8be6-b65d383e2083",TRUE,6,6,2
"e7294307-5cb7-4fcd-80c2-3637f68645a1",TRUE,3,8,2
"9c6ebd87-14b0-43c2-8314-a0f93d1cc7fa",TRUE,4,7,2
"677a84ba-0928-4572-8b01-016b10fce655",TRUE,8,8,2
"8488137d-0eb4-40e3-9b74-49b1ced312d2",TRUE,3,1,2
"1b9a5302-1e8a-4cfe-ae07-09b88332f7cf",TRUE,3,1,2
"bd8af138-fc5b-4d0d-9d40-477bf4ad8ed8",TRUE,1,2,2
"d4b47923-9998-4669-8204-cfebaddef475",TRUE,8,8,2
"8bddf313-ccf1-48dc-a777-db26279303c2",TRUE,1,2,2
"bc8fe7a5-badf-492c-b437-2e101305b6bd",TRUE,5,5,2
"3ddd49c5-2d16-4ef0-a5bf-c074b184a555",TRUE,2,10,2
"e7976849-046d-4f0a-b468-17f447f593b6",TRUE,6,9,2
"9ce59444-e746-416d-9fc7-b981b4728768",TRUE,5,9,2
"ce3f5ce3-1758-4ad8-a848-5f009cec4113",TRUE,1,2,2
"f1fe6a4f-d91d-4c26-959f-58e0e845e9da",TRUE,5,5,2
"6e9dafab-6142-479f-8b27-45dbed37c3fa",TRUE,4,2,2
"7d777afd-d2d7-4db3-bf1e-cc8a0ce01bdf",TRUE,4,2,2
"f0083b8f-11e9-425a-8a31-f6029795678b",TRUE,8,8,2
"b2bdf3a3-bb90-41a0-95d9-893994e6a2be",TRUE,8,8,2
"b696670e-0fa3-4b0c-ad67-9885ef83075a",TRUE,5,6,2
"673552b6-dd59-4195-bc40-7469bbdd03e4",TRUE,4,7,2
"3b710f3f-8061-47d5-8e1d-873e59d5debe",TRUE,1,2,2
"11e941d7-6f09-4228-b800-4525e05d3ad9",TRUE,3,4,2
"d093e38e-b7c4-4894-871e-b8ddb44d892e",TRUE,3,7,2
"ca85c7c7-66aa-43e0-b3cf-c53e01ffe18a",TRUE,1,2,2
"7b35cc9a-1b9c-4784-8f62-53cc00fbd796",TRUE,3,5,2
"8f578c6a-cfd1-41b0-ac4b-3e4bcb766ab9",TRUE,5,4,2
"2a925a84-d87f-42f7-8f6b-4e5c517fdcb2",TRUE,4,2,2
"39cb0ae9-e25f-4f15-8229-6081180909e8",TRUE,1,2,2
"9b7429dc-d2da-4127-8fe5-301472c5dc37",TRUE,4,2,2
"0cb77ece-28a3-4608-b3d7-72c6f48c5ccc",TRUE,3,2,2
"867bb5a9-fb0f-4ea1-bffa-6676ffebbafe",TRUE,5,9,2
"fceb347a-4a68-4b73-b4d3-9954b5eb7be3",TRUE,5,9,2
"296f9c93-7933-4eaa-b1b9-b1ad413e3726",TRUE,6,9,2
"4e7d2823-6c9f-4376-a81a-f338aa61de0f",TRUE,4,2,2
"855950b0-b263-404c-8919-187479b10402",TRUE,5,4,2
"4b50694a-38be-43b8-812c-6b2048870195",FALSE,NA,NA,NA
"fa997d41-b08e-4f73-8435-0cf383d55520",TRUE,5,3,2
"bce5de5e-6391-4c27-bf66-d95f0a6397a6",TRUE,1,7,2
"e3417c64-6f36-4d89-b678-f03aee3fc24a",TRUE,5,9,2
"365ded03-632f-4717-b8e6-5fc105c79d51",TRUE,1,2,2
"7b7b1a24-2108-4436-b9e2-ffbefc0983af",TRUE,3,2,2
"f4e37c75-86bb-4ebe-9785-4651af70678b",TRUE,7,6,2
"9c557933-7e2f-4088-bc5b-3a6912e017a7",TRUE,4,7,2
"d82830df-feec-4350-8247-7dc85ee32f08",TRUE,3,1,2
"3fcb5fc8-7728-4403-907f-ccd5bccefc54",TRUE,5,5,2
"e7f89a1b-3439-40a6-a7ad-8d0486bdf19e",TRUE,5,2,2
"3a15b66e-392e-48ee-943f-21d814f11099",TRUE,1,2,2
"89e5a287-c3b7-4c96-88c2-0a12e13aabfd",TRUE,5,4,2
"cd3cf7f6-ae51-441b-87d0-5e196178083f",TRUE,1,2,2
"c01521ba-3e74-49e8-a6a5-07186e5ed5e4",TRUE,1,2,2
"32ec9b7a-879a-4b61-8b03-c7417dbf7bc0",TRUE,4,7,2
"8db1800f-0b88-493d-a03e-aa93f0023a88",TRUE,3,8,2
"32a225ab-f2bd-4e14-a27f-ac86eaa39340",TRUE,3,1,2
"e0291dcf-2be8-4a3b-ba67-0b4635673fe7",TRUE,5,9,2
"44253b07-6190-42f3-823b-938fe2ec0078",TRUE,3,3,2
"945e9187-0e16-4f1d-bae6-4aa8a2886c18",TRUE,5,9,2
"19917538-8423-464d-9392-d654c9cd7586",TRUE,4,4,2
"2c61e90b-4e0b-4317-beee-2658fd7da246",TRUE,1,2,2
"dbf12b77-e78a-4243-b020-8ccb5758e27e",TRUE,1,2,2
"95310890-9f4f-450f-8604-db9719d67e9b",TRUE,5,9,2
"79c47833-3630-4e04-9fae-c4c766f2c934",TRUE,1,2,2
"79c47833-3630-4e04-9fae-c4c766f2c934",TRUE,1,2,2
"4a93c4ff-d059-4d93-b3c6-ef4496855569",TRUE,1,2,2
"12d77a36-8f51-43aa-822e-6b46c186e4d4",TRUE,1,2,2
"b52bb033-027c-4617-8dfe-84d7653a9978",TRUE,5,4,2
"a31c0658-4d87-40e2-a740-c608d5e13743",TRUE,4,8,2
"fed9ad48-c66a-4cf1-90db-7630c87927c3",TRUE,1,2,2
"783a96eb-75f5-4335-b66e-36ea45593a57",TRUE,3,1,2
"8bd307bc-7aa4-4478-a642-c297d0af48b0",TRUE,5,1,2
"6461fc6d-f7c7-41c8-8705-61eb7e66fdda",TRUE,3,1,2
"8eb10d3f-10ff-4507-9bee-98028a34c2b3",TRUE,5,3,2
"de331e14-6470-4644-961d-6d8cb2a4843c",TRUE,8,8,2
"5d12157c-085f-43c3-88cd-3e1cf36dfaaf",TRUE,6,9,2
"75ce09a8-c8cc-4da7-8ab1-e6f56aac1d33",TRUE,2,3,2
"9e556ecd-7ad2-45bc-8e55-f781515fc99d",TRUE,8,8,2
"e8448adc-fbd8-4a02-bc2f-01fdd6cf52e4",TRUE,4,5,2
"eb410f25-99ee-4160-9e82-9228faa915a1",TRUE,4,7,2
"3df4f69e-d31f-48a4-9090-fe434927db38",TRUE,4,2,2
"fe37bf95-779b-4da4-ad5a-cc72b076b6e0",TRUE,1,2,2
"8fa9bf7c-862a-4871-b1ce-d5ca59d07cd6",TRUE,7,6,2
"53c4c1fb-d9aa-4df0-8fe5-98ede71a838d",TRUE,1,2,2
"1d36f9f9-8a84-4f1b-b12d-14bdedacb388",TRUE,5,1,2
"12b9493f-9fef-4dc9-8d28-7d472e010df8",TRUE,6,9,2
"6a5dd36c-b75c-4fd4-8d54-12ba82b5ff9b",TRUE,4,1,2
"cd8c8a98-5fcf-4f1c-90b7-fd9f9b6dd214",TRUE,5,5,2
"335518f9-d2e7-44d2-ad5a-8829d356afe7",TRUE,1,2,2
"23c79031-b848-45d4-98bd-6ba6f4dded20",TRUE,3,1,2
"0050beeb-149b-4988-836c-7cbe0b542592",TRUE,1,2,2
"1f295770-47c4-45c4-b0f9-7e2d2ed675db",TRUE,3,1,2
"ac65d9df-511b-4418-b2d4-79ef2bf881b7",TRUE,3,3,2
"d841d4e2-1b5f-49e4-9b95-aa9c962e0531",TRUE,4,5,2
"80c95bfb-9760-446e-9ea4-860f3433c1fe",TRUE,3,3,2
"0fef52de-0681-452b-932f-004a767b5b26",TRUE,3,1,2
"6683e17f-7aa0-48c6-8dc1-13d2c9b37aa7",TRUE,1,6,2
"85e38a47-95e5-467c-8737-e7ae965d7da7",TRUE,4,5,2
"2750cdd6-17d3-4a13-9ad8-e5b23df1505a",TRUE,4,4,2
"7468c805-7782-4dc5-999a-f6b47ec8febd",TRUE,8,8,2
"7351b741-c9dc-44d3-9ca9-4f03b8fa846a",TRUE,4,1,2
"d6c6144c-fbf0-4256-ad12-986fe6a31a1e",TRUE,3,1,2
"315e0a92-cb2a-4f36-9879-2d835b1e8ec0",TRUE,5,9,2
"f0bee927-ded4-4f5a-b0d2-53900b4df7fe",TRUE,3,9,2
"6febcaff-baf4-474d-a6f3-dfe72d05f9b7",TRUE,5,3,2
"734c4600-711f-4204-a60c-d87cfb3be49e",TRUE,5,9,2
"78be5cfc-adfa-49e2-9fa5-ba18b2878be6",TRUE,3,1,2
"acc693c6-6451-4243-a386-69a28403ebd3",TRUE,8,8,2
"186b45fb-2f1b-4c10-82ee-5469610a0dd4",TRUE,8,8,2
"d7723d41-f7f1-44bf-bdc6-0c38f98ab439",TRUE,5,3,2
"e5091aed-628a-46df-ae7c-a19c1440258f",TRUE,4,7,2
"d2fd247d-9ffd-46f1-9ea7-07d0fb6627e1",TRUE,3,1,2
"10d0682f-6532-48e4-b1fc-fa9d786e8e65",TRUE,7,6,2
"b0f98958-95bc-4be4-b379-33e1576428f5",TRUE,1,2,2
"7f0cda20-1fee-4b24-923d-1da9d4562862",TRUE,3,9,2
"3dbdc5e1-5283-48fa-823f-1f734f8a5a8c",TRUE,8,8,2
"6c75289a-2012-49bb-b073-01d1dd2852bf",TRUE,1,2,2
"71760ac7-88ce-4496-8056-1436a380eb8c",TRUE,4,2,2
"7ae72faa-4e79-4169-a082-705270ce13de",TRUE,1,2,2
"1c1c10f8-621e-4aa1-a3c9-0984a1f31d52",TRUE,1,2,2
"c34b76e9-8336-402f-a9da-2395fd3b38b7",TRUE,3,1,2
"be4829c1-0a77-462d-8d8e-9a8e0f6c565f",TRUE,8,8,2
"ff9f1089-47d6-404c-baed-09b9af1d357d",TRUE,4,7,2
"849b08f6-d89b-44ab-bb98-b8b85489e35c",TRUE,3,1,2
"0b6b454b-8eef-4c07-9fc3-76a4b55249f3",TRUE,4,3,2
"07e356de-4c0d-4860-ac57-7104b609e92e",TRUE,4,2,2
"b0eb0db7-a846-4a24-a017-8c2367e33e72",TRUE,8,8,2
"e62d4600-9513-44b3-8eaa-fbaffaa8f9e0",TRUE,3,1,2
"dd437714-8ca0-4076-9fb9-3843f56fd54a",TRUE,8,8,2
"e203d348-db3e-44d7-80bf-cfc494df2aad",TRUE,4,9,2
"94d9cb18-ad60-4198-abc3-a3fea2d1df86",TRUE,4,7,2
"f89c0487-67ee-4409-b610-813ae6edae94",TRUE,3,8,2
"3f8cdd60-76b8-4a64-8bc9-94b6d21a9bd1",TRUE,4,2,2
"3f5b5a7a-eb7e-433e-8927-d529d2a10977",TRUE,5,4,2
"d53a61ea-349c-4443-920a-4df5d7749389",TRUE,3,1,2
"536c9db8-1634-4c30-9318-e37f20b962d2",TRUE,5,3,2
"d0d9ac8f-b975-4b9f-a852-027933f53ae4",TRUE,3,1,2
"83a27399-028e-482d-a97d-7b64eb0f0c89",TRUE,1,2,2
"d2bd75ad-2d2a-4cb5-9657-3e4fe5bed0b8",TRUE,3,7,2
"a4a79f3d-10e6-4e1f-9d75-fce62d9825d6",TRUE,1,2,2
"38e25195-4d06-4bfc-a40d-b819fdc4118d",TRUE,3,3,2
"10e039cf-a764-42de-840e-97da198d0337",TRUE,8,8,2
"f38f526e-9bc7-4397-8452-82cdaeb5a9e2",TRUE,3,7,2
"acd50b7d-0efe-4de5-914b-2a90854285fe",TRUE,4,7,2
"7d34a2c4-28f6-4854-b494-05943f28a9e8",TRUE,3,2,2
"9f966cda-29e3-4b11-8cab-c35037c1c19a",TRUE,5,7,2
"26999cd4-4a7a-4c29-bbdb-b1e899abc9b6",TRUE,4,7,2
"1d487eae-a86d-46a0-8fdd-5d1f2799bfd1",TRUE,1,2,2
"4432f799-d0c6-4781-9440-376c8763d384",TRUE,1,8,2
"cabf6193-32f5-42d9-8f98-3857563442b0",FALSE,NA,NA,NA
"c2f14ba2-87ad-4ed7-b49f-34d4a39e73a7",TRUE,5,4,2
"d50affdd-5422-4a23-9a85-7db724245cbd",TRUE,5,3,2
"78cf2fda-145d-4910-b478-f732cf9381e7",TRUE,3,6,2
"641b027b-471c-410a-911b-0bd67d6a32c4",TRUE,5,9,2
"866f57f3-8b2f-40ee-92f3-da3db2c9aa22",TRUE,7,6,2
"e05a6743-8a14-4268-b7aa-4ef19e36bbdc",TRUE,3,1,2
"636c7abd-4ff3-4eae-91c4-be15f0134638",TRUE,1,2,2
"90bc6361-eeb6-4bfd-8eba-d69f95254baf",TRUE,5,9,2
"883fe60f-7b90-47c1-a12c-65a727aaf406",TRUE,1,7,2
"8be60586-7114-4dba-8789-cfe28e733f60",TRUE,8,2,2
"a88fa246-1e21-4e8c-8f62-9e1d8d1f0f31",TRUE,5,4,2
"9c700f43-bddf-43c0-9ae6-84ba4b6ec6b3",TRUE,8,8,2
"27acdd36-5835-4c84-9a48-1c46b8e9dbdd",TRUE,5,9,2
"dcf3ca3f-e450-4ca8-a82a-255b7709d9d5",TRUE,1,7,2
"24bcd0bd-0817-4ff8-b8ad-245a71df4cc6",TRUE,5,5,2
"5879351f-5759-4526-8763-2c9fc370197a",TRUE,1,7,2
"5ac07881-69a7-4a46-bcd6-745db7b8df28",TRUE,5,9,2
"335a9e02-967a-4720-9c73-ac2c1d31f976",TRUE,8,2,2
"eee96a2b-b535-4e09-823a-2bda14b4a57e",TRUE,5,3,2
"6314a66d-f7d1-4392-aa03-b0b9962904f6",TRUE,8,8,2
"9f392ebf-4a10-4048-91f6-05f376e9c266",TRUE,6,9,2
"c3cd1f64-af3e-473b-9ec1-d070fcc4850c",TRUE,4,7,2
"1763715f-df8b-4d61-b7be-41a429a9666e",TRUE,4,7,2
"2c1233dc-652b-4c04-b462-07cdfc4f6ca9",TRUE,7,6,2
"1b4a7901-4082-4cd1-977a-39d84b416d07",TRUE,1,2,2
"f570d712-0118-4c8f-b4f0-881d7a1a042a",TRUE,4,1,2
"a26b11de-3133-40b7-b151-93dd8ab7d84a",TRUE,5,9,2
"9e28b1f0-17a0-482f-a10e-aad58329f84b",TRUE,5,3,2
"0a229c8a-f608-4d0b-b889-d6d700d278d1",TRUE,5,9,2
"87ae2b55-901a-4dc3-8776-e486afce2e02",TRUE,3,3,2
"5c97452c-c07a-4593-b259-6e0c33c84fb9",TRUE,4,2,2
"a4065061-7608-41f5-b8c7-b6ab19143230",TRUE,3,5,2
"2c9690d7-622d-49b1-a8bf-cff7422f261f",TRUE,5,4,2
"18b7135b-e96d-483a-8e4c-4401ceb76b10",TRUE,1,2,2
"a5219a57-426f-46f4-bcbd-4b9830f2e549",TRUE,8,8,2
"063cce39-e152-48f0-ae92-a4b783b386bf",TRUE,2,5,2
"00bb24c4-a956-482d-af18-387caf33b776",TRUE,7,6,2
"85b63b79-640f-4850-a738-8a3f0b013906",TRUE,2,10,2
"17f5d6eb-b709-4e74-98ca-08b992335687",TRUE,2,10,2
"4c3ead4b-a583-4c93-91fb-54fcd921873e",TRUE,2,2,2
"a906e025-9ebd-435e-841a-ba4ebbeaa94b",TRUE,2,10,2
"99c340e5-854f-47bf-be2e-ef63916b90a6",TRUE,2,10,2
"bb5db113-7c1d-4448-a042-51c40d9c81ab",TRUE,8,8,2
"fd7dee93-ba96-4417-bd4b-499ac2385bd2",TRUE,2,10,2
"757bdabf-85fa-41e1-98ff-4a9ab52e4dd9",TRUE,7,10,2
"6e081518-5eac-4a53-b513-bd0097ce1853",TRUE,2,10,2
"bd84cb9a-fd7e-48c9-aefd-751b980f31fc",TRUE,2,10,2
"f84142bf-4dff-489c-8e0f-8c54c3fb73fd",FALSE,NA,NA,NA
"e93d93b0-df14-4bb4-babb-793d27655c6f",TRUE,2,2,2
"1c618eed-3e55-46bd-86dc-80af2d4471cc",TRUE,4,3,2
"e0dff4f0-f4c2-468d-be56-addc913834e7",TRUE,2,10,2
"305fa8f7-f82a-4483-a2d5-fe6a6a986414",TRUE,2,10,2
"41b8f5ee-bb92-4a0e-891b-d28b7f20ed1c",TRUE,2,10,2
"953811c9-59a4-46bb-8986-23289a604069",TRUE,2,10,2
"073bd732-b476-4aaf-9156-3b47236aaefa",TRUE,2,10,2
"df0bc879-9dad-4f10-9d6a-c25d7f9064b2",TRUE,2,10,2
"b069a190-31d4-40c8-b829-84f2833f617e",TRUE,2,10,2
"0c9c7396-4d8a-4b63-8d0d-e1c8b65b33ba",TRUE,2,8,2
"ff68ecc5-0291-44e1-82a0-7e95542ae95c",TRUE,2,10,2
"b015e43c-cff5-463d-918d-8608d9030d0a",TRUE,7,10,2
"8ec87a1d-613d-4fd3-aa9f-2dd8d4e670da",TRUE,2,2,2
"bd2e0813-d84c-48a0-a10f-803acba54b0e",TRUE,2,10,2
"f88e22b8-2550-456f-8133-ea590537513f",TRUE,2,10,2
"332a03a5-11e5-4045-86de-db407ddcb71c",TRUE,3,10,2
"f7392a98-c37e-42a5-9f3a-3a74eddc7e1e",TRUE,2,10,2
"fccf4074-f010-47ad-bbfb-dd3e6f40177c",TRUE,2,10,2
"79fab0f6-6a63-4a9e-9c0d-f6272d3e15d0",TRUE,2,10,2
"c5964552-728a-4307-a9e5-e3095da79e23",TRUE,2,10,2
"dd1d24dc-7b67-4635-b38f-dd633cbc8855",TRUE,2,10,2
"70b424e5-dcb2-4b86-a6b9-f5fd7a94a2bf",TRUE,1,1,2
"e44dd7fb-23c0-47e9-82c7-36a37c639e42",TRUE,2,10,2
"4c490872-d9de-452f-a164-f117d8966381",TRUE,2,10,2
"9e22fdc6-0335-4a94-9be7-4d1d5c80c9b7",TRUE,2,10,2
"14871a1f-c3be-4ddf-8155-bf7cd2084e11",TRUE,2,10,2
"75261ff8-ea5b-47c5-a6dd-5607de83feba",TRUE,2,10,2
"097826c4-d1ae-473f-b15d-6204be84c1b0",TRUE,2,10,2
"058e83b7-ba3f-4872-b67e-aae8bbd9f2b4",TRUE,1,7,2
"d9d12714-ae96-4528-a988-0a3db53f0e38",TRUE,2,10,2
"6a717545-9641-498c-816c-1e3d0601d03c",TRUE,2,10,2
"012791cf-2b67-44cb-b3a6-b5a107360256",TRUE,2,10,2
"4b888114-6af8-461c-b6a6-a78863c7ecb4",TRUE,2,8,2
"b4065a42-49d1-43ff-b330-6dda610b9acc",TRUE,2,10,2
"e03d413d-f12d-47b6-84d9-e5fb2e5a7c9d",TRUE,2,10,2
"61f3e878-acb4-4d72-80e4-b47eef36fe36",TRUE,2,10,2
"e5309310-ea49-48ed-8816-289bb238d458",TRUE,1,8,2
"85467d52-1f8c-435b-ac38-6b50adbba1c6",TRUE,2,10,2
"c701675e-b836-4aeb-8c3c-aca109fdad8b",TRUE,8,10,2
"8b1439c3-5a5b-4135-a9af-3a5b4faea3b1",TRUE,3,2,2
"46e154e6-d330-43a9-9cab-6c55cf6bc2ae",TRUE,2,10,2
"cffafddd-e4f1-4547-bcef-eaecaa40f853",TRUE,7,6,2
"332ee1df-ad53-4eb0-a745-dfc239f0290b",TRUE,6,10,2
"3acb6154-7863-4597-9f99-9b7f5a64113c",TRUE,1,2,2
"68e672a3-6e68-46c5-8e76-39ef5ed231ce",TRUE,2,10,2
"e600e9f7-6087-4f94-a3a0-b60b83b04af4",TRUE,6,10,2
"0e21b7e4-5d89-4355-8b50-0c68933b69a4",TRUE,4,7,2
"eb1c5da3-bf93-45e8-bb4f-941fb32314fd",TRUE,2,10,2
"8dd13c68-10ea-4604-972f-1441c0bd4c7e",TRUE,2,10,2
"0843e101-30d3-4391-b8f1-bd5720751e7e",TRUE,2,10,2
"0ffa11e3-71e3-4d69-af57-f73e74ac7336",TRUE,2,10,2
"4cbebef0-7bae-4802-8eae-feb3f04b029a",TRUE,2,10,2
"fad2b4ca-4808-4c55-8364-23458e4a76da",TRUE,2,10,2
"b2e20786-4277-4550-978a-8733df9b7dfc",TRUE,2,10,2
"677b6095-54d6-4e37-841a-f3ec9232e225",TRUE,2,10,2
"45199b29-9cd7-4a99-a1e3-89b918dd28e4",TRUE,3,6,2
"4ddb7d0f-6e43-4a99-87ba-b1ba7555c37a",TRUE,2,10,2
"103fb619-43cc-4adf-baff-05651bab43b0",TRUE,2,10,2
"fa2c43a3-801e-4e86-8d54-233a0d5868b6",TRUE,2,2,2
"92d2276c-f903-4d63-99b2-6ada92ac9288",TRUE,2,10,2
"225e1abe-d16a-4d74-9ab5-833a83f648f4",TRUE,2,10,2
"e8c0f975-fa60-4a03-86c1-2ee5a837535c",TRUE,2,10,2
"d5884c5c-9f25-45b3-8dd0-7003a7242a49",TRUE,7,6,2
"4fd9c0c6-72a1-4462-8b70-72ddbbf58ef2",TRUE,2,10,2
"54b858e7-99a7-4569-98ad-053400b83897",TRUE,7,6,2
"afbc5a03-f277-4712-9574-00cc9578e1b9",TRUE,2,10,2
"079f277e-986c-4379-807e-6b856331f141",TRUE,2,10,2
"41b24a0c-280d-4a5d-8435-63c8e38d2e38",TRUE,2,10,2
"4ecac56a-4a0c-4347-b6fc-667cf164f16a",TRUE,4,10,2
"eee917d3-3832-4275-8c40-9447dcd35964",TRUE,2,10,2
"1e61e1f4-e471-425b-826e-534c459370d8",TRUE,7,8,2
"0d912493-a9fc-47b8-81af-59de3b117c13",TRUE,2,10,2
"1ed0f95c-348b-41f8-b9a7-0623e2ed221c",TRUE,2,10,2
"9d1b0a2a-c3c2-4cb8-b2e9-fa513ed7f375",TRUE,2,10,2
"7e177d18-9453-4e4d-aaf4-465e5d5901b7",TRUE,2,10,2
"3740bdd6-2603-42fe-840d-686c4a09237d",TRUE,8,8,2
"a8310a39-f213-48ea-9260-c02b71217b28",TRUE,6,10,2
"80949192-e47c-4499-9ba8-b4cb8f615a22",TRUE,6,10,2
"4b3bf7f9-ec70-4440-b0e5-2f24d5040a20",TRUE,4,2,2
"51a825df-1b7a-455d-81de-fbba3823f12d",TRUE,4,3,2
"2fc187b5-7636-4374-a695-0a15c93551a3",TRUE,1,1,2
"e86d8897-b75c-43a9-83e9-d141753c4d33",TRUE,5,1,2
"33691f66-08b5-4997-a30d-fee3e929ef1e",TRUE,4,7,2
"c95e3da5-43d4-443a-b7df-0ae8a76959df",TRUE,8,8,2
"1125804f-958a-48f8-828a-c5d93ee435f5",TRUE,8,8,2
"555e1516-e6f2-4e5c-a096-641e68e7d70f",TRUE,8,8,2
"3e8b4416-fbc5-4787-9f60-cc3b0f400fa2",TRUE,1,2,2
"57ead089-50dd-44fd-ba75-8f3ad00a57d9",TRUE,6,9,2
"3db912f6-9282-48ee-9781-7899033e2ca9",TRUE,8,2,2
"69a19d0e-21b6-4327-8436-944ada809930",TRUE,4,7,2
"735039c9-def5-431c-b4f8-a919291467c3",TRUE,3,1,2
"26ffa033-e7c8-498c-9057-5bee6232497e",TRUE,5,9,2
"5fcec10a-3719-4aa8-b026-721d9330a7ef",TRUE,3,4,2
"31a30ada-6b63-4373-9c88-8f1d1c696cd0",TRUE,8,8,2
"a7cfa84b-1743-4826-8dbd-25d09075eecd",TRUE,8,2,2
"dc378021-bbbd-4012-8b53-3c0d4d48450f",TRUE,5,4,2
"97bd0b96-640a-4e12-9a4f-bf61d71f6e4f",TRUE,5,9,2
"9e260554-6e54-4d1b-b568-aa64f94e6ee0",TRUE,1,2,2
"fe84f7ff-f82c-4709-a529-399aaeb23534",TRUE,5,9,2
"b1749232-0c4d-4291-8f5f-e4b8da466bf1",TRUE,5,4,2
"5ddf8e84-206d-4e50-8dd2-486e452023a2",TRUE,1,2,2
"3ad2ef1d-9bf0-4ff4-93fc-d3d908700a1b",TRUE,3,2,2
"a6b9c01c-9846-45da-b209-bbc7c1ad723f",TRUE,1,6,2
"4418c9a3-f9c5-46f1-9f46-7e022ba83d6a",TRUE,4,2,2
"a45cb3d5-c79d-4f62-bd13-54220f8ec98b",TRUE,1,2,2
"6a51329f-a078-4cc3-84b6-5a66a07caa12",TRUE,5,9,2
"b4446f8c-4e41-4459-913a-a65506e796f4",TRUE,1,2,2
"5d97cb4c-cc56-41a1-824a-a454057ee0f7",TRUE,8,8,2
"58b3eba3-b8b3-4bd9-b927-3a60c6656c78",TRUE,5,4,2
"ee4d81eb-b4d8-4dea-ac08-338a93ee5ed3",TRUE,4,7,2
"f424c0c1-b6e5-4b74-9f6c-63f67b3309de",TRUE,1,6,2
"36c89c75-7b04-4a28-afcc-2c1033b8d1ad",TRUE,1,2,2
"c777badf-58e2-43ff-84c6-8985b7b47fbc",TRUE,7,8,2
"ce2e1e2e-84c1-4843-8b8f-47b2e72b3fa0",TRUE,3,1,2
"894bab6c-28cb-4198-b394-d15b08abe30b",TRUE,5,5,2
"0ff2d500-352c-482c-92a6-ad9b81ae410e",TRUE,3,8,2
"927f4661-5858-4fe8-b7b7-e9ac69daba69",TRUE,6,9,2
"2b421bf6-390e-4e28-8dde-00acdb0e6b93",TRUE,6,9,2
"5c99652b-469b-47f5-a3a4-e6d07c870533",TRUE,4,7,2
"ac144dd0-ba26-4bc8-a857-234c69288198",TRUE,6,9,2
"dd8fdab8-20f3-413f-9f4e-b7dce5dd2166",TRUE,3,6,2
"50252d20-a2da-4ca0-b974-ccc6ccdafad5",TRUE,3,1,2
"2fe8fbec-0599-4aec-a1ed-d49f23308969",TRUE,6,6,2
"42d54252-8763-4ee2-9c94-16356456af35",TRUE,3,1,2
"095d256d-f0b8-4d91-8920-9a6d28fbb66b",TRUE,8,8,2
"0aa28545-b338-419a-aa96-15eec9dfab67",TRUE,3,2,2
"990f90dd-fe72-4806-bbfe-d1e12fad5bd3",TRUE,1,2,2
"516c77bd-ed24-48f7-9f27-6d62e2dd1112",TRUE,3,8,2
"22b690bd-87ed-4cef-9361-f69b37cb6fdd",TRUE,4,2,2
"11e365a1-7b16-49d6-9b72-0b94026c94a1",TRUE,4,7,2
"3586cdc8-5885-4759-9400-38ce69a9bb35",TRUE,1,2,2
"08946669-0d2e-4384-a38c-9e1b37dc3006",TRUE,4,2,2
"d57920d5-62ff-45dd-8e33-5d975fbe502d",TRUE,3,7,2
"dc946759-a462-49df-a681-dd6ceb59d5f0",TRUE,8,8,2
"76e6c89b-6f70-469a-83dc-fddbd2bf0332",TRUE,1,2,2
"b1c7e318-4cba-4570-a83e-4436dab55e88",TRUE,8,8,2
"69351f80-6bed-44be-a6af-8c4bd7312249",TRUE,4,5,2
"df8b045b-8b1f-4b90-a201-10ff3aa5011e",TRUE,8,8,2
"4f6029b0-73fb-4f9d-a86f-5cae210a6612",TRUE,4,7,2
"4b76a7c0-2bb6-42de-bc67-1e56a09810d0",TRUE,4,7,2
"6cd58899-c06e-4076-a08c-ef30df15970e",TRUE,8,1,2
"627983e2-ffc3-41bc-a8fb-0a29a3718397",TRUE,8,8,2
"ab472dfe-6dc4-4f80-ab16-56f70e90541c",TRUE,5,4,2
"256a59c4-4870-4d46-903e-df6345df3897",TRUE,7,6,2
"0d978e97-7d12-49fe-849e-f4c39c1f5de6",TRUE,7,6,2
"de38fb39-f038-4c64-98c6-2407f6bf8b7c",TRUE,5,8,2
"8a7257c2-5ab2-4d15-8ce3-951594f33241",TRUE,1,2,2
"69b42c97-0fcc-4dfc-8b82-aa828a46d9c0",TRUE,1,2,2
"aa5b4717-180d-46c5-b307-02e17b8d146f",TRUE,1,7,2
"8427cb96-5820-481b-a15d-a0e4fd19e5f8",TRUE,1,1,2
"cd14e7b2-81aa-45c7-823b-9897e9e7779e",TRUE,1,2,2
"9938e482-3e5c-4de2-883d-a2cdcf167028",TRUE,3,1,2
"da649ce3-b776-464f-9fa4-98b4c3a1d771",TRUE,3,1,2
"60fe8645-4c3a-4f71-9f65-f702905d2a75",TRUE,1,2,2
"c1d1d136-3883-41c2-9c8b-675d423a6215",TRUE,5,1,2
"6de9ecc6-0716-491a-82f3-7f83cf51588a",TRUE,5,2,2
"266bac66-0266-4196-a067-8cf468539e9d",TRUE,4,2,2
"c9171631-4640-49e4-966c-5efae02e70de",TRUE,8,8,2
"53a4e7fe-b97b-46df-98d7-01ade2a78fec",TRUE,4,7,2
"72c097d3-3729-4978-a2ef-c74a27378001",TRUE,8,8,2
"17850482-8475-4422-b718-26de43017e84",TRUE,1,2,2
"c7dc58cc-11cc-46e6-bef0-1a6225196215",TRUE,6,9,2
"978fef6d-6a0e-482a-8380-c810875dbe2b",TRUE,6,9,2
"d83b4513-7859-49c2-a395-d304f8945fc8",TRUE,1,6,2
"625d8553-634e-4850-89a4-6586187d9697",TRUE,3,8,2
"2d103e26-10d4-4e33-89e7-8915389e6501",TRUE,6,3,2
"eb9325bc-a7b7-4891-ab98-d435241489f2",TRUE,5,6,2
"065ae008-bf27-40ec-8d27-eed7df8717a3",TRUE,6,9,2
"86263a16-d8c6-48fa-bcda-1c0c0f7172da",TRUE,8,8,2
"4d26b2cc-15ed-439c-b953-5c28b2c0262e",TRUE,4,7,2
"a36ee5ef-6c62-4e85-899d-fa65b3b13d9a",TRUE,1,2,2
"48211de6-0e67-4dc7-8e0d-7287888af0ea",TRUE,8,8,2
"56e91145-98e5-495e-818f-63f16d966aa1",TRUE,4,7,2
"1506315a-692c-47e0-b7c1-88806f5808ed",TRUE,3,1,2
"e81810da-8983-4420-8629-68bb2fdb0732",TRUE,4,7,2
"a481cd89-66c4-488b-b2d1-c8a1e55237c7",TRUE,5,4,2
"b84a599a-e839-43bf-8531-ed2632949385",TRUE,4,2,2
"e9fbe804-c03c-45dc-82dd-c34c3cc6a6d4",TRUE,6,9,2
"7db91b42-e949-4386-9555-12755b283027",TRUE,5,9,2
"0e66ae01-bb67-4803-8ecd-dbbf806cc030",TRUE,5,4,2
"b115c284-4f08-4e62-b2a5-98cd0601b49b",TRUE,8,8,2
"d3dd6d8b-b480-4958-853c-b861619f0dab",TRUE,8,8,2
"25c5ec85-7d00-44d8-9b22-d624fe80f822",TRUE,3,6,2
"e9c3065c-7c57-4dbf-a3f9-19cb4014a0f3",TRUE,4,3,2
"7df00fb2-44f7-4525-9cba-3b56c816a7f0",TRUE,8,8,2
"a21b0ba1-1640-46f9-861c-63f0d0c21ea4",TRUE,5,4,2
"9a0e6231-3b07-4b11-8899-7f4ee75556aa",TRUE,5,6,2
"c10628aa-b6e1-48d7-847b-e85b5a774479",TRUE,5,4,2
"43314674-af65-4b0b-a566-8d0284e092d4",TRUE,3,8,2
"73095e41-b136-4db8-bd26-cf4881d1a1e5",TRUE,7,6,2
"0acac2e7-6fb3-4978-8434-887b88d28375",TRUE,8,8,2
"77c6b145-48e1-409f-a462-e8e2a3409cbc",TRUE,1,2,2
"ea480b3e-d4d3-4378-a3c5-02fffbc4cf95",TRUE,5,9,2
"64f95683-20c0-40f1-ba5a-ac9aa4357cc6",TRUE,5,3,2
"5479b614-6b68-4633-8b77-682708c81237",TRUE,4,7,2
"2446d634-d6bf-42e4-8abb-a87ef541fab8",TRUE,6,9,2
"ca790227-031a-4032-92ce-b684b768dbd7",TRUE,5,9,2
"26284a8c-bb4d-4bcd-8b70-3c3beb255b14",TRUE,3,2,2
"c7facca8-3233-4c1c-bd96-f5c7aa3903cf",TRUE,5,4,2
"ad7d96be-4d67-47ef-820d-2b9b1e133545",TRUE,1,2,2
"ba057bc5-0d82-4df6-bfef-ba14f41ac742",TRUE,4,1,2
"230c5587-3af0-4935-b5ff-a47fb2cd13ef",TRUE,8,8,2
"8f63fe31-aa4e-4a17-8548-d24b2817f39c",TRUE,4,2,2
"c4d61bf3-f9cd-41b7-99bb-a147cbab48e3",TRUE,6,9,2
"4dfcf338-d215-4c1d-b563-edf665718401",TRUE,4,3,2
"0f4cbfe1-9cbf-4f98-8e2f-e5b40239d565",TRUE,3,1,2
"11f05efe-2fd7-45eb-940f-45fc95877c18",TRUE,5,9,2
"ecef98cd-453f-49ba-be51-870eb9dc5dbd",TRUE,5,9,2
"f06a93d8-fa8d-40bc-8935-bf2c24789216",TRUE,4,7,2
"a436d241-5249-465e-854f-def7af830fdb",TRUE,8,8,2
"6aa665f7-3944-49a7-ae52-615cc18c189d",TRUE,3,1,2
"4d79fc1b-b76a-40ea-9c15-7aedf6c33805",TRUE,7,6,2
"046486c9-007a-452d-9b13-7a15f12f4137",TRUE,3,1,2
"c28a9572-0d46-4098-9253-d4363ddb0c3b",TRUE,8,8,2
"e4ffa757-3054-479d-b1a9-4688a86ed895",TRUE,4,7,2
"2aaf4fb9-431b-45e9-80eb-e74a5fa439a7",TRUE,4,2,2
"452b8f1d-15fe-4834-a29c-18e72dd5db37",TRUE,5,4,2
"61f1273e-1fc8-4fd0-b04b-d9386eae8f3c",TRUE,4,2,2
"0c9d41fb-3210-4085-ad85-95d6fec58ae1",TRUE,8,8,2
"6da8c1ef-9e58-4106-8777-c011400f33f4",TRUE,5,9,2
"c1cba2e9-69b6-475e-a8d3-64db00b72810",TRUE,5,9,2
"96942cd5-73c1-443b-bbbf-6bc7f0b593b8",TRUE,1,7,2
"3625d43d-662c-4171-ad69-07cbc226e30f",TRUE,4,7,2
"7033cc30-7dce-4549-bdc0-bb72138d0b77",TRUE,6,9,2
"e97e7d36-73e9-4211-8fe4-8f1b031b1215",TRUE,1,2,2
"a23b3298-f669-4f97-a554-8c371d8fab18",TRUE,1,2,2
"a0e3180d-e746-43b5-9267-5e6d1040157a",TRUE,8,8,2
"ec550b7d-c87a-4850-8dd2-c54bb92f3339",TRUE,4,7,2
"0c2d9345-76b8-4c7e-bc61-5d0427d7882f",TRUE,1,7,2
"0d599c66-41f0-45df-96e9-c1a62a3c5a7d",TRUE,4,7,2
"24335850-9ae8-41c8-9f15-c4b968903792",TRUE,4,3,2
"511d18ea-ff2f-4b29-b447-1610e7c13a65",TRUE,6,9,2
"d4b5cedc-e415-408b-a178-c04d8f4f156d",TRUE,3,8,2
"341d8238-e7db-4c99-b76b-ad71739bedf9",TRUE,5,4,2
"4cf2c31c-aad0-41b7-902c-cf5df7555c6f",TRUE,5,7,2
"296ecd4b-4016-4c24-8730-1a21f02f7657",TRUE,4,2,2
"75182c30-d8c6-468c-9eff-41eb8692462f",TRUE,8,8,2
"38b2253e-7de1-46e3-9567-1849fa208524",TRUE,5,2,2
"b9d9917a-bd30-484e-afaf-e1ab6942e9bd",TRUE,5,3,2
"66ce49ef-f8e7-4118-b0c4-a22ba23632e3",TRUE,1,8,2
"d673bfca-32dd-4602-bc9f-b133c3d581fe",TRUE,5,5,2
"a8b4b9b6-a2b4-484e-9041-5cdd48bbc35a",TRUE,4,4,2
"ea56b07e-bae1-42dc-8f3e-b43843edd2af",TRUE,5,3,2
"a82e4640-446b-4e18-a809-abdb488e6920",TRUE,3,1,2
"57695597-80a8-4ddd-ad3e-e7549f6b15b9",TRUE,4,1,2
"e1837216-4f5d-4e9a-9eeb-61e5880bf4b6",TRUE,7,6,2
"60c42c7e-803c-46fb-a137-6a0bfde84156",TRUE,1,6,2
"5d5dda38-b748-436a-a04f-afe87b4d15fa",TRUE,8,8,2
"23355a12-247e-4136-b766-a974ac7d5173",TRUE,3,1,2
"dd481b3f-441e-49cd-86f9-6fba0637fc79",TRUE,8,8,2
"08fedd28-a5bb-4633-86ad-aca7bbff704a",TRUE,1,2,2
"71692175-cd88-4833-955b-6460b19bd599",TRUE,5,9,2
"627a3ffa-78b9-4700-9ece-a488e56115d8",TRUE,5,9,2
"98c61d77-8847-4520-af3b-4d182c3cca51",TRUE,1,8,2
"3b471335-8e24-40f6-9fac-e2bff4aacae9",TRUE,4,7,2
"024374f3-e904-468f-a91f-58b8ec444fbf",TRUE,3,1,2
"36bfd855-6cb8-4681-a45e-df3fea58ee55",TRUE,8,8,2
"12e1d961-80f5-4b6e-9d49-28a26b6d1cb6",TRUE,1,2,2
"ab3f8ccf-9747-406c-950c-bfee733ea812",TRUE,8,8,2
"26765487-4e27-4e01-8fb1-eb2948ac117f",TRUE,5,5,2
"49ceba27-0119-4ff5-9b39-234983fcee04",TRUE,5,5,2
"44f713dc-89e2-4f0f-9ae1-ec9253310214",TRUE,5,4,2
"a792dbef-c7b0-4cdb-ba4e-5e2cf16edfa8",TRUE,1,2,2
"32ed7887-7997-448b-962e-274ed1a2a4c5",TRUE,3,1,2
"b6d62903-ed3b-45d0-a6ec-1581dc043164",TRUE,8,8,2
"888cad71-7525-44a3-9dd6-5b94645d9890",TRUE,8,8,2
"46a981fd-df83-46be-b0c5-787c53111069",TRUE,5,3,2
"4cc0ab3a-c319-49c8-996f-3f682d50a691",TRUE,4,2,2
"0e07d6ef-1671-427f-b8b3-198ddece1296",TRUE,5,8,2
"1cf9cbd4-ff99-41ea-b14f-093104b77882",TRUE,4,7,2
"3f3e9299-7432-44fd-af7d-697b580f6391",TRUE,7,6,2
"d1189262-a79f-427f-914a-79171b7efbb7",TRUE,3,2,2
"889adab8-8356-4914-a13b-99d7155b9f34",TRUE,4,2,2
"4f9a5ec8-cf07-4830-b63e-f85e01353911",TRUE,4,1,2
"fbdbef49-7685-4b18-9d1d-18e7bb0c2a61",TRUE,8,2,2
"8c3dfc11-c36c-4ac4-ad5d-0338d657d0be",TRUE,4,3,2
"c24562c3-2c66-438c-a64b-7b96936b9480",TRUE,4,7,2
"afbab892-3cfb-4b9a-9572-ef2c8b884ce8",TRUE,6,9,2
"6d92777a-af16-416d-9ae0-1d53cbb3d355",TRUE,3,8,2
"543f12b7-4cda-4081-a243-ad4c37ee3b0d",TRUE,5,4,2
"7811661d-742d-479a-abeb-0a3dd481041f",TRUE,4,7,2
"61ed933a-a72c-4a6d-a925-ec9b11283794",TRUE,6,9,2
"ea0c9ba7-7f31-4af5-82e5-0e80e0894b65",TRUE,1,2,2
"ee3e2d74-1652-42e6-bc84-c5319a983e43",TRUE,3,6,2
"5ea24c2c-940c-46df-97e4-30b496297c3f",TRUE,1,2,2
"443a2c5f-767c-4a96-8ea0-6b2ad103553e",TRUE,4,7,2
"be1a7281-8438-4359-b42c-ebfefd6adee2",TRUE,3,1,2
"1b659351-52c5-4342-aa0d-dc432b064f2b",TRUE,7,6,2
"fcf91138-56f8-43dc-9d82-8ac08ba72b11",TRUE,5,9,2
"7a325507-cd5f-48f0-81db-c0fe0860c537",TRUE,5,3,2
"f067e3b8-d1b6-477a-bad3-f3976e8da901",TRUE,5,9,2
"7a9bc794-e1bf-4fc9-aff7-e5540fb17876",TRUE,6,6,2
"9399be87-c49c-48b8-88f4-7da05454ab7e",TRUE,1,2,2
"0b30cb69-dac2-49e1-8246-f06ec58da24f",TRUE,3,1,2
"2c36a2db-0b82-478c-bd57-4f5ee840a828",TRUE,5,9,2
"b5d0d251-2ee3-4fa9-a366-19589552713c",TRUE,5,9,2
"359ae8db-cb2d-4d6a-bcb2-da922f95fafb",TRUE,1,2,2
"e05d683a-c2e2-45b6-8e9c-1bc6281d2139",TRUE,3,1,2
"722a4c3d-2e00-4d68-8251-b9709a224841",TRUE,1,2,2
"c133ab6b-5f44-43cf-b599-fe1976d526d2",TRUE,5,3,2
"0de1f9e5-d0f6-46f3-999c-8ce0738da931",TRUE,4,2,2
"4267890f-6004-46c3-928b-35a20f6d3ea8",TRUE,5,9,2
"74fdc3f6-d6a6-4152-a3af-82d6f191f7bd",TRUE,5,9,2
"0b7c7664-dc32-4485-84b1-177a31dc7abe",TRUE,5,3,2
"432ca469-538f-47ba-aff1-f029f0003cf0",TRUE,8,8,2
"04a9c7e4-9d60-4f9f-84e0-31aca790d876",TRUE,6,9,2
"4a40c630-045c-4f87-b238-4057a9ad5d42",TRUE,5,9,2
"ea3e03a4-8f64-42b2-af64-ed36a147a92c",TRUE,5,9,2
"e76c274c-7c55-427a-b4ec-105ba4bfaf8e",TRUE,8,2,2
"14093d12-e0cb-4a17-aedf-2c49f77264d2",TRUE,1,2,2
"8dffe9a0-08f0-49a5-b9fd-58fe25fd3ed1",TRUE,8,8,2
"1718007b-4964-4a98-90d6-7651285bb0ad",TRUE,5,5,2
"33fd351a-7f6c-4497-b07e-8df30aa2416d",TRUE,1,8,2
"72785caf-c19d-42cc-b41b-f038d01f3750",TRUE,8,8,2
"81ebd167-d60d-471a-a702-0af8a9b9a482",TRUE,1,2,2
"0668fc46-43f1-4d25-9ce8-bb2aa2763d56",TRUE,8,8,2
"686dbd07-bc46-4841-8815-8ec35f63210d",TRUE,8,8,2
"6279693c-5221-4944-b6d4-4bd377585854",TRUE,3,1,2
"9cbd6cbf-d722-4fd5-a5b0-1b5d228382f2",TRUE,7,2,2
"ef89de1e-296a-4f97-b52d-2d2248ee47cb",TRUE,8,8,2
"07c3b5bd-7fbb-4133-a31d-6bda59e8de18",TRUE,8,8,2
"142e1d88-3316-4ec5-bdf9-52f9d21cb69b",TRUE,1,2,2
"471e470c-29ff-4ad8-8b4e-c645deb57cde",TRUE,8,2,2
"c1bd2612-c1bf-407a-9567-54d3aeff4919",TRUE,4,2,2
"23569a1b-13f8-4e16-a977-1eaf0bea1ab4",TRUE,1,6,2
"6cb96f72-c8ee-4373-9332-b0ed5d23d66f",TRUE,3,1,2
"bd95b7b0-5d4a-40c1-87ae-e9c550f06c10",TRUE,5,9,2
"31632126-ea89-4b0e-bd8a-6270e74edc99",TRUE,5,7,2
"2ca08921-8797-441c-a91c-6d35b43ac2eb",TRUE,5,4,2
"159e4956-8b88-46c0-8720-fa40a1a8fd3e",TRUE,7,6,2
"dc9c82f5-7bf8-4d82-9cb7-c23c1dc4d52e",TRUE,4,2,2
"a42a7c75-3bb9-426c-9a92-f4d37eb72c3f",TRUE,3,7,2
"8f269518-d869-439f-853f-e92a0ab575c2",TRUE,4,2,2
"106212cf-e4e9-4688-9878-2adbac2230d7",TRUE,4,2,2
"749df6a6-d580-4acb-9f4b-8e0d6c860e96",TRUE,1,6,2
"94506bcb-6d21-4df3-9747-7c84ae6da611",TRUE,3,8,2
"91d7355c-52f9-424b-bd73-6b67b4fbc30b",TRUE,4,7,2
"60fd8091-0c24-447f-aaa1-f7b5f8817a8d",TRUE,4,2,2
"5a1d7463-3615-4b22-a40a-a54e09c58509",TRUE,8,8,2
"2d324e32-d7d4-4232-badb-a5708a54df43",TRUE,1,2,2
"6fd1b3fc-2061-4cf5-a704-077f5582b796",TRUE,7,6,2
"6e0a58eb-c187-4f1b-a3ba-d34027cab53a",TRUE,1,2,2
"fc0e0ae6-b20f-43db-ac57-b181ee01cf99",TRUE,5,1,2
"e53b9d9e-52c8-4556-af21-f8132d83f5f9",TRUE,8,8,2
"c5037265-db57-4b16-a911-24852bae72c2",TRUE,6,9,2
"35d9840f-3892-4ae3-a2e2-7204b2b61e19",TRUE,1,2,2
"d621ebeb-582d-4bb3-8b49-cc32df5a5f49",TRUE,6,6,2
"d4eae2f2-ac62-4aa3-a1e5-8539de795488",TRUE,1,2,2
"faf612ba-ba4e-42d6-a09c-231a01a3965d",TRUE,3,9,2
"8ec33444-9cfc-45e2-8827-3d0d62f35c3e",TRUE,4,2,2
"2e463359-731a-4bb6-af2b-bbc32d2524e9",TRUE,3,1,2
"b2f54729-189d-439a-a69c-48bdd4588b18",TRUE,3,1,2
"f27f3ced-8b6a-451a-b9bb-141edc4d88ef",TRUE,1,6,2
"52717371-fd1b-4cc9-9cc4-3b8e6f672db1",TRUE,1,2,2
"e772cbe0-cbd4-415e-a128-e3da45236f81",TRUE,7,8,2
"57c46358-f926-41be-b15d-12588a6b2fb2",TRUE,4,7,2
"94af7041-62d9-4004-8659-631ca12d4013",TRUE,4,3,2
"57f93381-98d5-42be-8f47-8726fee7b1c5",TRUE,4,3,2
"85329e22-2ae2-430f-85e0-70f93591e583",TRUE,1,6,2
"de6fa055-fe45-4122-af96-29efb380eeef",TRUE,1,2,2
"729d4260-d6aa-4f6c-84c7-2e8979f287d2",TRUE,1,1,2
"14f5a711-0c46-4851-8803-67eb7817b9e4",TRUE,5,3,2
"51c189aa-fac4-4b79-adf7-44dd7b9126b3",TRUE,1,7,2
"afc514e7-5662-49a6-b803-03d212f96291",TRUE,3,4,2
"e3cd0088-ed6a-43f2-b964-a3d688498de8",TRUE,8,8,2
"9abacaec-3eb5-49ad-abc6-11f087849f3b",TRUE,6,9,2
"554ac7ed-a505-4c06-9cfd-99bbd9d34abf",TRUE,1,2,2
"f42e5d6d-2d28-4c7d-973d-198430e2a673",TRUE,8,8,2
"aa3b42c6-5329-4b4e-bbdf-e90c17120ba2",TRUE,4,2,2
"8731ee11-398f-4023-b3eb-46bfefdfddfc",TRUE,5,3,2
"b67e74e9-ab13-4a9e-aab4-d3e012011d5c",TRUE,4,5,2
"bad69ebc-12a8-4798-be12-9ffa8adb7859",TRUE,4,3,2
"0a8395a4-47b4-477d-b595-e6dde684dc37",TRUE,3,1,2
"c8cb9a97-200b-44c1-9e6b-0ddbbd52f23f",TRUE,3,6,2
"1fcff42f-81db-4ba0-9860-8918b3ba8a15",TRUE,1,6,2
"6bfb9118-1021-4415-8519-62089f3a9bbb",TRUE,3,1,2
"073b0f36-e51c-47b1-9c1b-6d6e259d3b20",TRUE,4,8,2
"92bc829a-078e-417b-b85a-8ba1178847ed",TRUE,3,8,2
"e8d4e0d2-cb7a-4d0b-892b-b626beb66503",TRUE,5,6,2
"47294c2e-3146-43ab-9700-8a05a21a099c",TRUE,5,9,2
"19436915-76eb-4054-951b-34450cb6007e",TRUE,4,5,2
"2954c316-a283-4884-a9d6-38c39c04d670",TRUE,4,1,2
"46cbd227-21b5-4009-926a-d31805bf8774",TRUE,6,9,2
"46cbd227-21b5-4009-926a-d31805bf8774",TRUE,6,9,2
"8533afb6-8efe-47c1-b115-da2c0bc3a3a1",TRUE,8,8,2
"df3a1b9f-001d-4f93-aae9-68b144359c15",TRUE,4,2,2
"46555cee-943e-474f-9d62-322d643b7fd6",TRUE,5,9,2
"6fd7b4f2-da33-4621-a17b-de54a1d5f332",TRUE,5,4,2
"5d1f97bc-f58c-461f-b3d2-a0f37d6bf1c7",TRUE,4,7,2
"3aed1d25-3879-4837-87be-08629f54e344",TRUE,5,8,2
"e7daebbe-8969-42c2-acea-7cd3a80a05d0",TRUE,8,8,2
"c45b9c48-3a09-4662-a1d7-a6594e8b3a51",TRUE,5,9,2
"71a60882-db09-43bd-9d47-9ae5136940cd",TRUE,2,10,1
"2facbf39-fc02-4dd7-a1e1-20a547682b79",TRUE,4,7,2
"c2b8b49d-189b-483b-a19e-90d05125eb57",TRUE,5,3,2
"940ce5c8-10f4-44dc-8dd2-25c02adf53ed",TRUE,3,1,2
"d0de3cf6-37ee-4558-87d0-541a9f3f2b4e",TRUE,1,2,2
"baeb4a81-4270-4637-8e55-9851b41115d5",TRUE,7,8,2
"4a33719e-c3f8-4460-9037-6b32ef9817aa",TRUE,5,1,2
"7efd9326-e5f8-4bc4-bf21-54ea39dc3b30",TRUE,1,3,2
"470bf52b-2e20-43a2-91f0-982319f7d7cc",TRUE,6,6,2
"deb2492e-747a-492c-b107-0c43a6c2430a",TRUE,4,4,2
"3c086b5d-41ca-4d9e-a10a-799e8d50f501",TRUE,6,9,2
"95a47f25-721a-4020-a238-1388bcfdad2d",TRUE,3,7,2
"f3af4bb3-8b7a-4955-ab50-0caa6150e50f",TRUE,5,7,2
"64dc75ea-2e11-4f45-8bea-817d0a93ace6",TRUE,1,8,2
"d9b7fcaf-f76d-48cb-93e7-b22519604b52",TRUE,6,9,2
"b3b471ea-efae-47f0-a2a2-a272963ebb21",TRUE,5,4,2
"88cc4ab9-9a3f-4e6f-86e9-0970674507c9",TRUE,8,8,2
"e01b4b5e-01ae-4568-b544-4e6ed2a19af8",TRUE,5,4,2
"3112babd-14d5-4574-a829-ccb580f6cdea",TRUE,5,3,2
"f5a3735f-5a91-480c-99d0-1698101a823c",TRUE,4,7,2
"71f18778-ad9c-4a68-8225-13b0bfa9dfbe",TRUE,5,9,2
"1c31e7ad-bd22-44b4-8020-6337f48b6a30",TRUE,4,7,2
"19afa9f7-62a3-40d5-a586-c528ff9f94cd",TRUE,4,2,2
"aef49e5e-e514-4326-9c7e-cd9b2ceb24cc",TRUE,1,2,2
"53f05bd0-3f2c-4d94-8d8c-170a4d983e0f",TRUE,6,9,2
"65d33bc0-5876-4893-af0a-c2102fb598fd",TRUE,6,6,2
"f189a8a9-d2c7-4eb0-a4db-fc7036668af6",TRUE,5,3,2
"e1504b65-47fc-4313-84fe-5d34fcb6b13a",TRUE,3,1,2
"8a3f0453-c134-450e-b9e6-4fd7a8869176",TRUE,1,2,2
"9b97cd45-e33b-438e-90a9-79dbb5e3e951",TRUE,1,2,2
"fc71fe89-cf0c-49e3-857d-f38161d774a4",TRUE,5,6,2
"fa8bdc9c-35a4-4b28-9d8e-98f90d2a0556",TRUE,3,2,2
"728a13c7-ee0e-4d93-bfc0-7e5ac9b8328a",TRUE,4,2,2
"af5d25c9-b399-4659-84ad-af2c84a0c8d5",TRUE,6,9,2
"26c26596-2c89-4c8c-ac34-4b67b1ab2d8c",TRUE,6,6,2
"5d7567b7-92d1-4266-a63d-4f4f490a65b7",TRUE,5,5,2
"b43cb017-dcb7-4078-977c-8ba3861486b0",TRUE,5,4,2
"2b1cb23f-0609-4ed7-a350-99e6df15696d",TRUE,6,9,2
"ae1d0fb8-897b-4b45-91b3-38435a7a78d5",TRUE,1,2,2
"1a44999a-d915-4fb5-a515-0a79715395a5",TRUE,5,5,2
"2c4ff76a-1574-4d45-90f6-abd250ec0d7e",TRUE,5,9,2
"6c32c62e-be0f-4195-95a1-2e77fdacd22d",TRUE,4,7,2
"c5f7d39e-14b5-4481-a974-9453e93e75c3",TRUE,8,8,2
"0948fbbb-0149-4c9e-8f8d-983f80d27cb5",TRUE,3,2,2
"b683cfc7-0de0-4621-bdc7-990da6a3379f",TRUE,4,1,2
"88b74fc8-1cdf-4410-8e7d-86ce60388c9d",TRUE,4,7,2
"a09b7dd5-c769-4161-8878-52de3639120d",TRUE,4,7,2
"fa533a87-9512-473c-887e-674be7d8a08a",TRUE,4,7,2
"c105ccbb-c4f5-479d-8f59-c9d35c98b08d",TRUE,6,9,2
"08814a00-b661-4942-96fe-b638db171459",TRUE,4,7,2
"bfbf4119-76eb-4376-bb2b-ee42839cc68b",TRUE,3,1,2
"029498be-c434-43c9-9449-b05ce28b3d53",TRUE,5,3,2
"2e2b8503-d7cb-47bf-80d3-35ed2c061ad2",TRUE,3,1,2
"80c117c1-309c-4ef5-af67-124c69743b38",TRUE,3,1,2
"dbb9b176-ce21-4fe1-b0a6-aefb3bd82207",TRUE,5,4,2
"abbcecad-3cdd-4244-b3fe-44862346c547",TRUE,8,8,2
"120e490e-a3bc-4cec-98f7-ce2e85873a21",TRUE,5,6,2
"1cb6efdd-f4bf-4a33-a5f1-eb465a2a9b0e",TRUE,3,1,2
"e06c7213-7f47-4eb4-bbf5-92017e0deafa",TRUE,8,8,2
"16e95cbc-09eb-4bab-affb-28007e6198cd",TRUE,8,8,2
"572d796b-462f-44ae-9c53-63a5c26f8dba",TRUE,1,2,2
"811d90fd-83eb-4989-bb34-9368e1ed3a08",TRUE,3,1,2
"11736d9f-d0d1-47ec-8703-d5ea59f8283b",TRUE,5,5,2
"73b2da77-65f8-4e30-9564-744a629f308e",TRUE,4,7,2
"474d87d1-6001-4fd2-ba98-1e4c124ac179",TRUE,3,8,2
"1257cabe-2bf5-4c77-91f3-46b7329f2333",TRUE,5,9,2
"32eb9d44-2e43-487d-b763-80203484af97",TRUE,4,2,2
"33ffe9bc-44ad-4b51-8ed5-bdf975c8b37b",TRUE,8,8,2
"d0e0c80d-6e7a-42a3-af39-792d1b2e34d8",TRUE,5,1,2
"e563bc18-a46d-4778-babb-3053e516f842",TRUE,3,3,2
"40e5a9dd-35ff-4843-9ae7-ee7a96e0e12f",TRUE,5,9,2
"2f7d5509-dbfc-4e5c-a082-d3454e6df1d5",TRUE,5,3,2
"3fcd0f19-0171-4d1d-a9f0-21624fd1fc25",TRUE,1,2,2
"4a860175-d7b1-4ed0-a1e4-035eac4d4441",TRUE,4,7,2
"c25e181a-be0c-4c7f-960e-1abeb296242c",TRUE,5,9,2
"e3f7c764-0e41-46d8-9869-d623c93d17ca",TRUE,5,9,2
"fb647673-d45b-4d75-98a5-e73c50480cac",TRUE,5,9,2
"635085f0-7d51-4be9-afe6-bce3957132a8",TRUE,5,4,2
"5861d088-b27a-4592-9c27-4d5d7d7d6b08",TRUE,6,9,2
"54f359a7-6abe-4cc5-b2fe-46dad8914435",TRUE,5,7,2
"2285e215-716b-4954-b1cc-96da899cfdc1",TRUE,6,6,2
"2d23cfe1-a1e4-4a64-b24d-9df5855593f2",TRUE,1,2,2
"a33d9b5b-e919-4abe-92fa-cb879360815d",TRUE,3,1,2
"6b6fb992-d1db-4ebc-ad75-223b255c5f4b",TRUE,3,1,2
"0e405e05-3be5-4311-a53e-af2d6742c5ed",TRUE,3,1,2
"f10fb85e-1cd5-4044-937e-fbcad87405c7",TRUE,5,9,2
"bf70dcdc-c3f4-430a-8fc9-69f9983c4aaf",TRUE,3,1,2
"0c9a0f72-52ed-4988-b0fa-7168862fd6c4",TRUE,6,9,2
"83cfa7f1-4bc3-4661-a736-4a41e69ea504",TRUE,3,1,2
"b0aea6e0-d06c-4a3e-a40e-58c0dbfbcbb1",TRUE,3,1,2
"baf6660e-af5d-4435-bf07-f683cb0f0e7d",TRUE,1,7,2
"0817c925-9d4b-4bbb-a7e0-3007edd9942d",TRUE,4,2,2
"3f7d159d-dfad-462f-85f5-f03f3ae209e9",TRUE,4,1,2
"35d42d71-f139-42d1-8219-8909b8b891c3",TRUE,8,8,2
"f3e16448-eaf4-4cb8-9bb3-52b1739ed504",TRUE,4,4,2
"b1c03faf-e23d-4488-be40-eee740170dc3",TRUE,1,2,2
"096f2976-bb1a-404e-a13b-95283dbf303d",TRUE,5,3,2
"aa2bf33e-3ee3-4010-9219-0911c3cead7e",TRUE,3,1,2
"9cb38e71-454f-4cef-b8e9-3b21952aa86c",TRUE,1,2,2
"0f5fcdd3-d701-448b-ad74-ebabd40f4695",TRUE,6,9,2
"dc319bae-a4f7-41d2-a601-ace21e8436d2",TRUE,5,5,2
"1c10c2cf-3cc3-41cb-9973-496ac099c281",TRUE,8,8,2
"ec4d2969-caae-4609-a6a6-ddc9aa199454",TRUE,5,4,2
"d6a1216c-81a9-4fa1-83ce-b78bb55a88ee",TRUE,1,2,2
"1e74cd46-605c-4e63-a5eb-a4a82662d82b",TRUE,4,2,2
"6b3b38dd-6fc4-47f7-a5a7-7915557fc886",TRUE,5,5,2
"a90ed281-f027-4c7f-aaa9-51ede5cc8876",TRUE,4,2,2
"c56e1a0c-f30e-4733-b7ee-ef04d061ba07",TRUE,4,5,2
"04d427f1-4610-4128-9951-6bfd2e03ae0e",TRUE,8,8,2
"7d5d8804-2079-4d5a-ae08-b60b63046561",TRUE,5,4,2
"fb55b441-9c45-4010-b253-56468afa08f7",TRUE,4,2,2
"72b5453e-ef90-47cf-84fe-594491c8bd9d",TRUE,5,9,2
"f768653d-824a-41ff-bf97-a73b3a7e7e0a",TRUE,3,1,2
"7754767c-8f07-4931-b258-d897305cddbc",TRUE,4,4,2
"e1667326-de71-4e17-8861-eec40e024d9e",TRUE,3,1,2
"1a9a933f-d942-421a-9a7b-e4986bf94c55",TRUE,7,6,2
"a9630e43-3250-4b3f-a5b0-08676e87b030",TRUE,5,6,2
"5b0c9fcd-7683-494d-8cdc-f67ae70444b3",TRUE,8,8,2
"470a27b2-a9e8-46e9-851e-43845922dc48",TRUE,5,4,2
"1a3e5e83-c22d-45da-92ba-979542f3c137",TRUE,1,2,2
"350d5119-f937-4ff8-9e44-40cd691167f3",TRUE,5,4,2
"626ac5db-8959-411c-b3cb-9a96b7def5c1",TRUE,7,8,2
"75a263ee-fb76-4789-b724-061081296fbb",TRUE,1,8,2
"2347c61e-2321-4989-bd34-23262afd7f79",TRUE,5,5,2
"5b467a8b-8bca-4fb8-aacb-54fcf0944aa9",TRUE,5,9,2
"01d27237-1323-4f95-ad7a-7bba1664a0bc",TRUE,1,2,2
"860c07f1-25df-4f33-86d8-6732566f184d",TRUE,5,4,2
"eb7109f9-4f5e-4445-9854-f47b7c6aff05",TRUE,8,8,2
"150e92d8-91d5-4544-9255-f351cd57ea2d",TRUE,5,3,2
"538d8df5-3453-4d13-a950-a98c145d327b",TRUE,1,2,2
"d6e3352f-933d-406d-bf0e-92b9e43dcbbe",TRUE,4,7,2
"dbce98be-557e-4c44-a6a3-82557ecf3d31",TRUE,5,9,2
"6cf7372a-6ad3-41c2-ae86-4347a1da55a8",TRUE,1,2,2
"f7fdbc21-56eb-460c-8dbd-f93d4ad06a97",TRUE,5,5,2
"2f22ff3f-aed6-4201-8c80-16777553e0da",TRUE,5,1,2
"e0017c6f-60ae-44b2-b4c3-b7ca5a30245b",TRUE,5,4,2
"1725b54b-2b3a-4e94-9735-4f50196fcc7b",TRUE,1,2,2
"7bfd9568-f61a-43fb-aba6-aed3a8bcd8d9",TRUE,4,2,2
"4c60960c-2fce-4ccd-9e09-69243a36b98a",TRUE,5,3,2
"7ff8ea63-fa3f-4489-9170-a2021b1806bf",TRUE,5,3,2
"d54f2a0a-805a-4c68-958a-bffac5f70953",TRUE,5,4,2
"6016590a-8967-495a-b755-f11bedb700db",TRUE,4,8,2
"96727228-2436-4e97-b8e2-a012993850ed",TRUE,8,6,2
"c17f0041-7542-4bfb-9c11-cdf60b5fa5a2",TRUE,8,8,2
"bd8bd734-35be-49a8-98c8-add755a1954e",TRUE,8,8,2
"eed0f417-142c-4792-85ad-06988d3e56df",TRUE,5,5,2
"8ae41376-c55e-4aac-b42e-fd3f18497bd6",TRUE,3,1,2
"330d63f8-99a0-4685-8fdc-06f9a4a6bb10",TRUE,8,8,2
"d04b517d-2c28-4420-8daa-dcb03e336e27",TRUE,4,1,2
"123961de-66a9-48e5-a425-d126aed707aa",TRUE,1,2,2
"8cbc2cf6-0df8-4a00-9238-d5e9b2e5e4cb",TRUE,5,4,2
"7189faa4-5f1c-4372-994d-ffc7da68d90b",TRUE,5,4,2
"e9f0cfef-3ac7-435d-a7af-100da21bfcd9",TRUE,4,2,2
"fdb6d907-df5c-4ccb-8400-2652c64ddf0a",TRUE,4,7,2
"a3261b29-8f75-4883-8b04-1c1de9a8d653",TRUE,2,10,1
"b54e0247-065a-441a-b994-58abd665b7f0",TRUE,4,10,1
"19272906-3930-42ba-8609-b2c02700f14e",TRUE,2,10,1
"d52f72fc-3464-4ee7-8434-1d3d22ab4a35",TRUE,6,10,1
"8c055f29-58ef-4c90-9c4c-3c5a6afcb410",TRUE,2,10,1
"9fbaad72-2af2-4811-9f43-7b7d61dfa7a4",TRUE,2,10,1
"abd1c22b-7f24-4953-a658-2dfc7c1494ae",TRUE,2,10,1
"73e4005d-d319-4760-b740-65f3b00a386e",TRUE,2,10,1
"8bdf9572-54de-42a1-806d-58fca393213b",TRUE,2,10,1
"8aedc1bd-9331-4176-9552-34581a1a0996",TRUE,2,10,1
"284d4382-efb0-44fd-8b65-a888f75860dc",TRUE,2,10,1
"1d17d334-9040-4071-91f7-ef45ce39a0f7",TRUE,3,10,1
"05e54ca7-4242-43a0-984a-b438d19ef26e",TRUE,2,10,1
"c94d2953-e63f-4cbc-8b78-9a96c78ba8d0",TRUE,6,9,2
"03e8bab9-76bf-43fe-bcdb-14947f9c846c",TRUE,8,8,2
"877c226e-0492-4b54-b29b-0e5be8b617b1",TRUE,4,4,2
"68ba79b9-4176-4123-8c74-af86b7e3a2e0",TRUE,4,7,2
"7771c63d-53d3-4271-9e15-0908a6c52ac6",TRUE,1,2,2
"b061e34a-0664-4230-8db0-522a417b97c8",TRUE,1,7,2
"f9fd4f55-d4a6-469e-8c40-388967fb919c",TRUE,6,9,2
"cc021d2a-bce8-42ec-80a1-f9b8d4d9e255",TRUE,7,6,2
"11f1cf78-ce4d-4b88-bbef-efbc5dfa026f",TRUE,1,2,2
"c0c149db-59f2-41fd-8aa5-653b0a178b4f",TRUE,7,6,2
"a258df8f-62b4-4306-b96f-0671cba0911a",TRUE,5,3,2
"e5493553-eebf-40bb-a781-f03fd0cc2e84",TRUE,4,2,2
"dadc521c-fa98-49e8-bb34-f78a5b79a091",TRUE,5,3,2
"b73cce65-3e60-4fe1-ac46-ed5b1d2b39e1",TRUE,4,7,2
"6e2ea800-ceb7-4b6b-bf1b-dae3d64c578f",TRUE,1,2,2
"e397be8c-1a59-4d70-a732-20cf849fd5d1",TRUE,8,8,2
"449e4880-a72d-423f-a8a3-f14d4abf57c0",TRUE,4,7,2
"c0ba5bde-675b-4e9b-9edb-504e04eebd73",TRUE,3,2,2
"3e3a0b4e-0bde-417b-a94b-2fdf0668247d",TRUE,1,2,2
"fdb6ac1b-9dc0-4418-b063-356ee606bc03",TRUE,8,8,2
"660bd8bf-fe2a-4562-b767-a6ae014c5df1",TRUE,4,2,2
"053b9056-745c-4119-8fdc-5045f706a607",TRUE,1,2,2
"79e2e6bb-d91e-4ceb-908f-43802de598be",TRUE,6,9,2
"cd8151c8-5773-4c86-bec4-c0c76f0dc702",TRUE,4,2,2
"548bbb0c-a3bd-410f-b4c3-548032a6ae0f",TRUE,4,7,2
"d587035d-1658-43ac-8822-a9166cfcd1bd",TRUE,1,2,2
"5a0e97bb-c2cd-4bc5-9845-847381a418bf",TRUE,5,5,2
"8cc4910c-b669-4b0d-94ab-2f1a0b5a15ee",TRUE,8,1,2
"aa4b0dbd-62a9-4025-ba32-0c58d3eede3b",TRUE,8,8,2
"0afdb6c2-3579-4832-b1e5-48b97b774331",TRUE,8,8,2
"b030bff2-1e0d-4706-a94b-31d8ed7844e9",TRUE,3,8,2
"e925996f-0198-4596-9cdc-ee7a144821cf",TRUE,8,8,2
"3fa5139b-f438-4928-9ad6-fcafcf7dc654",TRUE,3,1,2
"ebc9d122-ea3a-4c9e-a475-6992ebc804a3",TRUE,1,6,2
"0228f7fa-ce3c-4aef-a80f-348e9a07bf43",TRUE,1,2,2
"66586f54-49a3-4360-b472-d0d11fa6d47f",TRUE,4,7,2
"921de8a3-1621-4d4b-bb6d-1a80721f0f93",TRUE,3,3,2
"f0d03f1d-e445-4b09-ad42-56258f373673",TRUE,7,8,2
"9aedce02-853b-494b-807b-45a23a242346",TRUE,5,3,2
"bda1bb43-3312-4baf-bda4-77f8ce4dfa72",TRUE,8,8,2
"0a5900f0-976f-491d-a597-a38d7d5717e0",TRUE,3,1,2
"46f7a567-cbf8-4535-aaf9-5d4446b131fd",TRUE,4,3,2
"349477cc-ab66-4a0f-ae9a-b7a8532ae2f0",TRUE,5,3,2
"a6d02963-c04e-4651-b687-88739df8c5ef",TRUE,5,9,2
"9a2ad3bf-8105-4881-aee8-7b095b5c63c6",TRUE,4,2,2
"186ac1bc-2035-4246-86e5-c1f215ce1f66",TRUE,5,3,2
"7bdb77b1-3a80-4e2f-8df8-086d2c5ab5a5",TRUE,4,5,2
"81664248-fdab-445f-97fb-ac1a76142b67",TRUE,8,8,2
"66aca585-500f-4f37-8837-5aede9f601cf",TRUE,4,2,2
"6444805c-49b5-4cd6-8ac7-48b1dc1fa2c9",TRUE,8,8,2
"475731c8-5b37-45fe-853d-63bdc4df5e1b",TRUE,4,7,2
"3ef5e7fe-ddbb-4dbe-9bdf-d9d7333a9ba3",TRUE,1,2,2
"3906520f-9fe4-4375-99fa-945236b97f75",TRUE,5,9,2
"1e1f275b-9b0c-40c7-bfed-542bf74729c6",TRUE,5,9,2
"87d53de4-914c-4081-9a2b-bbb8be4b7fc4",TRUE,5,3,2
"005b833a-142b-4706-b840-ee94784be3c9",TRUE,4,1,2
"c8775726-cd0b-4505-a98b-eb448c381725",TRUE,1,2,2
"3d99fd37-b91a-4b77-84e3-b879ece7c769",TRUE,4,2,2
"609262f8-d7ca-483a-962c-f6eab6ac7998",TRUE,7,6,2
"090b5f15-4129-4997-a6d4-7d64ead898a7",TRUE,1,2,2
"7c1b6645-d584-42ea-a4af-8f24fca85a98",TRUE,3,7,2
"d401e39d-a012-4869-9e11-13de52db3914",TRUE,5,3,2
"21ab009f-f1cb-4827-b3e9-5fbfaa268db2",TRUE,5,4,2
"cf8b80db-6ea4-4c78-a6b2-2f7518d1cb3c",TRUE,7,10,2
"60d7f331-b16d-4d77-a179-67f6e327d2dc",TRUE,6,9,2
"74953741-f5b1-4041-9d44-31c137c85179",TRUE,3,4,2
"70d30aba-a7f0-461a-b3ec-2ed71a2cda3f",TRUE,4,6,2
"3ee40569-d192-4b40-b1de-3614f187e4af",TRUE,5,5,2
"a6f98744-f27c-40d5-8074-ee186ac727e1",TRUE,7,6,2
"e2d499bf-d046-4838-b242-f10de4732333",TRUE,5,8,2
"bb9fa9ac-9460-452d-817e-217a4f773207",TRUE,5,3,2
"170cc2ea-c1f5-46a5-894c-5ce49854d869",TRUE,5,5,2
"923a1b8a-f739-4e74-88a7-4afc3e011568",TRUE,1,1,2
"2a3ca92b-1fb5-4b7a-958b-26c67aecd051",TRUE,5,2,2
"0d45a705-d2e9-4c6a-b8bc-4e00bb64d130",TRUE,5,4,2
"a622ff43-311d-41de-a85f-d6079fad9a86",TRUE,5,9,2
"fc416292-d9d4-4a79-8d76-1db979c9c735",TRUE,4,2,2
"544e2942-62c1-460d-a65b-98cbb800ddc5",TRUE,8,8,2
"5e90dc78-cfd5-46f8-9b6c-b0319dc01936",TRUE,4,5,2
"af461b67-2275-4129-ad60-3fc483f0d5e1",TRUE,8,8,2
"e97256ff-9509-4db7-826c-4e92a6f8a3a4",TRUE,8,8,2
"ef9490e1-e4dc-4b64-9f08-60663a9fad07",TRUE,6,9,2
"1b158da5-e292-405e-9e7e-6a12239e1db8",TRUE,4,3,2
"f070f7d8-c6c6-4e6a-8abf-d9d198ed1e5a",TRUE,8,2,2
"051ea6ea-68af-477b-92ed-ce2913666589",TRUE,4,2,2
"c6716afb-4f56-4030-9bca-b8961650c396",TRUE,3,1,2
"4a01d51a-afbb-4d7a-b6ef-3e765455212f",TRUE,5,9,2
"5b9a45fe-91ae-41b2-ad1c-dbac16dbfa39",TRUE,4,8,2
"760b4bbf-6b88-44d1-85b4-0965c783139a",TRUE,4,2,2
"a9adbe45-579a-4c6d-85da-11160e8a93f7",TRUE,5,9,2
"0f39f2fa-20c0-41bb-9524-34bac49b8c38",TRUE,5,3,2
"fa44809c-1ac9-465b-a9d3-eb55144bb333",TRUE,5,9,2
"8b3b951f-39d2-49e4-aa24-c6682ecf9aba",TRUE,1,2,2
"dfdfc484-01af-4583-a0dd-53b20c459140",TRUE,4,7,2
"2dc9547d-aca9-4d51-810d-561d82e0213b",TRUE,1,2,2
"2c7da2dc-62fa-48d7-ab02-37c57a7b45ae",TRUE,5,8,2
"97202468-2e9c-4048-8deb-208cc4c7bb81",TRUE,8,8,2
"017cb947-a36e-481c-89d3-0f066aac6075",TRUE,1,2,2
"f00fc0af-2e66-483b-8372-962b0ee4405c",TRUE,8,8,2
"e8cac574-1a50-43ef-9451-a6c4e88bc902",TRUE,1,2,2
"24ca7c4e-d50e-4533-9d13-ce9f0599207f",TRUE,8,8,2
"5bbd6689-a75f-43a7-90fb-8fe80d9fe85a",TRUE,5,1,2
"43a0d841-f386-44ae-bbf8-6eac97fe9867",TRUE,5,9,2
"bd682324-f9c3-4f16-844d-6f4a5fefe9f2",TRUE,4,2,2
"c031dbd0-3fd9-4e69-8656-636cc2e75d9e",TRUE,1,7,2
"99b55d11-67f2-4963-9082-b70237af2a48",TRUE,4,7,2
"cd22dba1-7e77-4d6a-bcde-1dff677b6083",TRUE,4,2,2
"2fec3728-6602-4379-b1c5-951d9b84ca37",TRUE,4,5,2
"d46fb510-c2f4-411a-80db-55bcc13ede52",TRUE,4,7,2
"bd6a89e3-b07e-474a-aa5a-355cc6d31521",TRUE,1,6,2
"49066942-1e88-49ab-b358-62771abb5ff6",TRUE,1,6,2
"b08c2678-81af-407f-b576-efa7928abbdf",TRUE,1,2,2
"22e88ce3-e82c-421e-94c6-9d2773ce92d6",TRUE,8,8,2
"f3d5e8f0-eae4-4c40-ad40-c14a9eac9ab5",TRUE,5,9,2
"bc43096c-e615-479e-bd48-20f11d78b9cc",TRUE,8,8,2
"6a3221ea-16f9-45e0-a6d3-a67502e2f03e",TRUE,4,4,2
"50b7fd32-3fe8-4e86-aba3-4428d34a9b6b",TRUE,4,4,2
"d49d2355-7cff-4e4e-959f-f59e926a43f9",TRUE,8,8,2
"cbdd0642-1565-4a9c-a83c-ea9a642df54b",TRUE,8,8,2
"aad06fde-48d5-4f4f-8c96-19dedae6d9d1",TRUE,4,7,2
"0f65d45c-aad5-4154-83e6-baddb5840925",TRUE,1,3,2
"7b447788-6370-44db-a9cc-09405cf96029",TRUE,4,7,2
"56f25dd2-c49d-4e8c-82d3-0def3481838f",TRUE,4,5,2
"57516667-e4da-4b20-b7ac-2ba162bba4ef",TRUE,7,6,2
"6373f6ed-a96c-42c8-8340-3b30711f1268",TRUE,4,7,2
"14fe2ba3-47dd-47f0-a647-9d2f6a51621f",TRUE,7,6,2
"c5cf76ac-ca85-4af3-bd0f-fb9e80230022",TRUE,3,2,2
"c92866d8-2030-4a77-886c-e5e2fda580b1",TRUE,1,2,2
"477fd236-e481-4b9c-a820-e5b1f3351eae",TRUE,4,2,2
"49d011c2-d32f-4455-b4e6-266dbc16d705",TRUE,1,2,2
"1ee2cac1-63dc-40be-8af3-6d6db0085c0c",TRUE,1,2,2
"d59a60f2-8805-44d3-9fff-3d1bd8050cb8",TRUE,5,4,2
"30231a45-7a25-4fad-a51f-6edd3fc53c89",TRUE,4,2,2
"5c52798a-f360-42d4-81ab-371ab7701f9b",TRUE,4,3,2
"e3036818-624f-455c-a52b-d5b8fb4214ae",TRUE,1,8,2
"ac44825c-6d82-46c1-8048-eb81eecfbc02",TRUE,7,6,2
"a5d2ccb6-47ce-4727-88d6-066f98b5e968",TRUE,8,8,2
"878eea1f-ee9a-48a1-9240-5f569a6d7db1",TRUE,5,9,2
"42c273a0-3925-408b-9ac1-972813647df3",TRUE,5,3,2
"4259e1b6-e10e-47ff-83e5-27ad441b7142",TRUE,5,9,2
"c77ae844-0097-4da8-8d1c-da3531f02f03",TRUE,4,1,2
"0235b749-a322-424a-9a59-fb4df13917b0",TRUE,3,1,2
"5496976c-7a42-4073-88d4-bfa95232bbf9",TRUE,6,4,2
"1f7bbe16-e64d-477c-b2ba-5fe5d275f928",TRUE,3,1,2
"a8ceb88c-f62a-4425-a31a-4b3f805fa9d1",TRUE,6,9,2
"789f3798-2644-47a5-9533-4f00aa355241",TRUE,3,1,2
"50e57dd7-7d90-41d2-b7d8-31bddc65429c",TRUE,5,5,2
"62babcfa-2f7a-4e26-92c2-b4f089b0f149",TRUE,4,7,2
"e2c5d74f-8a8e-432b-a34e-a75458719649",TRUE,1,2,2
"1855615f-8a99-45da-9495-53bad850c59e",TRUE,1,2,2
"9154a004-8ec1-4e54-9e37-6ad9373cf873",TRUE,8,8,2
"c1494eb8-5d92-4a65-8eb0-946d53d1de2f",TRUE,3,1,2
"f7c218fa-320d-4b79-8133-5ab2e586026b",TRUE,8,8,2
"719bca60-c9ed-427f-ae75-9fa601e6b384",TRUE,8,8,2
"edd483e0-551d-4e3a-84b5-ced65e1807c2",TRUE,1,2,2
"e8b7ace4-7358-48ce-8e0b-2180243b8d00",TRUE,4,2,2
"482cea21-128e-4026-b07f-84fb18269f20",TRUE,6,9,2
"6f9251f2-03a6-4a82-b4a3-79730ba3a3c7",TRUE,5,3,2
"63546c59-4e60-4c01-aa49-dd0ea6777269",TRUE,5,3,2
"cae9cc6c-4b1b-4424-8be9-08a11fd0981f",TRUE,5,9,2
"fccd2c40-b6a6-4081-b5a5-a091501aa8e1",TRUE,4,7,2
"bafb6b69-c26d-45f1-be68-3a7e435883ad",TRUE,5,6,2
"8045aa3d-ee62-49e3-8a74-8c3a3b2201b7",TRUE,8,8,2
"4ec4fff7-a276-463b-a4e6-88fccc4f80bd",TRUE,1,2,2
"485d6203-e0a0-433b-a610-67435d6f4071",TRUE,8,8,2
"bca93d9b-75f4-4ec0-8b0b-e952b54279a0",TRUE,5,3,2
"1304ae73-f939-4009-9873-826ac8132f25",TRUE,5,9,2
"cfca2439-21d9-4d9a-b3ee-59b68637e7c1",TRUE,5,9,2
"9653f8c7-619b-4959-b54c-d4af1475af94",TRUE,7,6,2
"403a61fc-5bd0-4e27-9316-fe207f903378",TRUE,4,6,2
"11f60558-80a6-4af5-9037-a7697e72c8e1",TRUE,1,7,2
"4ea533f2-4c1c-4433-b837-bf35dab3677b",TRUE,4,7,2
"daa4b43b-339d-4f1a-89a5-513cc7258a7d",TRUE,6,9,2
"7f5a2f31-5e96-492e-9bbf-14f3765ca267",TRUE,8,8,2
"859a542e-6275-41e0-91b5-789f5f72aa35",TRUE,4,1,2
"7e523e6c-cfd7-41eb-acc4-d9798e479dc2",TRUE,1,2,2
"681f995d-f9c0-4da0-9e0b-779300cee8fd",TRUE,8,6,2
"df374322-b0a1-42e2-858e-f2c94427fa10",TRUE,1,2,2
"3183ebe4-a093-428b-9274-e0e626c3e128",TRUE,4,8,2
"248aa208-e66a-47dd-aa5a-df31780271fe",TRUE,4,7,2
"fb94bd64-e930-49c5-82bd-f14573c4531a",TRUE,8,8,2
"5a7e22cc-2115-40e9-8ef7-de82f4cdee7f",TRUE,1,4,2
"f891200b-1246-488c-850c-045e4da450c1",TRUE,8,8,2
"81c68bbb-fce2-4c4d-90d0-caf66a2a8db3",TRUE,8,8,2
"b9a3e4c4-fc90-49ce-8cc6-7278472d16d6",TRUE,5,9,2
"0ed3a41c-b344-497a-9ac1-f183bd4250e0",TRUE,1,2,2
"31628bfd-5481-4e4e-8c40-c893955710ba",TRUE,8,2,2
"04c0164e-adab-4294-8b6e-29fd84739c9a",TRUE,1,2,2
"039d7225-4a5f-456c-b48f-443598b8d45f",TRUE,1,2,2
"ff9be028-a49a-40a1-ac15-c5114ca0d8a4",TRUE,8,8,2
"e61a9446-776c-4cf5-abd9-374c42c36a00",TRUE,6,9,2
"1ddfbf8a-5cf7-4196-a964-ee86e76e0334",TRUE,8,8,2
"4d7d061c-e77c-437b-b828-423637a9b99a",TRUE,3,3,2
"f1f29688-75b0-41be-b372-dff4437d2b8c",TRUE,3,7,2
"90fdf2e4-1051-4500-a6e7-2f3b16de21a1",TRUE,3,5,2
"79aa4b99-4542-4c8c-b2e1-f3d2ec15188c",TRUE,5,5,2
"1dd603a9-c983-4a4d-bce4-d2c0ba732b87",TRUE,5,5,2
"9ce99c2b-e569-4166-83d4-bd8473d2d918",TRUE,6,9,2
"d7115b44-ef45-4e3d-aeb0-b96c9c794e5c",TRUE,3,2,2
"4335a88a-6293-4020-95b3-13ba8d8b28ff",TRUE,5,6,2
"8dad036d-fe68-44ab-8505-f745513aaaef",TRUE,4,7,2
"fd0ab62f-ba0d-45d6-a415-0e83fe0c2975",TRUE,2,6,2
"8e04d52f-7420-4271-95b4-40a128490df5",TRUE,8,8,2
"5f5f3bd1-7e4d-4eeb-8d11-3730aaa6b5f3",TRUE,7,8,2
"44aa322e-3d5b-41b0-8569-a37e47e5b814",TRUE,1,7,2
"be5cdc63-11da-4cb0-b611-9cc9c945469a",TRUE,5,4,2
"f14f66a8-f4f3-4070-8898-fce754c68cd3",TRUE,3,1,2
"8a51c57f-e715-4ebe-acbb-c5207a5da323",TRUE,1,2,2
"b708df25-95fd-4d10-91a7-1bb2df3c8057",TRUE,5,3,2
"f5b29a78-fb9f-4f8b-8bfd-f6d261b84f4a",TRUE,3,1,2
"129338a0-f4a0-4b16-a50c-a49fb16d77a1",TRUE,4,7,2
"f27d5cb3-aebb-4a75-ac7a-b4d7a7f3081e",TRUE,6,9,2
"fea2706b-13f0-4e2d-ad46-4315f094c8b9",TRUE,6,9,2
"d32ffdd0-e671-4fb6-a4e2-10dadb5372de",TRUE,5,6,2
"199ae9a4-ef77-4050-9451-1967c6cdd53d",TRUE,5,9,2
"f0004a7b-3558-4681-b2cc-d0bc18fb1c6d",TRUE,4,2,2
"77369607-52cb-4035-ac2c-9baa3f9a3368",TRUE,5,9,2
"da078793-0903-48ed-ad98-231f1e5f6b9e",TRUE,8,8,2
"a6990962-0520-4ce8-a7a0-6b817a5b0169",TRUE,8,8,2
"d28ed6f6-8079-465d-b3db-892ca42bd9bf",TRUE,3,1,2
"b21e2818-cca6-496c-8e3f-6deb5e697246",TRUE,5,4,2
"6e0eb398-85d3-455f-80bd-5591986c42b1",TRUE,5,4,2
"ed7bb449-b9d1-4edc-8e7b-a6ebe5389559",TRUE,8,1,2
"730d49a8-4812-45b5-98a1-ac256161e4c8",TRUE,5,9,2
"6efd04dd-5a31-45d2-848c-bb3631e818cb",TRUE,5,7,2
"c19b7903-ecba-4dab-ac0a-ab9cb61f4ba7",TRUE,8,8,2
"f714da37-58cb-4078-8211-1ffa6bfe6579",TRUE,1,8,2
"5347e226-2498-4463-925e-233fc1b7fa44",TRUE,3,2,2
"9c77180a-84e2-4429-b03b-d72089856815",TRUE,3,9,2
"521ee377-3d1f-4875-a5a7-ec6f27d37f60",TRUE,5,9,2
"b76ca814-a77f-4e33-9039-e331c365bef6",TRUE,8,8,2
"0a6e4a54-ff98-406b-84ae-f81544e15be6",TRUE,5,1,2
"6fc78edc-a070-40ef-a701-096b7116e017",TRUE,1,2,2
"fbcf96bb-668f-47c6-8888-98189e10fda3",TRUE,7,2,2
"43712b03-8d29-40ea-a648-adc11f5a3eb1",TRUE,7,8,2
"aa2d5e92-8f82-4a11-89fa-99ea54a19888",TRUE,3,9,2
"c42e3868-5c9c-4d02-b957-ce0048e08ee1",TRUE,3,3,2
"8bee5c33-fa03-4140-8935-a988133b81bc",TRUE,1,2,2
"eebb736e-b865-4d79-bb3d-ba8be2c8249e",TRUE,1,2,2
"50a572dd-72e1-4fd3-9e76-5762a798a550",TRUE,6,9,2
"657dfe2a-8b80-4689-ba4a-92644827a22f",TRUE,3,1,2
"25b4f7d2-1d05-4ada-b1e2-087776082ce9",TRUE,3,1,2
"67f63eda-a3e1-4db5-9fe4-7ffff1ce8bf3",TRUE,3,1,2
"070e5570-5d96-4191-960b-665d05ae57a0",TRUE,4,6,2
"3d742995-4dfc-4397-b36c-7a1e9b52a16f",TRUE,3,1,2
"e9c3c186-ca38-4b62-a59d-fad6d0f4678c",TRUE,4,6,2
"c4cdd601-4bf3-400f-9cb4-dda9f76940da",TRUE,4,7,2
"b89bdcd4-3efc-4d99-82ff-ecd4501b3dbe",TRUE,1,2,2
"3d3711d4-e11b-4ee9-a3f9-07a7baab0cca",TRUE,7,6,2
"18c87b8d-c831-47c1-ba52-dafaf8c26f37",TRUE,8,8,2
"141099b0-5a29-403c-b5f8-9f4e340e954c",TRUE,3,3,2
"ce448801-8273-4283-b998-701f4db45f78",TRUE,4,2,2
"1a2099e6-4cb8-4ba1-9925-3b1d7ec1a0a8",TRUE,6,9,2
"45ff3e41-1a40-454b-8ce4-ff69ac5f74c7",TRUE,4,7,2
"47f13719-513e-4aa5-8818-5fe5fe2a59c6",TRUE,1,2,2
"88586895-eda2-4320-a18a-6a63d1aa0946",TRUE,5,5,2
"ab3fd4c5-43be-4683-8adc-786952156c21",TRUE,1,2,2
"e3a0f4da-bc22-40ac-bd0a-2e74d5a3d3c9",TRUE,7,1,2
"d5f509f6-4824-41c6-8dc1-5c13d9dd5a95",TRUE,5,7,2
"ed334caa-e454-471c-b514-c175d378ec0f",TRUE,5,5,2
"0aa4f2cb-29bb-4b1c-9379-8d8aeb194221",TRUE,4,7,2
"a613c197-d304-4b04-9e3e-9562bba077bc",TRUE,3,1,2
"8ba79fe1-8be0-4d80-b0c8-426f86ebebaa",TRUE,1,2,2
"3c452263-f9b1-4db1-b680-bf233bd70fee",TRUE,8,8,2
"f68fdca3-a144-4ed6-9d71-41d2d0f25a4f",TRUE,5,5,2
"2982cfba-2073-4104-982b-4e59ea1a9078",TRUE,5,7,2
"9a8e2cde-66c2-4870-a309-5b5ff813f93d",TRUE,1,2,2
"6cbb8c4c-242d-4f11-80d5-d90ee0e2d55a",TRUE,4,3,2
"5f03f7e0-4c55-4e46-b08e-b413ce87fcb8",TRUE,1,2,2
"89ed190c-0afa-400f-add5-fab58ccc6a7e",TRUE,4,2,2
"50a7e685-a896-400f-acd4-f41df9e3c480",TRUE,5,5,2
"2c52ff8a-6e29-46bd-8cfb-e84afff3026a",TRUE,5,9,2
"67bb65ea-c630-4644-9906-6aab0dcb0362",TRUE,5,5,2
"89b6c5ae-203a-4c34-9734-9a37211f7945",TRUE,1,6,2
"8507573f-8488-4355-89cf-2997dcc15c73",TRUE,3,3,2
"e39c6ac8-d61c-4c02-8ac9-426c52b3d2a9",TRUE,5,7,2
"af171207-9573-465d-9c49-8b8329d18d61",TRUE,3,4,2
"2e63b058-6886-4514-ba0e-d0bef83d18b0",TRUE,5,5,2
"95f0317e-b31a-48df-a15f-d78bad240832",TRUE,7,6,2
"04db5d4a-e5ee-4af1-a4db-fafe905cbb43",TRUE,1,2,2
"e79e5e82-dfab-4217-bf52-297b5ee0a6c9",TRUE,2,7,2
"0dbaf3f5-0358-4412-b612-9a0140a6f515",TRUE,4,7,2
"106cfc1e-cd7d-415e-9721-a7b07a09a82c",TRUE,4,7,2
"63df5ae2-9590-49bf-9388-0d65024b753d",TRUE,8,8,2
"8ba75fe8-f55b-4f05-a1ca-dcbbd72272e1",TRUE,1,8,2
"2786f887-499c-46db-8ece-f9af9ae7a0c5",TRUE,5,1,2
"3f2b2c9b-845a-46bc-8bb0-a578b245c90f",TRUE,3,1,2
"a954bc23-c47a-4ee0-a9e0-c48a022f633c",TRUE,5,4,2
"7e18abdd-4c3f-4096-abee-41cbe6abaf15",TRUE,1,2,2
"c1e44930-8101-4c27-a789-f52cf539b9b2",TRUE,4,2,2
"f9aad415-75b8-4e82-a246-11925f4e90d9",TRUE,5,7,2
"b2d8e906-0246-474c-b6c1-e5b2811ccec7",TRUE,5,9,2
"c8981436-663b-4bff-8113-d4edb21b7287",TRUE,3,6,2
"a0a6147e-2c99-44d6-97ab-cb2730720349",TRUE,7,6,2
"5cc98715-5745-45b1-99ec-cc8ae16afd7b",TRUE,1,2,2
"ef404427-2d26-49df-94a9-a454e5d45f3c",TRUE,4,4,2
"1a5cb1cc-f519-4482-8727-c88c35fdb4c9",TRUE,6,9,2
"df96e2c7-27d4-41b5-9668-71db485f8c8f",TRUE,8,8,2
"494a3b48-874c-4116-91de-6ff8274ab5cc",TRUE,3,1,2
"164127bf-a4c2-4574-bb62-4d6cef43219c",TRUE,8,2,2
"c48ec5aa-0b71-439c-ad88-bca2d68d1437",TRUE,1,2,2
"dad66d28-f503-4dd3-b026-c6f9c53eca2a",TRUE,6,9,2
"1b48c4fe-9ebe-4314-a9ad-4d630027a4a5",TRUE,5,4,2
"894fe04e-17a6-4323-9d0d-663cd81a6cfc",TRUE,1,2,2
"326c71ef-c42f-4e64-9aa8-bf8e31a8c1a1",TRUE,1,2,2
"57e8b598-ecd9-4dfd-8355-28201e853250",TRUE,5,9,2
"afb85bdf-0b00-45ff-ab2a-b2f57ed27fe3",TRUE,1,7,2
"e04aa5e6-6537-44eb-b2f4-3d7a8e44f991",TRUE,7,6,2
"afbf19be-d8f5-427d-8821-a4c1b3956861",TRUE,8,8,2
"51738960-c9b2-4d0b-8429-7fa678deaef8",TRUE,5,9,2
"adab9d74-016d-4ac1-8df9-26692801ac36",TRUE,8,8,2
"ef23c7f4-2357-4b1b-b3b9-8ebfad42e2ea",TRUE,4,1,2
"822b159e-bd19-43a7-b832-d50816875326",TRUE,5,3,2
"52d0df28-c126-45e8-a795-5096a583bdc8",TRUE,3,1,2
"62fbc79a-ef09-487c-88a4-d6c4e8782341",TRUE,6,9,2
"297d93b2-eb15-493a-84f9-030d7186b41e",TRUE,4,2,2
"37b9b9b1-9cde-4d19-bbdb-8e1eaadf70c6",TRUE,4,3,2
"4eecaec4-4056-4aaf-8847-08482cda60ac",TRUE,8,1,2
"0f9c33d4-94ec-4b49-8da8-bec1dbcab1d1",TRUE,5,3,2
"b78e6cfb-4ed1-4f92-8067-8f061f926230",TRUE,4,7,2
"a683000e-401f-408f-8d85-8e68130a65cd",TRUE,8,8,2
"bd9109b2-0c42-49d9-ac6e-5eee59a8b19f",TRUE,4,1,2
"c8211e97-f0d6-4d50-8392-d078185e3cc0",TRUE,4,2,2
"d85534e7-cf13-4fd3-a549-e901d4dd2d7d",TRUE,1,2,2
"969285fc-b85f-4128-b199-185788db4874",TRUE,3,3,2
"7fcb8df6-81e1-4b64-9614-aa1053c47fcf",TRUE,5,4,2
"5c7b9f5d-3882-4f45-8f43-b4b171c561c1",TRUE,3,1,2
"ec917766-ce32-4abf-9290-86b3dfd62549",TRUE,4,7,2
"9702dbbd-2229-42d7-9369-a2857cce8d7b",TRUE,8,8,2
"e49c7caa-d155-4ff1-92bd-5c26feba2f85",TRUE,3,1,2
"330aea37-c2b6-4602-9551-5943324e2c93",TRUE,1,2,2
"a31c943f-340c-44c0-a9cc-2cd18c4068fd",TRUE,4,7,2
"4adb3808-21c7-4c3f-8267-2691afacf6e9",TRUE,5,1,2
"fc11a705-0ecf-4a41-81f3-8bbc6a358123",TRUE,5,9,2
"4e76a816-3f33-4fc9-800a-fb761247e6db",TRUE,3,1,2
"7b8bbe56-e757-4e52-a459-b15b6e286f34",TRUE,3,1,2
"e768a498-485c-4c45-8c2c-90ff1d7b7586",TRUE,8,8,2
"e203d815-dcd4-4c58-9a77-dfd84bbca310",TRUE,1,2,2
"7209cd85-239b-440f-9f1a-fee0d12a3825",TRUE,3,1,2
"7f3d6064-920b-4aa1-b24e-cacdca2d4e23",TRUE,1,6,2
"04944e70-69e0-4b49-8d32-092de2926cff",TRUE,5,9,2
"af49b966-c3cf-492d-a9bf-be9b3e6dd1c5",TRUE,1,2,2
"737da14c-8be6-4125-ba33-81ee3dccfd38",TRUE,3,1,2
"738d4ee7-b2ae-4c52-becc-398891baf153",TRUE,4,7,2
"57b48047-5895-4727-986d-588e8b0947dd",TRUE,4,1,2
"2572db5a-8706-499e-9d1f-f1e5b9221475",TRUE,5,5,2
"eb4d18bf-79a3-4f02-9269-947fe5cd42b9",TRUE,5,5,2
"72d71d03-0ad5-452b-b4b7-b8d71ba5e2d9",FALSE,NA,NA,NA
"7c2407fa-d77e-43aa-84d0-6e94e8e30025",TRUE,8,9,2
"ee692ffc-bd8f-430f-a898-2159005f6d0c",TRUE,4,2,2
"70bd21f2-03f6-4ebf-a248-4439c90bd4e2",TRUE,8,2,2
"1da0af72-6dd5-489d-b08b-44139330d75a",TRUE,1,2,2
"d6217d24-b9b8-41e5-b3e5-a70485f81963",TRUE,8,8,2
"ba6564ff-ec42-4943-8d77-7f906ae04982",TRUE,5,9,2
"82c326c5-b25c-434f-9385-796c51be84bf",TRUE,5,3,2
"63969e3a-1759-4453-b15b-7ab62cd78653",TRUE,6,6,2
"6cee5bfe-7e92-41d0-a0c0-bd4f3271afa6",TRUE,4,3,2
"edf5a4ee-9e06-48f2-8c91-9e00f5315b7a",TRUE,4,3,2
"729eb593-2b19-41af-b4bf-5b058591fb05",TRUE,1,2,2
"4ce03826-8d96-4e2e-98f9-b118b9aa76af",TRUE,3,1,2
"ec666749-3f00-41a4-b6a5-2c855cbef540",TRUE,4,2,2
"0815fc73-41e6-4b1f-a35e-9811c7ff7d24",TRUE,8,8,2
"34b3133a-0ea1-4aba-b3ab-0d23c15b1288",TRUE,5,4,2
"412eb6c1-258a-4321-bf6f-415714727063",TRUE,6,9,2
"3782b9ce-e922-4c5f-afe0-8d9e146356b5",TRUE,1,2,2
"063972dd-8751-4530-bebd-34f5f803bd03",TRUE,8,8,2
"db224641-c03c-44f3-b037-955d493dc5bd",TRUE,5,9,2
"214dd22b-96ec-45e3-a4c6-eb71c5c66f61",TRUE,5,3,2
"c5678fa1-fd59-4b39-bc8d-ad636fe999b6",TRUE,3,2,2
"3b10ff6d-ecf7-42ad-9cf4-8510b1afd986",TRUE,1,2,2
"6f179afe-2deb-4714-9141-5b7750d06b12",TRUE,7,8,2
"4980bff0-8a4a-48d5-94c1-0350d5c52edb",TRUE,1,2,2
"8c707f90-623d-4ac5-8090-227c56cb6ae5",TRUE,4,4,2
"375e4fb1-a54e-45e0-953b-f17053b17ee8",TRUE,5,9,2
"50d1eaf0-ca07-4897-a254-66d84440967a",TRUE,3,1,2
"8f37c596-1e90-4805-bbd0-96ce54220483",TRUE,5,4,2
"10b8b477-4236-44a3-af40-ec59468043c5",TRUE,5,9,2
"2e86d1b0-c982-4da3-a163-36e58348fecb",TRUE,5,3,2
"01a10bcb-0f99-4872-976c-563cb4086ccf",TRUE,8,8,2
"6a00f396-2d66-4491-be4e-23dd652455c3",TRUE,4,1,2
"0af46e1c-f440-4b1c-b166-9c1e5984c7e3",TRUE,3,2,2
"2395a33c-614d-4847-9948-059012ae661d",TRUE,4,3,2
"c3af9e3d-1d83-41ac-8257-7469ca674e0e",TRUE,5,4,2
"10d2622a-1610-4b43-9b16-5b960dda51eb",TRUE,1,2,2
"b2e76de8-a512-4c48-a967-9a5c69ab5453",TRUE,1,7,2
"022a7494-77e0-4272-80e7-7b98ab202e4a",TRUE,4,7,2
"eab95d9f-b49f-457e-8bd5-36386814a7e6",TRUE,8,2,2
"39c7c81f-6f37-41a4-813f-382640d22dc1",TRUE,8,2,2
"02af2cd8-0f57-4f18-b61c-690a982c6415",TRUE,6,9,2
"bb33e2a6-9dbf-4526-b760-2f1ecb3a192e",TRUE,4,2,2
"378d71f1-bafd-4b6e-8ab0-f34235eae415",TRUE,7,6,2
"43fdd411-3283-47e6-b06c-d8fe6076600f",TRUE,1,2,2
"13dd5f4c-0652-4dcf-803c-6451f8c6fa5d",TRUE,5,9,2
"252765dc-0298-4915-b3a2-993d3b2185f9",TRUE,4,7,2
"d64aa974-9b7b-4a25-a4fa-001a53d04720",TRUE,3,1,2
"af900681-ee71-4ef6-a1a3-fb75657edb92",TRUE,1,2,2
"1fe621ae-2c1c-44a7-8046-f9dd031e01de",TRUE,5,3,2
"718105c1-be91-405f-af0c-6d1adf09f011",TRUE,4,4,2
"681a1bb6-b576-440a-a11a-1faab95d1e2b",TRUE,5,9,2
"777476cc-3fee-455e-9102-2d924fe063be",TRUE,3,3,2
"3e991f65-6353-4c70-b21f-7b95ae3905c3",TRUE,3,7,2
"a184c996-ceda-4081-9015-a78a813c9d85",TRUE,7,6,2
"b327e9e8-1c8e-486b-bdcc-9a67fa91af60",TRUE,4,7,2
"a5a28b33-591f-4c67-b3a4-c062f2cbc18c",TRUE,1,2,2
"d1e7f794-6bb7-4db4-8622-5708fdc97502",TRUE,1,2,2
"71c5dc8d-2340-4a59-9659-e1afd25b5780",TRUE,3,1,2
"89d0f1ad-e421-42ac-98fa-305560449a58",TRUE,3,3,2
"d1e32125-664c-4093-9715-98f21c5f5cac",TRUE,1,2,2
"ff60ae0e-206d-4962-9953-c412b9c241ab",TRUE,3,1,2
"47bef5ce-cfb4-4000-adde-a0a72f68d46a",TRUE,3,2,2
"444f9acf-3108-4eeb-beee-01e290171d5a",TRUE,4,2,2
"f5946ace-42fa-4574-ba85-1ac61ab2c849",TRUE,3,1,2
"6d74940e-ce39-42aa-b68c-a5d7407ffada",TRUE,8,8,2
"263e95c8-5a0b-42c9-ba02-0b64a7a9bd41",TRUE,6,6,2
"8525cb71-b321-4d2e-b6ec-de17c7ef7a2f",TRUE,1,2,2
"884ccaa3-7333-4bd9-9d45-2ff74b4d7982",TRUE,1,1,2
"18a1a560-75ca-47f6-8f60-ad69bf4cd54d",TRUE,5,1,2
"f653e221-1834-4756-ba79-6de43031523e",TRUE,7,1,2
"20acc7ef-99c1-49ee-9ef6-5d55a14d6867",TRUE,5,5,2
"0a9decd2-f65e-43fa-8a6c-51a96c9669c9",TRUE,3,1,2
"5c973d8c-27eb-45b2-9006-9072fb3c5d4e",TRUE,1,6,2
"394fe85d-484a-4aa0-8eb1-aab8600fc345",TRUE,4,7,2
"bcaeac5a-dc18-41c1-9605-4e2726209826",TRUE,8,8,2
"bd0f5bbf-1f1f-48e9-954e-9c7aadbba810",TRUE,3,1,2
"0284a9d1-b048-436d-b54a-fa50d09e5912",TRUE,4,5,2
"7015d0e7-21d4-42c7-8224-b93691657079",TRUE,5,3,2
"25d61a00-c9b8-4ae6-a659-b2235ad57fd8",TRUE,8,8,2
"66836c33-6c9a-4b10-b63b-c1cb84118aa2",TRUE,7,6,2
"162a493b-427c-4290-a194-4170c9530f80",TRUE,3,5,2
"71f3770d-e3c6-4c02-8248-74a37650732e",TRUE,1,6,2
"342c35cd-245e-4368-9007-bb0f83da7a7e",TRUE,1,6,2
"342c35cd-245e-4368-9007-bb0f83da7a7e",TRUE,1,6,2
"0676613c-1056-46b4-8f73-4eae1d0d548b",TRUE,3,1,2
"cd85644c-9d5b-4912-854e-9dcf128ed745",TRUE,3,1,2
"45ed55f9-1acb-49d2-a564-ba3f52247d55",TRUE,8,8,2
"bdb539fc-4b60-46d7-a388-e0c9a4d6e92b",TRUE,8,2,2
"3e6b1c6e-f265-4851-bd06-50636d281097",TRUE,3,1,2
"cecc19b5-a942-49ad-b19b-e6754707a90a",TRUE,3,1,2
"fe17a569-b7b7-4b85-a30f-88c62515a733",TRUE,4,7,2
"63459d73-33ca-450a-b768-214252e11ae0",TRUE,6,9,2
"24031cac-936d-48d7-bf3e-e0d9262e391b",TRUE,3,2,2
"247ab444-2b59-4fe7-a6d6-59034e9c598d",TRUE,3,8,2
"a0b0784a-04e1-4085-b69f-357fd6bb0477",TRUE,5,3,2
"9734703c-01d8-40dc-9765-f6f2741bd043",TRUE,5,9,2
"151c4e43-0f75-4015-a9a0-042c0f3e2a48",TRUE,3,2,2
"5eb6c50d-486a-408e-b0fd-194e2e17fc75",TRUE,3,3,2
"563ad7b7-2104-47b3-ab55-9c749dbe57e3",TRUE,3,1,2
"4ca7c4bd-2a64-4683-89e7-f6a2c644b487",TRUE,3,2,2
"38802583-fed8-4d77-a33e-3f1294274b0c",TRUE,1,2,2
"5088b300-97e9-4b1f-818e-59f122a91a2b",TRUE,5,4,2
"19c9666f-1339-421e-883a-3e0f063b0cec",TRUE,3,1,2
"84c852f3-d5ec-44b6-ad65-56504a50bc4e",TRUE,5,3,2
"c3f42621-032e-4759-ac28-f6a33a4ba9eb",TRUE,1,2,2
"62f7b23b-6a25-418a-b237-b55ddacbd504",TRUE,8,8,2
"00df08c3-a48e-4ed8-9ba4-87efb1caf550",TRUE,3,9,2
"b8cfdeb5-733a-4fd5-947a-46b950c8bbca",TRUE,8,8,2
"73148595-ea1e-4caf-8ffb-c88e2f8bd787",TRUE,3,1,2
"169718c0-70b6-46f5-9b8b-6dbda8aded14",TRUE,8,8,2
"62800b2e-81af-43dc-9738-06862e5dbf37",TRUE,4,2,2
"e93753e5-7fbe-4dc8-bf7d-d2d9c77ee65c",TRUE,4,1,2
"3164899b-2b29-4d74-8f9d-56ec715dc2ad",TRUE,7,6,2
"e8ccd424-76bb-4523-ac7d-b76e244acad7",TRUE,4,7,2
"9814e2fc-fa95-41b4-bf43-1e17ecbcf3dc",TRUE,5,9,2
"9bb39ea8-e312-4e8a-a407-736be85b35c8",TRUE,8,6,2
"9a19dc98-cf82-40e5-a1fa-f711308715d5",TRUE,1,2,2
"cd38a66f-a46e-4a77-a11e-f9c383967691",TRUE,1,2,2
"e9e562d8-b533-4f43-845c-735defc4fe47",TRUE,3,1,2
"38674b1a-579c-403d-b74f-338b958352e8",TRUE,5,3,2
"1be7ad6c-1e64-4ffc-aa0b-dbaeea539ab9",TRUE,4,2,2
"66c16d2f-86d9-45ae-bc21-d6b5b0a16746",TRUE,4,7,2
"fcd64c83-7465-41ee-80a5-06a11b7a1ccd",TRUE,8,8,2
"fcd64c83-7465-41ee-80a5-06a11b7a1ccd",TRUE,8,8,2
"9d79e0cd-9852-4a78-84bc-bf8fdbddbf3e",TRUE,5,5,2
"09584ca7-fe7e-47ca-a4fc-cf12f8bbb63a",TRUE,5,4,2
"d5a30028-99b6-4490-b634-240bd653a8e8",TRUE,4,1,2
"94f46a41-bc06-42f0-b55c-73602820163c",TRUE,4,7,2
"17237f5a-7ba4-413b-b1f7-20a7dce843ff",TRUE,1,2,2
"df3acaf8-75ff-4165-95fa-af6511292774",TRUE,5,9,2
"5bf6e39d-684e-482b-a347-a19dfb53782d",TRUE,3,1,2
"249f63db-f2fe-4c66-bad1-c6123e91fea9",TRUE,3,2,2
"41504610-1e05-4e16-bdf9-0c77fc08c9b6",TRUE,7,8,2
"1d7dab07-cc37-4b7f-a3a5-8ee6f7df430a",TRUE,8,8,2
"73a4099a-e166-4ef3-b3ab-7f6717bc2744",TRUE,8,8,2
"64830af9-a6ad-4283-a9dc-56c8c1e817e5",TRUE,8,8,2
"bd1b59fc-6007-438a-adf2-73ba6d96c0a5",TRUE,4,3,2
"4869f530-7b24-4c14-a435-f282eab46018",TRUE,4,4,2
"bc928662-b8a7-4982-a1de-59822239eaf2",TRUE,4,8,2
"edd85a25-4aa4-40fb-aa64-2e9cd498a6dd",TRUE,4,6,2
"ab053a86-632d-4526-9a86-8293b90ae6ab",TRUE,5,9,2
"63295d98-404e-430e-a2a8-6121db285f04",TRUE,5,6,2
"e6e24394-b187-40a0-96bf-8b80f2ed0b7a",TRUE,1,8,2
"3405157b-3c4e-4e18-b85c-32a120519304",TRUE,4,7,2
"6d2ada5d-988e-4586-8ab1-7e4dc7ddbc0b",TRUE,3,8,2
"3b35506b-df1c-4c50-be08-8691feb0712f",TRUE,8,8,2
"12564b92-f992-45ed-8ce7-f540663af0c1",TRUE,5,9,2
"b88130ac-c02d-440f-997f-1e705d72d212",TRUE,5,9,2
"c0a98ab0-c0fc-4862-93f3-c45438b53d0e",TRUE,4,2,2
"ff106fb3-f198-47ac-9852-8d6a8e11eb92",TRUE,3,1,2
"9d8c0a35-f4af-4df7-9849-ca8d263bb2b8",TRUE,8,8,2
"e71555fb-2ec7-4148-8202-766643ebf121",TRUE,3,3,2
"11110b58-32e8-47e9-87e0-ab1416aa2edd",TRUE,3,1,2
"3074c658-98b0-4c20-9a75-d1784193ac07",TRUE,8,8,2
"6bd3b7fe-7742-4acc-8ea3-5c46c761595b",TRUE,4,2,2
"6d2e7e6a-d619-4a8b-b94f-7c23f9b88fba",TRUE,4,2,2
"97dc1ac4-c549-49f6-b84e-d99b3b12b8b9",TRUE,1,2,2
"f7e06a66-58f0-4b3c-97d7-34dabf9adde6",TRUE,4,7,2
"0fb256b9-d098-4c89-8bf6-2eacba5a59e4",TRUE,5,4,2
"f28c77d2-4a48-4b43-a6b3-c03fcd7e7a8c",TRUE,5,5,2
"ae3c3bbe-1d2c-4999-952f-f88e32fdf700",TRUE,5,5,2
"962efd16-70c5-4466-b123-97666d750218",TRUE,5,5,2
"b8bf9aea-3571-4d9e-a908-fe29bdb0200f",TRUE,4,2,2
"f0cb4ac8-9dbd-43c9-84bd-1dc5dc12148d",TRUE,1,7,2
"a397d401-0b80-4d13-8b35-55e36150520e",TRUE,3,1,2
"9cd1392d-ff97-47d2-8f07-d5e6eeefbd9a",TRUE,8,8,2
"0bd2f4c9-e444-47c9-ab81-d7a74f984ddc",TRUE,2,10,2
"219cec4f-5ff3-4082-8864-0cbc70521a56",TRUE,3,3,2
"053a9fe2-f186-4d7c-966a-7ecfb5c1e2c7",TRUE,5,4,2
"d4332e1a-d8b3-4e0e-a88a-376a89cd8aa6",TRUE,8,8,2
"6337a88c-57dc-4d4a-b98f-72e6504d1177",TRUE,5,4,2
"53cc953c-1352-4616-84c4-30da5724f2a6",TRUE,1,1,2
"de2d0ea1-e79a-4a5b-8afc-b5399df39648",TRUE,3,1,2
"1670a253-b9e7-40b5-a50c-0ed8693920da",TRUE,5,4,2
"7b96bc82-eb61-4e65-ac65-c8e496299a07",TRUE,3,1,2
"6f5ca177-45f5-48ea-b276-f2a6618e7c74",TRUE,1,2,2
"f43f655f-b075-4146-98a4-3bc8c5a8e175",TRUE,5,2,2
"72a07d09-b205-4290-a7bb-e79fee23df35",TRUE,3,1,2
"288947fe-5629-4131-975c-a16110df88f5",TRUE,5,6,2
"12de1bf4-9a99-45bb-99c1-8a4566a277bb",TRUE,4,2,2
"d6350916-824d-4e94-ad15-4e98207c5db3",TRUE,3,8,2
"e39805c8-8583-4081-b217-016d73716a70",TRUE,1,2,2
"f0eb6191-5d0f-4f1f-a693-cb680598d2e7",TRUE,4,8,2
"d8ac4fff-b3ca-4bb7-97e1-a4c230076853",TRUE,3,6,2
"3119e32e-ccc6-41f0-8f43-64b473f9d7ed",TRUE,5,5,2
"463db521-ad8e-46fb-9a2e-95f2f4f32059",TRUE,1,2,2
"3e495dcc-cf2f-4f0b-95de-b5edcc1098a1",TRUE,3,7,2
"49734e5c-44b0-4bf0-b0fc-20224e7968c1",TRUE,4,2,2
"83442991-36cd-40c4-9a4e-52209c051296",TRUE,1,2,2
"5ac4ebd1-8a10-465b-ac0d-3058cf1f0120",TRUE,1,2,2
"d8a7a881-0837-4984-8528-18646cf56eb0",TRUE,4,8,2
"a7fb1db6-3f79-4dea-9de6-f54160261d3f",TRUE,3,1,2
"e76e5eae-b935-41cd-a5c1-186fc22ad6f7",TRUE,4,2,2
"4a65d69c-ebcb-43b8-a9c4-43495b8c4176",TRUE,5,9,2
"cf03926a-b3da-49b4-a910-41635937589c",TRUE,8,8,2
"0b1c77ca-d555-452f-9617-aa5a44b21611",TRUE,5,5,2
"389dbf9e-a951-4a6e-9813-9076facad1bc",TRUE,4,2,2
"9f4da459-5005-4a51-8feb-56e54fba856f",TRUE,3,2,2
"61bba4a8-7661-4362-9284-e0772eab7eee",TRUE,5,3,2
"04475e1d-ee26-4c0f-b082-4aacfb0dcd71",TRUE,5,5,2
"de626d7b-2422-4dca-8f11-2bb9e9ba7568",TRUE,3,3,2
"e2ca811d-3a3a-4c70-9e73-d2fbc0f28559",TRUE,8,8,2
"61b5098b-a695-41b3-b746-0d5ae365d31c",TRUE,3,2,2
"91dc6872-256c-4b5e-8a3f-2dc91b4701f6",TRUE,4,7,2
"ac2715c9-9923-41f6-a062-c20b625dbd0e",TRUE,8,8,2
"dfc866c6-8969-4e8a-acc4-9d0c798d81b5",TRUE,4,2,2
"afa14db7-3284-433d-8425-8f060a397ea3",TRUE,8,8,2
"6d0e2706-d79b-4290-9979-fd4cf9b56b75",TRUE,5,4,2
"7f677a37-5e53-47b7-a74e-947717680cf7",TRUE,4,1,2
"c98a5d03-08ca-4690-8695-a2a4b693b685",TRUE,8,8,2
"9c794071-4472-4ee1-bd1c-1f18e453ccec",TRUE,7,6,2
"dc1c5aa8-0e8f-43e2-9811-ba34fc9f328a",TRUE,4,7,2
"7748eeb2-aea2-487f-a59e-f25b9096ab0e",TRUE,8,8,2
"e35cc46e-7b10-4635-9191-cd2178a216f9",TRUE,1,3,2
"bc61c381-4851-4b4e-8379-30a6130e233e",TRUE,3,1,2
"b03a8296-d277-4097-93a1-771ae62a12ba",TRUE,1,2,2
"0d670b14-bf17-4e68-bc5e-39bf5568ba33",TRUE,4,7,2
"78650944-abd3-41a9-ac08-4c93684856bb",TRUE,1,2,2
"5371d41e-5a9e-4b76-840a-8b81a1997125",TRUE,4,7,2
"8a3b0e1f-53a9-493f-a53c-faee7e9fe271",TRUE,3,1,2
"9245d2fa-13ba-4431-9b1d-e8a50f674bc7",TRUE,7,8,2
"93a37dbb-bb53-44aa-be49-c2ea5d1b4d0f",TRUE,5,2,2
"dc785c2a-fabb-488f-8777-e35942efc240",TRUE,3,1,2
"85c24a9b-358a-45e8-b095-7303bc7df6ce",TRUE,4,7,2
"b66d9513-e34f-4857-980f-ee59235eed8d",TRUE,5,3,2
"7b84bbde-df8f-4cd5-876a-2c35bf0a1f22",TRUE,4,7,2
"8646b32e-407a-4c4a-8d5c-8efca6bfdf55",TRUE,4,5,2
"59c4d0dd-c2b4-42ce-9243-4ebe4943f054",TRUE,7,6,2
"1d2bf462-38e9-4af7-9aca-0bff75542f82",TRUE,8,8,2
"f38c2c63-1f83-4257-b58f-d8b5c122f0b8",TRUE,6,9,2
"311f762f-32f5-4b8e-adeb-aa6904955e36",TRUE,3,3,2
"3e2a6559-75c2-4168-8b7e-8b20fa7f3acc",TRUE,5,3,2
"3d5ab77a-6133-4b91-b31b-5cb91ad5299e",TRUE,3,1,2
"8d14a609-f867-4bfc-93e4-8f51baa74ee2",TRUE,6,9,2
"782fc07b-c330-48ed-a192-98d07e3a8f49",TRUE,5,3,2
"251abbcc-8531-45b9-85a0-faad5f946f7b",TRUE,1,2,2
"7ddbf17c-7f72-4d04-942e-cab78ec9abe3",TRUE,1,2,2
"17ab06a4-35da-43f2-a873-36f20dc2132e",TRUE,5,4,2
"e035d8fa-1832-4a07-ba9f-8eff75b6a5e9",TRUE,4,7,2
"e8c8fa23-4b12-4f4a-9de8-f070b64b41e1",TRUE,3,1,2
"ee6458a2-37c2-4114-a615-5ed14cc627cc",TRUE,3,2,2
"9e6b1829-bddc-44c9-b70f-de8eca8138a0",TRUE,8,8,2
"aa38675b-9daa-4ea0-8e9b-0729ed0e6a60",TRUE,3,1,2
"7078241e-f300-4608-bb38-0d0a27aca249",TRUE,5,4,2
"b0a4f4c0-f3f0-474f-95a2-897cbc1c03ae",TRUE,5,5,2
"6dbaced1-cf5f-4a52-b820-1a7698a2ae6e",TRUE,1,2,2
"0e2a7e97-e6fa-4ab2-a060-1b3d32886b98",TRUE,5,9,2
"1755cc40-4aba-48b9-b12f-a3d39a571537",TRUE,4,7,2
"72715460-9845-43b8-b741-8040ad2ca062",TRUE,5,9,2
"d685aa4d-61f0-4cdd-b882-401ed6b0ab53",TRUE,5,9,2
"958310d6-23af-4b22-8bde-b9ca3a742db3",TRUE,4,7,2
"2675062a-b2ba-4b01-a845-561eabf244bc",TRUE,4,5,2
"e3a000c4-9a56-4e13-b314-ad3f47ecc227",TRUE,2,10,2
"23a3be66-88e3-400a-96db-c91cdb9ad6a0",TRUE,4,7,2
"5f8f10cb-b366-4bcd-a30f-bc5ee229525c",TRUE,8,8,2
"7aad37b3-f04a-41d4-9c9a-62675e0adf20",TRUE,5,1,2
"9e016e08-c71e-4a2f-9a39-00cf39300b4b",TRUE,3,2,2
"b7fa2707-7a90-4e13-bc93-775266927e15",TRUE,4,7,2
"932b53db-e279-4ae4-999f-a27757726644",TRUE,1,9,2
"0b416332-3225-4a25-bb00-eaeb40862e79",TRUE,5,9,2
"03dddd49-39a8-485c-aafd-c868dd4c3b45",TRUE,4,2,2
"6f5e4722-ebe2-480f-9864-9a2092df4a64",TRUE,3,1,2
"26bf1967-3450-46d3-bf46-ca538a483d8f",TRUE,6,9,2
"8d8a5717-a3b0-4fae-ac15-4a2bd4b3b0b5",TRUE,5,4,2
"ac5eceb5-5d61-4394-86c5-58f81dab6b61",TRUE,1,2,2
"5ebad1e6-e228-4494-91a6-3caea3bfa1bb",TRUE,3,1,2
"3d5d0f5b-e4b2-4d09-9605-969b8835ea45",TRUE,3,7,2
"ccf79728-61c4-451c-b440-e7bce9e8aef1",TRUE,6,9,2
"d6f2dff0-edb2-4465-8700-00ce3e1fd881",TRUE,1,2,2
"d36a2ee2-10e6-4e93-b223-20c2cbd36672",TRUE,8,8,2
"d53bcef3-5385-4b16-8a20-ffe6998b7c7b",TRUE,1,2,2
"c7416245-1a7c-4cca-88f3-e48b5694ffe5",TRUE,4,2,2
"49a241bb-1afe-4f38-854a-c1bac8e92f3b",TRUE,6,6,2
"03e303f1-c8ad-402c-ab34-b4dd44e7c6c4",TRUE,5,4,2
"b4538b99-0a9a-45f0-89c8-560ab7fbfe51",TRUE,3,1,2
"cd5311b2-2793-43ad-be70-1cdd9d33b7c6",TRUE,4,7,2
"653a328f-2928-4236-a7ee-2443bc04c8f8",TRUE,2,10,2
"08bef735-3890-46ce-b9d0-90f7cf91416c",TRUE,2,10,2
"304d4f8a-e74b-462d-8dc5-49817bcffa70",TRUE,2,10,2
"86ddc682-a8e6-4cad-82b2-5d7830ed14f3",TRUE,2,1,2
"c9b9efee-f5ae-4eca-8993-44adfca05642",TRUE,2,8,2
"62edca3c-d2a6-4f71-bbaa-bdb19f4e0bf2",TRUE,6,10,2
"7cad185b-8a8c-4bfc-b722-47b60ac01e81",TRUE,2,10,2
"e2e4ba12-a8d8-427c-8405-880692917fb7",TRUE,2,10,2
"49886987-2b83-472e-b033-b44f9458150c",TRUE,2,8,2
"66bf9f51-0c6d-45bd-9b9c-543d44d2fece",TRUE,3,10,2
"3541db10-3d3f-4df5-9620-0958d6feb77b",TRUE,2,10,2
"b7c9383e-f757-4f3d-9305-df6127fd7842",TRUE,1,10,2
"9dcdbf75-0337-4c52-acb9-06d2d738c055",TRUE,2,10,2
"6257d781-3fa4-4a15-9e40-57b6e12d6071",TRUE,2,10,2
"d026d6be-147a-4b9f-a53f-9fc5e04a7401",TRUE,2,8,2
"10147428-05ea-41e7-9449-ca2e1aac866e",TRUE,4,10,2
"6084a8a2-d3c6-4a5f-b996-d3e695aaa21f",TRUE,2,10,2
"35981937-6b54-444f-94fc-8d2c02c0e795",TRUE,2,10,2
"003ae91e-7306-470e-9b19-761e51443227",TRUE,2,10,2
"6991335f-4bd9-443f-8ef9-667c32f82eac",TRUE,2,10,2
"a6126a55-17ed-429e-acd3-123165f2e59b",TRUE,2,10,2
"97b523f4-74d2-4a76-ab8d-2c470044960e",TRUE,2,10,2
"31445cd3-875c-43ae-bf50-5cd485a25655",TRUE,2,10,2
"59a3b6b4-3d15-4688-a195-550ae9c252c6",TRUE,2,10,2
"766aaf1c-a9a2-4dc4-8d65-b498ea3a7159",TRUE,2,10,2
"9ad3124a-92a1-45b0-bc1c-067a74c3da39",TRUE,2,10,2
"4f397c3c-5ec2-4f14-aaa1-95f85879ef04",TRUE,2,2,2
"ee140b99-a813-43c5-93a7-407c20a49289",TRUE,3,10,2
"1befd0a4-22a5-48aa-8160-f13a132f9e73",TRUE,3,1,2
"3f504f85-858b-4e0d-9212-71f904ad07fd",TRUE,6,10,2
"4b4c6285-ffd3-466d-9f5f-1e1c8697214d",TRUE,4,8,2
"02a671ea-54a7-4135-b24e-7d0654b374b9",TRUE,2,2,2
"965ce613-f43d-40ee-968a-07e1f7c15017",TRUE,2,2,2
"e44f0bc5-3f55-46ba-89aa-76a45bd103da",TRUE,2,5,2
"b34ebcd2-8149-4713-b4fc-b7331e05add2",TRUE,2,10,2
"8dfab077-d152-4832-b22b-4bee5e8e03e2",TRUE,2,10,2
"879b2abe-9304-4bbb-ba9e-0785d70f83b8",TRUE,2,8,2
"944feb8f-e249-4a97-80a6-d79a112139a5",TRUE,2,10,2
"8ceb8f56-4439-4f2b-b5c0-14bfa4514ac5",TRUE,2,8,2
"467cbe1f-da12-4b80-87cf-8da01a4ee881",TRUE,2,10,2
"d8da3b8e-f11f-4168-9baf-0cab5da96c65",TRUE,1,2,2
"3587e45a-c34f-4be1-bda7-f00ef5960133",TRUE,1,2,2
"fa743d88-f70d-4ceb-bacf-40d9cf63257b",TRUE,2,10,2
"0522e451-2e14-469a-8e69-99b3082899dd",TRUE,2,10,2
"c989567a-d7f7-4c87-99a2-f0d428266ec0",TRUE,2,10,2
"fda534da-41ae-4cc9-b58f-03d8709ebe01",TRUE,2,10,2
"4cfd4463-4014-46f9-b97b-50d2709104da",TRUE,2,10,2
"543ad0be-692e-42e8-bc0e-5b15dd1f1472",TRUE,2,3,2
"e80e4de3-ed9a-4b0e-a14f-f6fb9e47cfe2",TRUE,8,10,2
"ccb57279-3a7e-459e-8146-f0f14dfde2a5",TRUE,2,10,2
"320113e4-76c6-4688-87e0-c7a371099491",TRUE,2,3,2
"741cc886-2442-4921-9fd7-8d067018045e",TRUE,2,10,2
"32afc2b6-59dd-4331-bdae-bd3185a6afaa",TRUE,2,10,2
"6571d729-fd62-4398-8dea-30102e40a54a",TRUE,2,10,2
"631959fd-56de-4173-8b94-7de400932dae",TRUE,2,10,2
"8c5fbdd5-85cf-473e-82c9-25d9d663dbdf",TRUE,2,8,2
"1a7ad54f-cfb9-4c50-859d-2d04b2306c8b",TRUE,2,10,2
"b18fe969-4e6c-4586-b3bd-4a19cd23ee25",TRUE,2,10,2
"93a05838-5efd-472b-b71b-694984485c2e",TRUE,2,10,2
"ac830f84-8209-46dd-b31d-41e9374b652b",TRUE,3,10,2
"e2c60585-2f00-430d-bb94-036483add7a0",TRUE,3,1,2
"b31ecc54-c42c-41f7-a187-655805be0f2e",TRUE,7,9,2
"700d2d77-55d5-4b80-b64f-7a31106fbb2b",TRUE,2,10,2
"975f0cc7-1160-46ad-95c3-c542b476001c",TRUE,3,1,2
"35339879-7e46-4968-a2d4-5361c0f26583",TRUE,6,10,2
"c64dbe9e-b642-4175-b8b2-edd1cfec3e0b",TRUE,2,10,2
"f9cf984b-289d-4a58-b89f-d58adf3feb18",TRUE,2,10,2
"59d3ee79-b358-45da-a822-6031aa989a3b",TRUE,2,10,2
"36b9c145-b900-477d-b83a-d7572d434a7b",TRUE,2,1,2
"e428886b-287c-49cb-bac8-13796f9a9c89",TRUE,2,10,2
"1772d57e-18b7-4e20-af5f-77c096ced62d",TRUE,2,10,2
"06e9a77f-272a-4877-be30-dea2a9d51490",TRUE,2,1,2
"6cbcc482-18b9-4798-bbc1-6244fe45fd18",TRUE,2,10,2
"a0c4835d-165e-4697-8341-acdc0f547d11",TRUE,3,1,2
"84c8d6c2-d9df-4fd3-81fb-24ec78e1f573",TRUE,1,10,2
"3bac73e9-a241-41dc-a50a-4dba9adc833c",TRUE,4,10,2
"12cbba9a-b334-47fa-9120-18826cca47e7",TRUE,7,6,2
"975a40f2-7242-4508-94fb-2d7afd342f1d",TRUE,2,3,2
"e1fc3228-49ca-4656-a898-a03a1dfde047",TRUE,8,8,2
"b844bf8b-41fb-4ccf-a4d2-268e162d1020",TRUE,2,10,2
"5f4e11f2-1aca-4a68-b6f1-37973c864746",TRUE,6,10,2
"1f1b6b7f-0ab4-4066-b659-ce6c9565cbae",TRUE,2,10,2
"bb3a48a0-6869-42bc-b92d-2a19f2034696",TRUE,2,10,2
"1c8cafdf-6702-472d-8bce-8b3390e0630c",TRUE,2,2,1
"f3d6c7f2-fb33-4589-8fa4-30fd22c92652",TRUE,2,10,2
"1ecf780b-b5ab-49bf-8689-732a9b90ee16",TRUE,2,10,2
"05330655-f62e-4bf2-b315-b50a029a8de0",TRUE,2,10,2
"88f4c6de-0179-44db-9886-dc30904ede5a",TRUE,6,10,2
"e8ad9152-76bb-45ae-9f3f-58c4047c966a",TRUE,2,10,2
"007ccf53-7ea9-4dad-bcec-387d5950d6fa",TRUE,2,10,2
"4f6abd17-a7e9-4bf3-9b47-040fa9858457",TRUE,2,10,2
"5acd47a4-a1bf-42bb-afad-0017b3be05c0",TRUE,2,3,2
"02f414f6-c162-49bd-8fc9-5f028d4db364",TRUE,2,10,2
"3b38ad48-719b-433e-a727-c72979f70b75",TRUE,2,10,2
"8a82ba6f-8b62-4d74-b0ca-2f44d4876cdb",TRUE,2,10,2
"9901544d-74fa-4d48-8460-6e429c6184fb",TRUE,2,10,2
"63470bb0-6929-4839-9050-13ba0bd68ddc",TRUE,2,10,2
"7082e878-76a2-4e0c-b047-f73aef15fa3c",TRUE,2,8,2
"e8b0a8ff-2c86-4824-b731-9a285ad4c9c0",TRUE,1,2,2
"df28d38c-9483-4162-8320-e675ad4014a4",TRUE,1,10,2
"0e162efe-d048-4cd3-8dc3-86c1b8729c87",TRUE,2,8,2
"214929f0-1d91-4eeb-a074-2f7aed47c2f6",TRUE,8,10,2
"941ab238-61b8-4204-b1f6-83f01e3cbb37",TRUE,3,1,2
"af876fd0-6b77-4c6d-8193-b86900a99afd",TRUE,3,1,2
"d88c1ec0-9304-491e-9567-1818e9e829f8",TRUE,8,8,2
"35f21b91-ec2e-49cd-9320-2d57474fb772",TRUE,5,2,2
"36e39db4-e377-4c3a-81de-0380cc064a4a",TRUE,4,7,2
"4166f0d1-f177-4094-bbcb-2c736aace08e",TRUE,3,3,2
"426bb957-f3d4-4fdf-b807-e0434a975859",TRUE,1,7,2
"6ef7f33a-0b0a-45e8-8996-720c5c6e4605",TRUE,8,8,2
"0d7d56cb-9555-447f-adbd-757fb513bf43",TRUE,1,2,2
"5226dc7e-6479-4023-ab53-f93153a88e64",TRUE,3,1,2
"034c98df-75a6-45df-91a8-4304a71d389f",TRUE,3,1,2
"436cb063-dc70-445a-aae1-cf32b3f95842",TRUE,8,8,2
"8e886476-2b62-4490-ba04-3e89bb9ea81a",TRUE,5,4,2
"99b891c9-7d53-4218-b93e-8751ff029fac",TRUE,5,9,2
"b4ee5ead-18e2-4424-8726-caf4a604dc03",TRUE,3,1,2
"97f27019-1065-496f-9278-adcf5ff79c71",TRUE,1,2,2
"38e844b7-5e8c-41ec-9483-88d86a93471c",TRUE,1,6,2
"0aeb7f16-4dbe-4855-a94f-92918b0967c3",TRUE,5,9,2
"65efd1e5-9abd-40ee-98b2-d99e81c0f756",TRUE,8,8,2
"c5021885-b996-4fe7-b199-9627a55c9097",TRUE,3,1,2
"7d1db708-1f26-4a06-814c-60a0588d019a",TRUE,1,7,2
"213f7de7-6ddd-4dac-8097-b26b1415ece7",TRUE,4,2,2
"8e8ecfa9-a30b-40fe-a329-fe44eb0e542e",TRUE,5,9,2
"4c770e77-40c3-4395-85bc-a2ad985e3790",TRUE,1,2,2
"e3233e5c-e96f-4740-83fe-487f29a6b083",TRUE,7,2,2
"4534953f-b15b-475c-9f19-d096c887036a",TRUE,4,4,2
"b91f7294-4182-4d45-91bc-a71c74c9828b",TRUE,4,4,2
"8018bc7a-6438-4258-b3cd-30b69463b36c",TRUE,4,3,2
"8ddbc6f9-23f0-4a5d-8056-d600fc4a4c28",TRUE,8,8,2
"a5d3b500-8ae4-4add-8a7b-537315498bbc",TRUE,3,9,2
"0f382efb-3fc6-489d-94f5-409961603a9c",TRUE,8,8,2
"a5d1b2a5-e0ce-49bf-874c-0e4dc5236f96",TRUE,5,9,2
"42b7b83f-cbf5-4763-a27f-b5f3504c51bd",TRUE,4,7,2
"614d2469-2e6d-45a6-a8ca-ac7ac5d0c3ee",TRUE,4,1,2
"400e8374-d644-4e2f-b997-ed47d521f327",TRUE,1,8,2
"1918eee4-602b-430f-8948-fdf79c89fc2f",TRUE,4,7,2
"87064003-c066-44a9-bc52-fbc305b2af15",TRUE,5,2,2
"2f6304bd-f00c-406f-8784-d2bea5c68886",TRUE,4,7,2
"ae35b2dc-1a85-4b73-a94e-a84bed1e8666",TRUE,3,2,2
"c04c133a-5a1f-4293-9c39-ba34b6a5d8cd",TRUE,5,9,2
"9d780c7b-e6dc-4f36-b0b5-33ea2487801c",TRUE,6,9,2
"f5c874fb-c3e1-4e93-8453-37e5958194dd",TRUE,4,2,2
"93fec5c9-7cad-47f1-9b36-5a7441ab44f7",TRUE,8,8,2
"8b3b85b0-f07f-47e0-99b2-5ca2236b161f",TRUE,1,2,2
"227f9b25-8b27-451f-bbcd-7796664fa44f",TRUE,4,1,2
"f45bfc3a-52c8-42f8-8c51-bc05c80e6212",TRUE,4,2,2
"3cd281ae-0295-4452-80fd-74b0254838a4",TRUE,7,6,2
"a1b00414-e545-4496-a7a1-6e2288259f30",TRUE,3,1,2
"7cb5018b-0157-4dcf-84fd-aa9d2ecd4262",TRUE,4,2,2
"fc50047f-e884-4eaf-a31f-3178ff858c86",TRUE,8,8,2
"9fbc20ba-de97-4cae-b6bb-180f4b1c3cbd",TRUE,5,9,2
"810f9b79-3544-4f89-a541-5afaa892880c",TRUE,1,5,2
"2bc35607-f82f-4f24-a43b-04e2609879d6",TRUE,5,7,2
"f723fc07-1f27-4bde-bb67-fc909a9af95d",TRUE,1,2,2
"b40fe6e2-c3f9-4b3d-9d3f-63181ce2ea5e",TRUE,5,2,2
"4419dace-eea8-4ee7-b53c-b6f2ee41eb79",TRUE,4,7,2
"191dcaa8-9278-472d-894f-d5b090c69236",TRUE,4,3,2
"87f1ae68-6a17-4e10-8927-15d6c5723b2a",TRUE,1,2,2
"e087b5b2-8960-4c64-aeaa-1909dd3f7188",TRUE,3,1,2
"fedf03ef-5182-44d0-881b-101a69e67398",TRUE,3,1,2
"77a62673-ff1c-4bc0-9421-30ad7b35645f",TRUE,6,9,2
"b94d8a56-eaac-466b-8f33-ecfd96b065a9",TRUE,8,8,2
"11221726-fb7b-43b9-8b4e-d7001dedd05d",TRUE,7,8,2
"3be25383-9989-4b26-a71a-317f340f563d",TRUE,4,2,2
"0628d446-576c-469b-b1a9-dd6d7565e4c8",TRUE,4,3,2
"62933412-6a4f-49db-9bf5-6fa26d5b8e6d",TRUE,5,1,2
"124cd1ed-e03d-4c9b-a645-596ff4a102f7",TRUE,8,8,2
"af8a1c78-c5b2-4845-8c30-677b32e8e598",TRUE,6,9,2
"3fb51f9c-c9ea-4067-b1e0-ac5abb1ba2f8",TRUE,4,2,2
"23bbbe95-00cd-48cf-9b29-fa5497787053",TRUE,5,4,2
"fa74cafc-ae31-44b3-b81a-0e245f9c1561",TRUE,8,8,2
"5a847e0b-1cb1-44f7-b36c-72bd2262ea70",TRUE,3,1,2
"31767e44-9c84-44f3-8de5-5be473bb7076",TRUE,2,6,2
"89e9933a-e70d-49b3-a004-e9ffdad67dfa",TRUE,4,7,2
"9a37828b-e9fd-417d-ad15-fc9c3a15d342",TRUE,3,1,2
"87aaff2a-1e65-43ea-8909-a8b9e27ae708",TRUE,6,6,2
"19412192-aad2-4e2c-a5eb-7c70022aa069",TRUE,5,5,2
"fd56730d-3e86-403e-b4d9-b8fc103e61c8",TRUE,1,1,2
"6ba02e3c-e6ef-4e38-9bbe-b3a51c1ffa8f",TRUE,8,2,2
"3004533a-22d2-4b4f-b22c-c0693db033f4",TRUE,7,6,2
"8a5ad5e0-eb5b-4dd9-81bc-13d0a67dd573",TRUE,7,8,2
"a17addf6-45e4-47ec-bdcc-d23057b0c0bb",TRUE,1,1,2
"18f400de-676d-4e9f-8ffa-b051f46bfdb9",TRUE,4,2,2
"3d0700c0-5e52-444a-8efc-d64b0916eb4c",TRUE,3,8,2
"5aedeb79-0b26-425a-8d75-7aad0e8023cd",TRUE,1,4,2
"d07bfeac-aff3-4627-92a6-6769f6097539",TRUE,6,9,2
"e9556832-1d9a-41ba-8542-d16cf4ca9292",TRUE,5,5,2
"0c7fbd80-9663-466f-9f85-31a93837165c",TRUE,8,8,2
"e4caa767-c660-4730-a6d8-66aae10c660c",TRUE,8,8,2
"ef2bfe76-0365-41b7-8406-9df24d1f528f",TRUE,3,1,2
"c7efd4e5-a430-4d9a-a469-0ec01125cfd4",TRUE,4,2,2
"8cce850a-4f92-4652-ad10-0c35eb5997ea",TRUE,8,8,2
"e02db239-b2f6-4a6f-abb5-2ac9b86d25a0",TRUE,5,5,2
"d7391892-a724-4cbd-a77d-5f0c7fed1ac0",TRUE,3,8,2
"85bf8b45-2d79-4d6f-9491-1a1466dad451",TRUE,5,9,2
"80e32921-201c-481e-95d5-42ed093c4f0a",TRUE,8,8,2
"c49ab8c5-674f-4708-8d4a-7e0e23a47179",TRUE,5,9,2
"50bb8cba-0edf-4493-895f-f3bcd6ebe22f",TRUE,3,1,2
"f4b24aa1-a690-4bb5-9245-404b41da3445",TRUE,8,8,2
"3a3adb93-46df-4b21-9276-af6d04f5e0af",TRUE,5,1,2
"e20ccdb7-c212-4686-8aef-96337c5cac7f",TRUE,8,8,2
"0e9a0e8c-0200-4886-8ffb-db125245d87f",TRUE,5,3,2
"66f9e5d9-eba6-4387-8ee8-457629bbfc4d",TRUE,5,2,2
"b0bc06d2-d0ea-40c9-89aa-dbc2d2856ceb",TRUE,5,4,2
"a3f5a18b-2c57-404d-b4bd-2e5c624a8390",TRUE,5,2,2
"8a9b28e3-b0d9-48c7-b354-960bc70032f2",TRUE,5,9,2
"6827144f-f2d1-41b2-8b63-a97201f67282",TRUE,6,9,2
"1e0a047d-c004-4bca-97a3-eadfb5547ab9",TRUE,5,4,2
"9c37aa15-256a-4b4d-9469-c53bf2e93815",TRUE,4,7,2
"c7fcc5cf-d798-47c9-81a9-497bfdb109f3",TRUE,7,6,2
"4ab42abb-954c-4ab9-a7da-49d20893ffc9",TRUE,5,3,2
"5d4a57f4-b3b2-4b56-bf5a-a038e887436e",TRUE,3,1,2
"1923512e-fc86-4817-9af9-3ed9bb7c98af",TRUE,1,2,2
"d41b2b81-849f-4c22-aefb-bba8dab7bed4",TRUE,5,9,2
"ec3ea523-3804-474c-8279-5177a4841c14",TRUE,6,9,2
"f99b11ee-9517-4a33-bdfc-3ef9aa77c12c",TRUE,1,2,2
"bb6413ff-0c9c-4ea1-afe4-21d589d7d3df",TRUE,3,8,2
"4564c0e7-5d90-421a-977b-d0563d176970",TRUE,8,8,2
"d1a6c072-ecc6-456e-8f20-b8f2eac7135c",TRUE,5,4,2
"96af4ede-2a21-409c-9068-32b12ef54e45",TRUE,1,7,2
"299bc252-606b-42f1-bc15-f58b45beeea2",TRUE,6,6,2
"8219a41c-6a2c-440c-bd5b-3a99d0bb2a29",TRUE,4,1,2
"90deb486-7bbc-4345-9c1b-828c3e6fca75",TRUE,3,4,2
"b5891697-69ff-450d-96be-ffa921b61cc7",TRUE,1,7,2
"45b77207-33b8-4bd2-98cd-5443c0bdd0af",TRUE,8,8,2
"4c7841ea-995c-4319-8f8f-34060750d729",TRUE,5,2,2
"8edbfe1f-d37b-46d4-822a-9374dca9fe1a",TRUE,3,1,2
"7c6066b4-f606-4611-9c04-db38ab74b8ef",TRUE,8,8,2
"a31adf76-7933-4f2b-82d4-8bc65e0e016a",TRUE,3,1,2
"b46e579e-4a03-4e87-a297-0b624cb46828",TRUE,1,2,2
"1ab66263-8b2f-4a6b-ba4e-f4ea447c4f6b",TRUE,4,5,2
"67159719-3988-47a2-ab72-ba350ec866a4",TRUE,4,2,2
"aa44cf9d-be59-4ed7-9283-9687344c13fd",TRUE,4,2,2
"1ab5fa7c-9c61-41b5-ae9a-be3d83bf0b0f",TRUE,4,6,2
"16a17efe-8384-446c-8e91-af9bf25fa092",TRUE,3,3,2
"b310890f-33e6-44cc-b8e3-4c0b60cab40d",TRUE,8,8,2
"c27b239a-900b-473b-a694-bf04a6c7b186",TRUE,3,4,2
"7dc6aa8d-d545-4ee0-bbf9-9661db737367",TRUE,3,4,2
"e4d7b4c6-7f3e-4810-867b-f4180964b715",TRUE,5,9,2
"b652271b-0b42-42ba-9115-36560aa6c14d",TRUE,4,7,2
"02d4562c-7c89-4f07-a557-f1ef45911907",TRUE,1,2,2
"8c239dc9-ad74-47db-b89b-33493edc837b",TRUE,1,5,2
"985714b5-b5a7-4738-872b-c432a80586b3",TRUE,8,8,2
"9f9e873b-a9ab-497f-b405-78921a432682",TRUE,4,7,2
"6344090d-a756-4de7-b8a4-d170f1f9fb03",TRUE,3,4,2
"a4387ada-06e2-449f-a97f-e94e500da1cd",TRUE,3,2,2
"9e7ad438-f9aa-42e6-bab8-c55e97f0bbe3",TRUE,8,3,2
"88982620-626c-4b94-a9c2-525452881da9",TRUE,1,2,2
"3d470971-773b-4c20-8c4f-fa912ab3b3f3",TRUE,3,1,2
"65f7ee9e-949f-49af-a249-30153ce2a375",TRUE,8,2,2
"f9ec23e0-8b7f-497b-9e6e-47bade15cce0",TRUE,8,8,2
"a14917f8-4cac-4254-a18f-8512a8bb2de1",TRUE,4,7,2
"dd8a183e-8a24-42ae-9a99-fc1f6207a4b2",TRUE,1,6,2
"a216c368-1618-4bf4-8d19-f55ab570d068",TRUE,7,8,2
"01895103-a5c6-470b-acf9-ba7c32477ec4",TRUE,7,6,2
"07c0a6c2-1e73-4d02-be7b-99d83ecef99f",TRUE,1,2,2
"ac680983-8431-458a-b42f-6e49ca9ec5ca",TRUE,1,2,2
"506903e7-b70f-4623-adc9-d95fc90e79f5",TRUE,3,8,2
"61cb250f-93d0-473f-891a-cccace77d7ed",TRUE,3,1,2
"6093ce9c-aafc-4cde-8bcc-c9ae4fbe499d",TRUE,3,1,2
"3d35db0c-fbde-48d3-aa47-23064a1339d7",TRUE,5,3,2
"2f1a12a4-edeb-483d-b9e2-06b27a54a2c0",TRUE,8,8,2
"d85f8e5d-7feb-4019-8688-cea402e81e0a",TRUE,5,9,2
"c2dfb093-4590-4ec8-96f9-086bf213c756",TRUE,3,7,2
"739fb8a3-1f17-46ea-b9cf-1ed17815daf1",TRUE,7,2,2
"1b9c949a-57ff-4b7d-85db-d1c0961a53bd",TRUE,1,8,2
"94030962-373c-4066-9a71-f9b914bb0625",TRUE,4,7,2
"3152dfb9-d085-4aff-a0c2-e39bb4e85658",TRUE,5,9,2
"ba55bfdd-dfc3-4c15-89b8-5cccabc992d9",TRUE,1,1,2
"6087a101-ac01-43f8-81b9-e40acf11ec04",TRUE,4,5,2
"74d312b0-ff3d-4137-bcf7-2755bbc0df86",TRUE,3,1,2
"d7a8c951-fc14-4ff2-aaf8-a21d9da4963e",TRUE,7,1,2
"1713cbb5-6789-4c04-8264-e5ff430bb817",TRUE,1,2,2
"8fc3c66d-4b03-42bc-af36-82d697d62fdf",TRUE,4,7,2
"574500d5-560a-4f77-96cd-9fc412e5a10a",TRUE,4,2,2
"8d394510-3113-41ec-949a-722ba68104a5",TRUE,5,4,2
"49c2cb5f-d3f4-4bf6-bbaf-c1420e7f88fc",TRUE,6,9,2
"6f5f8c91-e820-4d77-9fd9-aa4f3a19176d",TRUE,8,8,2
"17122ea2-664c-4c9e-8d0e-0a49598c9e19",TRUE,3,2,2
"d077a162-98d4-4f79-a813-260929574801",TRUE,7,6,2
"83db23df-fc57-4dde-85f8-19b2f9c865de",TRUE,8,8,2
"916dbbba-8734-4c36-aae0-3b0914e7a2c6",TRUE,4,7,2
"e35cf9c4-c535-4666-b64c-9c84d67c274f",TRUE,8,2,2
"41a32d11-d92a-430a-8303-59eb613ba685",TRUE,7,8,2
"ab9d16b7-6531-44ab-b993-79976846a436",TRUE,3,1,2
"cdad3e31-f40b-456c-88d6-501b4107d895",TRUE,5,3,2
"c340922c-fc52-42df-a7bd-f99e68da553a",TRUE,3,3,2
"fca41824-ab2e-4194-b51d-5218f946888c",TRUE,5,9,2
"c9ce93ec-e996-4fce-8d15-8cecc0bd07a8",TRUE,5,9,2
"cbb7ea4b-812a-425a-baa5-e8a162856aec",TRUE,8,8,2
"5592ef9c-1c45-4ea4-8d09-82ab9fb53387",TRUE,8,8,2
"41897e55-42f4-4771-a451-b17f08791375",TRUE,5,6,2
"2a676747-3668-49a4-ad07-55e0a506dde4",TRUE,3,4,2
"7d616874-4308-405e-b878-717b5a16e840",TRUE,5,5,2
"2837c706-3c77-4418-ba27-cf323530a769",TRUE,4,3,2
"b16d4085-9337-4696-ba11-bfec27dc68ed",TRUE,8,8,2
"a1baf083-4bdb-4849-a91b-233b6a329a1b",TRUE,3,2,2
"6dffb9a3-a6b9-4342-82a3-aaa52e610deb",TRUE,8,2,2
"9ca4c98a-54d2-4ab3-be9e-ecf95b0fc6b7",TRUE,8,8,2
"e1922e75-27c4-4217-bb8d-a737bdfea729",TRUE,8,8,2
"bd1bd51c-17f4-421e-91c8-5aa2e4fa9483",TRUE,4,7,2
"d5eced0b-7e91-4aa4-9c31-8d69e1e08fe6",TRUE,1,2,2
"570923b9-82c7-4002-87c0-e1cf0e543e1a",TRUE,5,3,2
"9b3194d0-dfbc-430a-a054-25242d901061",TRUE,8,8,2
"8c0fbab0-878c-4d18-b851-1165812612af",TRUE,5,9,2
"90f5b3d3-462e-4fa2-be1c-b4a0953065e9",TRUE,3,1,2
"726a3ab1-7727-414c-849b-2d164689e0d5",TRUE,4,2,2
"0e10fc16-7bdb-4848-af68-a6e635860f61",TRUE,5,3,2
"3bc9ce32-5efd-46b9-9619-f49e1c27edae",TRUE,1,2,2
"bdc310a4-1448-4e5c-9bf0-372a3f771d49",TRUE,4,7,2
"9f74f788-7271-4c1e-9092-65dc814a832d",TRUE,5,4,2
"eb6cbf71-aa93-4fac-9672-a8731d4c8237",TRUE,3,1,2
"43d3bea2-8c44-4c68-99a3-182df61aabf9",TRUE,5,1,2
"49f2d737-21f9-4737-b4c8-c6cf0dbbba50",TRUE,4,3,2
"3a3f5437-4d6a-45ba-8db6-ebed034f8074",TRUE,4,6,2
"29874276-98c3-4f0d-8f61-f80bcaf86c64",TRUE,8,8,2
"52df5e92-af69-49f4-941e-77621ce19165",TRUE,1,5,2
"09af647c-0b0b-4c7d-821c-430234c510d4",TRUE,3,1,2
"d4c57773-2ea5-44ca-bfa2-384b8a94aaa7",TRUE,5,9,2
"a47d54af-5530-44af-aa23-6d1afe7a8a80",TRUE,1,2,2
"de64927f-bb00-4020-aa21-a56db1e26915",TRUE,4,7,2
"1cc49115-ae0b-4dca-9128-85d4cf86b042",TRUE,5,6,2
"3c0377ad-592c-4f36-8d5f-fe3696cbffeb",TRUE,5,9,2
"187ce02b-b387-4921-8cdc-bb872520683d",TRUE,1,2,2
"79269a2c-f906-41b1-b6fb-b70c85d8204c",TRUE,8,8,2
"0d81c50c-f88b-4f71-ab28-a67143f31f98",TRUE,5,1,2
"0359f950-cb87-4042-a8c3-7d13f13c8c0f",TRUE,3,1,2
"a3fb4db9-b259-4e3b-a0dc-77bc48d3dfcd",TRUE,6,6,2
"753557ec-54d6-43a3-bd0b-9ce13b8e6f65",TRUE,1,6,2
"753557ec-54d6-43a3-bd0b-9ce13b8e6f65",TRUE,1,6,2
"e18b3699-ca7a-47b3-9245-a88ae0faaf6d",TRUE,1,6,2
"c8a1b22c-fa99-4bcc-bace-d59f4ab1c8aa",TRUE,6,9,2
"c687bc53-f6ab-4365-85a0-d0b5c2e0a490",TRUE,5,5,2
"bcc8f78d-593c-4d20-ad21-bca42fd6d37d",TRUE,8,8,2
"43912d36-7279-4d8b-ac2e-9a6d17a10911",TRUE,4,4,2
"f94946e8-eac9-436d-a78e-3eda82acf4fb",TRUE,3,1,2
"bdbcf099-01d6-4081-8752-7aa7b5e818df",TRUE,4,2,2
"3d4c1dd3-f738-44aa-a81a-615480cf912a",TRUE,4,7,2
"51d9134f-f0b6-441a-8540-41d8614afb56",TRUE,6,9,2
"f27ce777-e7de-40be-9ee3-9d1cb51d3045",TRUE,8,8,2
"1ef3b3f4-6a0c-4751-98cc-0ccf62973d4e",TRUE,5,5,2
"0bc6e1cf-9608-44b6-b3f1-27b3a8f91446",TRUE,8,8,2
"f87923ed-0b32-41e1-b092-bca96cf25bb9",TRUE,8,8,2
"238ccef7-3277-4857-96d3-54cbb12b502f",TRUE,5,3,2
"f290f385-700e-45c0-aa25-e3471beeb905",TRUE,1,7,2
"8b1d5067-6501-437a-8998-0747334d59f3",TRUE,3,1,2
"6de59f22-0177-430a-9272-bbfc15a2fac4",TRUE,6,9,2
"503b066f-3d5c-4051-a823-48a44e8f3cc9",TRUE,3,7,2
"0fe34f55-352c-4935-9126-5ec4511d70c6",TRUE,1,7,2
"6cf70d30-f29f-4e5d-a238-0e8d9f6c35c3",TRUE,6,9,2
"94e1a230-01c9-4168-a773-833aa4b0003b",TRUE,3,1,2
"c9c55518-c78b-41d9-a706-a79a90504b9c",TRUE,1,2,2
"bdbde812-2506-487f-ab6e-8cf6b76e4fe3",TRUE,7,6,2
"32c2de6c-7b9a-474e-868f-b7404d352428",TRUE,8,8,2
"a6a2f6a6-e22d-4fe7-b349-5b81ddfa3573",TRUE,1,6,2
"5b8f1145-e417-4839-81f8-e331b17bb6dc",TRUE,1,6,2
"c22965c2-0313-4d64-a283-44a75016f582",TRUE,5,3,2
"90cb4b06-98fc-4d6a-a320-8cf6ac798ffa",TRUE,5,3,2
"c5e373ff-99c4-493b-8b0d-dd0348ef346d",TRUE,8,8,2
"37b60861-f23d-4f6b-9cc8-9015dea92d47",TRUE,1,7,2
"77ed965c-80c7-47b5-9c4a-99060e788e99",TRUE,4,3,2
"73686fd9-a493-445a-b0ae-a8a70dfae3ea",TRUE,1,2,2
"895ceb46-e175-441c-ac0d-59d240bf2997",TRUE,4,5,2
"a1f90f20-3d39-4aa4-9678-cb237662b5d3",TRUE,8,8,2
"1fe82797-87b8-4873-baad-c99d01f78c72",TRUE,8,8,2
"1b97e61b-84e6-4e7c-a822-4978fa07aa28",TRUE,5,9,2
"f1235eb6-c896-4804-9a32-04994d6f7c04",TRUE,5,6,2
"f5a74bae-5fa5-44a3-95a5-8ab93e9ea5df",TRUE,7,6,2
"0e030f74-bea3-4c59-84e4-7080fe2ab101",TRUE,3,1,2
"7c99c982-a74d-477a-a14b-72185745e395",TRUE,1,2,2
"6f7bee45-c936-4ae8-952b-151b44a36e53",TRUE,4,1,2
"448c3904-7408-4d8d-a45d-d6bd57bac39f",TRUE,8,8,2
"321e804d-d3b6-405a-84bb-184f7752b90f",TRUE,5,9,2
"081a2802-644a-4e6d-b69f-a17633c1120d",TRUE,5,4,2
"57a1b5af-2bc7-4f19-8e20-1c726b57fee1",TRUE,4,2,2
"227e5e06-c4b5-4615-a81d-462cee5d4944",TRUE,5,6,2
"53f23c6a-7d06-422e-8ef4-edd626fe939d",TRUE,3,8,2
"43b36dc1-4f3e-470b-98a3-0a1bcbf04545",TRUE,1,2,2
"6dc81495-75a1-44bc-a03d-ad218ab7647d",TRUE,8,8,2
"5efd17b7-e9e9-4fd3-bb3e-cabfa9cf292d",TRUE,6,9,2
"810f6bc3-55c8-4e91-92b9-1fc6f396ecad",TRUE,4,1,2
"51b4bb54-eea7-4c64-80c3-657d782232ca",TRUE,1,1,2
"ffd5a94d-1386-4ebd-aa49-971aa374bb46",TRUE,4,2,2
"80c75d5f-ff0a-4498-8548-70cfa554daa7",TRUE,4,7,2
"9340f769-d1f7-461b-9f41-49f2d0e62d92",TRUE,3,1,2
"f3edc2cf-c620-4f75-b93f-784ec82954ba",TRUE,4,7,2
"4ac9202c-94ee-49df-870d-ee6aef9d820f",TRUE,4,8,2
"e5872eb5-6f02-4aa3-ac55-2aa3f5b87358",TRUE,5,6,2
"a280a28a-3349-4de0-8ba5-347a2241dac3",TRUE,3,1,2
"56e8266b-50de-4a31-bb6d-291355b1b819",TRUE,3,1,2
"73663019-5401-465a-956a-ede11c557e81",TRUE,7,6,2
"9b79d232-4e5a-41f1-af3f-2ebd28532548",TRUE,4,7,2
"7f693ea6-63ef-44b4-a25a-e62d42d3d644",TRUE,4,7,2
"9137dfb7-9095-4ab8-a03b-6bad4c198b49",TRUE,8,8,2
"bfc9f368-de7b-462f-9f89-3fbd118d13e2",TRUE,1,2,2
"64a4d115-40d4-444c-a0ed-5497f0ed43a1",TRUE,6,9,2
"e5014c9c-ab3b-4396-86ba-695d26b60418",TRUE,4,4,2
"5df19fc7-5280-4d99-80e2-bd95ca0a4bdb",TRUE,6,9,2
"023c48c4-51a9-403a-9530-bad9b1a8fd26",TRUE,5,4,2
"7dd4bcd7-8d11-4add-bb85-3546700f57e2",TRUE,7,6,2
"333b3a21-b56f-453a-bd48-251305ea1cab",TRUE,8,1,2
"892fcf70-b84d-41cd-97e9-d49941d49a01",TRUE,5,8,2
"85161379-aa8c-40fe-8cb6-f4af59658ba5",TRUE,8,8,2
"ca69f058-4321-4536-ada8-78afdec4f8fe",TRUE,4,7,2
"d32f4bf1-c281-4a36-9836-52d33285fd75",TRUE,5,7,2
"c28af576-fbfe-4346-b7dd-e7704a9d54a9",TRUE,1,7,2
"b8695a3b-b9fc-401b-b9a2-379311fbedf6",TRUE,1,6,2
"a0981aab-efd6-4469-901f-ee96cc501dd5",TRUE,3,8,2
"e3b90521-f7fe-4a22-b6e8-74a71432ec24",TRUE,8,8,2
"54cf14b2-0494-4465-9c9b-426aba3b575b",TRUE,6,6,2
"1c2ff467-78ca-441e-bea0-72047ff1ca07",TRUE,1,2,2
"80caa43d-5e68-4116-b6a1-96b78c7e0d29",TRUE,4,1,2
"436a9ed4-d2c9-4270-9649-9e0f700047e7",TRUE,8,8,2
"de890377-d619-4192-9a1f-1ef57488c369",TRUE,5,1,2
"c85b1a3c-b37c-4de7-9f14-6d896d05dd83",TRUE,3,1,2
"a3584aa0-7070-4f5b-97a5-14e4a63599eb",TRUE,5,3,2
"2d71bb4f-a6a7-4eb7-aea1-17950a5ee28f",TRUE,5,5,2
"24d566d0-6fa6-4e88-b01a-e3e5616d7038",TRUE,5,5,2
"8a27c724-0637-460d-a10a-661256161bea",TRUE,3,7,2
"525526f6-283e-4e9f-9dc9-d269572dd237",TRUE,3,1,2
"eac5c029-223a-4928-b287-fba28dc4a894",TRUE,4,7,2
"ccf5df87-46f4-48a3-a9c2-25a303bf1da3",TRUE,5,5,2
"4debb721-cb16-4e51-81db-e04e6fa3f0ec",TRUE,3,3,2
"c4641ffa-0c7b-41b7-8012-aecbd15733b9",TRUE,3,1,2
"447e66bd-7ef8-426f-a5ff-8a9daaf92769",TRUE,3,1,2
"c2aa83f8-fafe-41aa-a580-f72924693c1b",TRUE,3,1,2
"652e53ee-2853-4e83-9ac6-f36c595ba4b0",TRUE,7,6,2
"b638a5ec-0947-4056-8096-79127b354f92",TRUE,3,2,2
"2f8296b8-8618-45ae-bf7b-f79a2c60d5ec",TRUE,3,1,2
"aa3ae39e-c90f-4bc8-ad73-2f707f32c27a",TRUE,5,3,2
"4d0f704f-dc1b-4a87-95ef-691425e02829",TRUE,6,6,2
"f2209cc2-1450-48fc-acd3-982cbe9914e8",TRUE,5,3,2
"fee00cca-c9a3-4dcc-b95a-53671c5f38ca",TRUE,1,8,2
"3868b6c2-f515-4eba-8230-1af09f52f45a",TRUE,8,2,2
"5c936302-4a46-439c-9306-2404d45e76bd",TRUE,8,8,2
"f74df1fb-17f1-4ea0-acca-787dc0dfbfd4",TRUE,5,1,2
"3e68963f-a5fe-4605-9811-2e802556eed3",TRUE,7,6,2
"60d65e83-524e-4b1d-8296-9375e5a225ee",TRUE,3,1,2
"c05c397d-e9ee-451e-9182-efc682cacf51",TRUE,4,7,2
"63dfb646-06b7-46a5-9a5a-b2a862b29fe8",TRUE,3,1,2
"28efdd9f-c4f3-40f2-8738-03c514078dba",TRUE,1,2,2
"0dacffe6-158f-4765-ae6e-345d21073adb",TRUE,3,1,2
"984a55f3-6052-43ad-b4a3-d9b63532d3be",TRUE,1,5,2
"84b61a5c-a49c-4f5c-b659-7f9eb6a02902",TRUE,3,1,2
"84a27e31-04fd-4bf5-83dc-a3d45d26ee7d",TRUE,1,2,2
"2b2be3fa-f267-40ef-b9fc-b90482c3e3f1",TRUE,8,8,2
"9cd36753-143a-4ff7-a1a7-8ab441353236",TRUE,4,7,2
"180e05c9-d86a-47ec-bf38-a6fc7dfe8a6d",TRUE,8,6,2
"908859df-8728-4523-9181-7e6343332912",TRUE,4,7,2
"6d4207a0-cc6e-4d63-9851-d111195a9a4a",TRUE,1,2,2
"ca0fa25c-189b-4d01-b840-bc30a90909eb",TRUE,1,2,2
"3fabfdeb-9d9d-4b15-9df1-4d863ceef027",TRUE,3,1,2
"9b8e2659-54b4-4a3c-b4d8-40ee6b4b9615",TRUE,7,6,2
"d8091fe9-c68f-4867-831f-afcdd368f0c5",TRUE,3,9,2
"82d03011-ab58-49aa-9a1a-255a90593658",TRUE,8,8,2
"76c9ad22-98c2-4b4f-8d30-b955a77cb39b",TRUE,3,8,2
"076c1581-5f19-41fd-aee9-1b9801d4efbe",TRUE,8,8,2
"1b0b9936-7808-4e7e-b463-eb3f6672b44d",TRUE,1,7,2
"74dfd394-420f-448d-8e31-f871ad033f02",TRUE,3,8,2
"80fdd39d-1395-4744-b6ae-3c0ec1ab51ec",TRUE,5,2,2
"d6e2a928-6e98-414c-8753-e29bcc105aaf",TRUE,1,2,2
"c3819629-2b8e-4523-8325-eef7427c41f1",TRUE,8,8,2
"eb71677b-4e91-44f2-a3cc-ddcdc1841368",TRUE,8,8,2
"83f58352-4d39-4531-a27c-f843e39a3800",TRUE,5,2,2
"708eeed4-7f02-4f0a-80e8-a203e0043c5f",TRUE,5,3,2
"d253de18-9b42-4650-9a77-9c1137d1d5a9",TRUE,4,7,2
"f56642c7-c611-449a-a21b-218473cd5e36",TRUE,4,7,2
"343eb7a9-b03d-49ad-bc14-ffe8aaa469a9",TRUE,4,7,2
"33330287-9e80-47eb-bbd2-c8affe3bff53",TRUE,5,4,2
"047939a4-7aa8-43f7-ba13-9e8524b89ef8",TRUE,4,1,2
"6f58164d-bc8a-4663-9dac-b88b9b107b8d",TRUE,8,8,2
"c032138c-a255-4a65-9a61-9f72307a431c",TRUE,5,5,2
"31039824-32da-4e04-9d3a-b64670f7b4fa",TRUE,5,9,2
"46fc1acf-73a9-41a8-9982-aa65767464a6",TRUE,5,4,2
"adff288c-6182-47e4-939c-7e0e9915e924",TRUE,1,2,2
"e49c576c-6cce-4aa8-b554-0fe0642caea5",TRUE,5,9,2
"4fd3ee3e-86fb-4e48-9c55-17fc335b1fb4",TRUE,1,2,2
"853895b8-8496-4808-b7bf-28c6323b1967",TRUE,4,2,2
"61de2acd-987f-4836-a757-739654f32ca5",TRUE,4,3,2
"a178ca25-c859-4ceb-a8c8-74d7d8e526ca",TRUE,8,8,2
"4ffcc0dc-d493-452b-b38c-f99984f8eecc",TRUE,8,8,2
"b07c8d7f-6001-4a80-8e07-367fce7c0b57",TRUE,5,1,2
"14ce22f9-53aa-43f0-93ca-a6463ffc019b",TRUE,7,6,2
"cd2fdd18-9fa7-4c52-b027-05852c5b53a2",TRUE,4,7,2
"aeecb7bc-2923-4ce5-8abb-5cc586dfd66b",TRUE,3,1,2
"055eb092-affc-49f9-93f5-3e3e05efdce8",TRUE,3,9,2
"a132e596-e1a1-42a6-9290-fcd07f58d260",TRUE,3,1,2
"a0f54fe6-5485-48ad-a819-76d0efb6d8cf",TRUE,3,5,2
"9b16809d-8b76-40bb-a7f8-ba8ca7db4e35",TRUE,5,9,2
"18730225-fa2f-464e-b8fb-59afdb434aa6",TRUE,1,2,2
"0673e123-41fa-4805-9c4e-1de488fd3ac7",TRUE,3,1,2
"5587b5a3-2654-43ae-b92a-43669979f3ca",TRUE,3,8,2
"c250bd09-0a74-4272-85ec-9386b7f08f69",TRUE,5,4,2
"c7f848ad-ba47-425b-a412-b2ecff0b3ad2",TRUE,4,4,2
"c2f7de8f-880e-4669-9a8a-5d9966855241",TRUE,1,2,2
"e2e0e8ff-16ae-45e3-b530-1296cd28b4f5",TRUE,4,7,2
"fe386b1f-2738-4927-b43c-3de9ab84ac2b",TRUE,5,9,2
"27544427-b201-446c-945f-be96082e482a",TRUE,5,6,2
"071943c3-c096-44a7-b59c-e36e841d12de",TRUE,4,7,2
"a3a5cf99-2ecc-45af-8b93-cc65fc796ff8",TRUE,3,8,2
"16af2d67-1ce8-4f81-910b-39d9a42932c7",TRUE,3,2,2
"69e014d4-ddeb-4178-a37c-dd7c3ec46bdd",TRUE,1,2,2
"7272cc4c-fb94-40d7-a9da-364646c95699",TRUE,1,2,2
"f18bee7a-e945-4c3c-82f5-6e55113f7eae",TRUE,8,10,2
"1443362d-caa0-488c-8297-f85368eaff20",TRUE,7,6,2
"02ffc34d-3b9f-4a2c-b277-f422e20fbfff",TRUE,5,2,2
"ba2e9cfd-a8d0-40f9-8cd2-a29b39fef16a",TRUE,1,2,2
"d55ca748-ec46-4af4-83e1-4e2f7a67d353",TRUE,4,7,2
"ee097036-5bfd-477d-be7d-823f95f01a1e",TRUE,3,1,2
"8d537db1-2507-418f-b6b1-3f7207941af5",TRUE,8,8,2
"6167cb31-d60c-48b8-a3d7-1ed7ac2ba5ec",TRUE,8,8,2
"ea0d12f5-b466-405a-8733-e142d1c792a3",TRUE,3,5,2
"c760722a-f91a-48dd-9457-7bb5ded36644",TRUE,7,6,2
"f68e7572-5d67-4c48-98c6-a51e1382c8da",TRUE,5,3,2
"6a68c36e-497c-487d-843c-e542fddcc2cf",TRUE,3,1,2
"848cf695-f0ae-43b4-b560-df8bd6a476eb",TRUE,1,6,2
"75c8a421-9fa8-4567-8d17-5ca2b57a0e51",TRUE,4,4,2
"930a49df-1ad4-4b8d-8c64-720b18593ffb",TRUE,5,4,2
"616c5ea2-27d6-4526-84a5-5bfb9b9ba03d",TRUE,4,7,2
"4e3ad9a3-59ca-4172-ac4e-3b564361f32c",TRUE,4,1,2
"fc0a2e76-8691-483e-9393-7b92a21ac8b5",TRUE,4,7,2
"c4df6700-e306-41d5-8406-31030353b607",TRUE,1,2,2
"16b644d0-00d6-4f80-afbd-b46432e85117",TRUE,1,2,2
"5319a428-72b4-4cb1-9d63-ab0d9b5b4938",TRUE,5,2,2
"6492eb24-cfc1-4d53-ab30-76e14f86a871",TRUE,4,2,2
"47fdb7ca-bfe2-483f-8fbc-fccda18e1d16",TRUE,5,3,2
"2f3b52d5-cfb0-443e-9e22-0115ae29a5f2",TRUE,5,3,2
"6eefb99e-8454-4406-ab08-821de5236ce7",TRUE,5,3,2
"b8ce2798-94b5-492b-a5cc-fd80d56cf08d",TRUE,4,7,2
"e3775527-46f6-4d89-92e4-f406fc0f537d",TRUE,3,8,2
"236485fc-484d-425e-a572-2c51010ff07b",TRUE,4,2,2
"8d9bf0bb-46d6-4faa-9c90-5fc6c60e815c",TRUE,1,2,2
"616e0e1c-5b74-4e1d-8343-140093991565",TRUE,4,2,2
"971df215-eea8-4a39-8ee1-65f89f39e944",TRUE,5,9,2
"7e2c71da-4e0a-413c-adf6-487ae85c2233",TRUE,3,1,2
"0d281b2a-3be9-4289-89e4-c0b7eecc8ee6",TRUE,3,8,2
"87e743ea-4a35-4422-8b68-e26e65509d94",TRUE,1,2,2
"b5c04842-452d-4a89-9687-4cee58a350a6",TRUE,4,4,2
"f303381a-d240-400c-915e-4252c0f82778",TRUE,8,1,2
"4528e281-a2e6-4960-b535-c3ae2bf9e7ba",TRUE,1,2,2
"6400f171-d2da-4b05-a2b7-fa23278fbd0f",TRUE,5,4,2
"9a1e535a-5a36-4bd4-adbb-9a98fd4adad0",TRUE,1,8,2
"121e42e9-e5bd-40ed-82ba-b1a417ff8162",TRUE,4,3,2
"1563f587-d8e1-45d1-bbc7-e61dc68ee60b",TRUE,4,2,2
"1b93f07b-dabc-4a7c-a74f-7849f7c7ee2c",TRUE,3,4,2
"e2ff2469-9112-4cdd-8614-748868f090c1",TRUE,7,6,2
"00ac43d0-6043-426e-b25f-65da5deb8460",TRUE,8,8,2
"caf800d7-ce0d-4ec2-bc3e-bd7c7fb0d304",TRUE,5,9,2
"d8e0e92a-5abe-40cf-be87-e04cbd6c067f",TRUE,6,6,2
"86638b4b-17da-4b57-a77b-11473366d60c",TRUE,5,5,2
"c10aa847-d038-4d64-ae5b-c66b1c1ce6f1",TRUE,4,7,2
"351d893b-b476-46f9-9e24-f680f66fb6c8",TRUE,1,2,2
"eb99e1b4-39ec-40fa-a0b4-9d5de5c46610",TRUE,1,2,2
"d91d6133-e392-4f17-9940-bb0b4dc05578",TRUE,4,4,2
"ee6d0576-bbdb-4b7c-8968-4e0f345fa970",TRUE,4,1,2
"a61219e6-80ed-4848-b474-ac20e86b9a64",TRUE,5,7,2
"d41075b6-01f4-4296-af4a-13e51829b30a",TRUE,8,2,2
"c6bdcdb6-066a-4ae4-9c36-ba1b75e557e9",TRUE,4,2,2
"53bbc433-493f-4a93-83dc-84fc945e6eaf",TRUE,3,1,2
"4f9821eb-c143-4173-a2c7-4b3b78ac45b2",TRUE,5,6,2
"ee1dbff0-5b36-495d-938f-9d202a5e707c",TRUE,8,8,2
"a3ef80f2-b324-440f-b721-9904742251b6",TRUE,4,2,2
"4604875c-a557-4b7e-a42f-2cf098c52f7c",TRUE,5,9,2
"1c2aa646-5eac-4b3d-9056-05e04289346c",TRUE,3,7,2
"d4e02353-c1f2-49b8-8c8e-930e805f5e37",TRUE,5,4,2
"86625d2c-e12b-4af8-b770-edcc43d5477f",TRUE,4,7,2
"44ed72c6-addb-4e1c-b615-598184865135",TRUE,1,2,2
"f78dfbf5-0d25-4d35-83b8-e4baa1c19677",TRUE,5,9,2
"a0996293-d79d-44bf-b608-37637aad16af",TRUE,4,7,2
"e7c3d0b3-8677-42c7-9d0f-78065c7e3ac4",TRUE,3,1,2
"fe25c09b-ff63-42ee-a673-92be8351869f",TRUE,6,6,2
"fed22ef6-64cb-4428-b708-086f7ecee9c8",TRUE,1,1,2
"dafd3726-e04f-48fc-8790-1e15dfa3a210",TRUE,5,1,2
"4ab252e3-476e-4cb3-a83c-4971ee280bb0",TRUE,3,1,2
"f9dd8da3-dccf-4594-b30c-ce4490831ba4",TRUE,8,8,2
"24cdb4e4-78c4-4d61-80f8-ed5d15543e7d",TRUE,3,1,2
"abcc7971-bdae-42e0-ade8-cfdb5e7a7c55",TRUE,3,1,2
"8dea7497-130a-4bc0-9095-c6881142590e",TRUE,3,1,2
"071d020b-8d14-474e-b700-d49c9b072d46",TRUE,1,7,2
"7354a19a-3278-4d4f-8407-a2e543c6769a",TRUE,1,6,2
"81c739a6-71fa-4737-a09b-2ec26be1cad0",TRUE,1,2,2
"cee3e6ff-3212-4341-84b6-d3459c099bbf",TRUE,4,6,2
"d6e1b0dc-c296-40a6-9b97-c4f31237d0ee",TRUE,1,2,2
"51728815-b226-4fe8-b5dc-d97de1a02bac",TRUE,5,9,2
"a6dfbf60-5432-4ecb-8609-417ffefcc322",TRUE,5,4,2
"2e4b6aa9-74ee-4b40-9fdf-19e6a0bfc3d4",TRUE,4,7,2
"9fcfd9d4-6be1-4f60-99d5-32b7ec217ec0",TRUE,5,5,2
"7d4b7b2f-320e-46df-88df-fc5096396002",TRUE,1,2,2
"269e2881-a349-4a1d-bbb9-47f5405ded06",TRUE,1,2,2
"8415c9a0-1cdc-4649-9a3d-db05e5fa70f8",TRUE,3,3,2
"299feee0-ca07-4387-9091-999594a36e00",TRUE,1,2,2
"c50caa30-5f61-4625-8164-4d3dd5998594",TRUE,8,2,2
"84e37f30-a04f-48a4-b14b-413afd1b2343",TRUE,8,8,2
"d002022d-56be-4bf7-a77e-500287735cb5",TRUE,5,4,2
"b6f45a44-b7ed-4855-828d-7f6913b141d5",TRUE,3,3,2
"869d6a49-fe76-4c75-a6b3-ae6b69c2cff8",TRUE,1,2,2
"d07f8832-76ff-4974-8f4c-d28169350700",TRUE,1,2,2
"63246c7f-e7ce-4389-8e52-d40b02b1b752",TRUE,8,8,2
"83eee042-7266-48ee-bc2a-5a9ca9c95004",TRUE,4,7,2
"225bd122-f50a-44c4-8d46-aeb56651e9c5",TRUE,8,2,2
"9b2e45fa-709e-4f69-9593-e7cf5e2a7d18",TRUE,5,3,2
"63de363e-6e21-4154-9004-2ca4c970db8a",TRUE,8,8,2
"2f9d516f-f154-461a-b488-a2ee897aa703",TRUE,3,6,2
"a47d81e1-2722-4726-bbb8-14952d661c0c",TRUE,1,2,2
"6db73258-390a-4303-b1ec-e0090b8478f9",TRUE,4,4,2
"7c69d041-f0fe-45e5-8c7b-6c5b851c9eb7",TRUE,5,3,2
"02b291d9-dfdb-46b6-ba20-d01b355f0a1a",TRUE,8,8,2
"c1bf68d4-3602-48d6-bbc0-20c29293dce4",TRUE,1,8,2
"6ca30a9f-80ca-430e-b464-bf9f99fd6b39",TRUE,3,6,2
"e5e9c3a0-27e7-4407-88f6-baf0cef89fd9",TRUE,5,2,2
"2ae9b9ec-526e-4513-b53b-471d63cb5e09",TRUE,1,7,2
"84837dc7-5159-4da9-96a2-ee14a4dd698a",TRUE,5,9,2
"87cacde8-1921-486e-b160-d219ca539f39",TRUE,4,7,2
"318f126f-4523-493d-ba47-8e24b67cc3e2",TRUE,5,1,2
"acba2a11-e8bb-477a-9b42-613d63dc6796",TRUE,4,2,2
"99771dd9-ffc4-4d7e-a4fc-bf169b75b1bc",TRUE,8,8,2
"2562713d-ef71-445d-93df-22fcbf8eab0d",TRUE,4,3,2
"fdf8c128-ceef-4d9f-b9e2-71c4bc5b8fcd",TRUE,6,9,2
"2fb2975a-106e-483b-a272-685db0f5d531",TRUE,5,9,2
"eb4552c5-070a-4073-a1bc-1b7d76f8bb69",TRUE,8,8,2
"c0ee36f7-1144-43fb-99c4-f9981023bb2c",TRUE,7,6,2
"f69b0853-834e-48ae-82fb-cf7b9de46142",TRUE,5,9,2
"5df8ec53-0ecd-4fd2-a50b-9244f1fe3452",TRUE,1,2,2
"b2bae7b1-968a-46a2-982b-22b12e0f9130",TRUE,8,8,2
"129525fe-9767-45a2-9461-8d3feb75a387",TRUE,5,1,2
"5fb9d4c4-7a09-4338-9038-6cac87fe21e7",TRUE,8,2,2
"8bd3c98e-d595-4efa-b60b-f46a6e4a3e38",TRUE,4,4,2
"bfdc6256-39fa-4a55-8484-4094d5a1ed81",TRUE,8,6,2
"923436d9-f0f3-4919-a403-514a9dd83713",TRUE,3,1,2
"fa142c81-1600-4835-93c8-ec2963f89353",TRUE,5,6,2
"d73c3880-bf5f-4bf6-83e3-8e60a1797c79",TRUE,8,2,2
"d2d93049-ab8f-4b98-820a-7ce643b39382",TRUE,1,2,2
"24dfbc58-86e0-44d1-9e4f-845045b9c2d1",TRUE,8,8,2
"8a778080-de39-4e9b-adaf-ead91f4a7120",TRUE,1,2,2
"0ed9f64d-14e4-4991-81e1-b985acc229a1",TRUE,5,9,2
"a242bd03-0105-4c86-bfeb-6d1cb72f1c33",TRUE,5,3,2
"bacdcca5-9acc-4c07-ac11-3fc0f43fb4bd",TRUE,5,3,2
"e5311192-c98a-4102-a991-76429ff49e8b",TRUE,4,7,2
"e8622d4c-e6f0-4049-bd68-c7fa31c6d6ca",TRUE,8,3,2
"82d607cc-9b96-4e1b-b37b-7e5462f6067b",TRUE,4,7,2
"af7291e1-c179-44ec-aa62-c2003bfcc770",TRUE,4,7,2
"a38f8d81-6643-4120-a1f8-118cb4f7c3f0",TRUE,4,2,2
"9e45117a-b1b4-4fda-9b29-5212c39621b0",TRUE,1,3,2
"52c723b3-0da5-4f49-8027-d1f065fc693e",TRUE,5,5,2
"12383330-1557-47e8-8f9c-032bf03ef073",TRUE,5,5,2
"ad21f26d-400b-4d67-b23b-f70b32c1afc8",TRUE,4,2,2
"6894b693-3dbe-4ac0-a81a-44cd0cdcf611",TRUE,5,9,2
"88c47e03-7be5-4d6a-b020-2c97e384341b",TRUE,8,8,2
"a5f6a362-8590-4341-8b25-2e8cc42e72fd",TRUE,3,1,2
"db6337fd-d89a-4a7f-aea3-645a52dbf948",TRUE,4,7,2
"099c58be-d6e9-4ad3-b9df-c7aa4e8c215d",TRUE,1,4,2
"571d18c0-f0fd-4e9a-9c29-63f661e697fa",TRUE,4,1,2
"b7a554cd-26a2-4046-85df-472b12ca9d11",TRUE,4,7,2
"71207e6e-1e3d-4c85-8c1b-d1d98167e48e",TRUE,5,3,2
"1b54c6d8-92c1-464a-a6c7-6c2b3224d306",TRUE,8,8,2
"27cbd792-73e3-44fa-88a7-7a71ce14722c",TRUE,4,2,2
"552f682d-1886-485b-8274-be206f17c037",TRUE,3,5,2
"745849f0-578b-4bbb-a79a-cd8a35bf3cd5",TRUE,3,1,2
"15d269e2-b737-46cf-8abc-83be1ffa8cc6",TRUE,8,8,2
"5d66b664-d6a3-4e5d-bdc8-7df961061c05",TRUE,8,1,2
"60f77718-70ad-47e9-aa37-1da6508b8aca",TRUE,5,3,2
"5ce923b8-e064-440a-a43a-008b9ccb5228",TRUE,4,7,2
"3298a5ff-bec1-4b24-9e09-449e00760b06",TRUE,7,8,2
"47aed3e6-6704-4ed8-8494-c0bf87a9261f",TRUE,8,8,2
"4d2a3197-1793-4708-bff5-eef9f8970db7",TRUE,4,3,2
"0d4ff3ad-36ea-4cce-a539-353cbd0090e2",TRUE,4,7,2
"75966311-4316-4810-9c5d-ad4d0de4441a",TRUE,1,7,2
"b77f5fe3-67ad-4328-a9ce-94a8df974623",TRUE,4,5,2
"0e9b2256-2c03-4693-b702-ef0c1d09d422",TRUE,1,2,2
"6eb7f11f-27ec-4ee0-9803-ce9928107632",TRUE,8,8,2
"a4e6a035-8b0f-4714-a0d2-03c1543df81c",TRUE,8,8,2
"d1c1da5c-5d8f-4cf5-a342-41bde66f34b9",TRUE,6,9,2
"e7b8f27c-2690-4763-ab12-0d5d29d8ad68",TRUE,4,2,2
"b6a078ee-f8c5-4521-8cfc-284bdaaae480",TRUE,7,8,2
"b6a078ee-f8c5-4521-8cfc-284bdaaae480",TRUE,7,8,2
"c2849395-0814-4695-bcf8-8f6049aa7a41",TRUE,3,1,2
"acf8d12a-dcd8-459e-b1ee-aa371d20bcfc",TRUE,3,2,2
"912f0d9b-3755-49a2-96c8-211625e85071",TRUE,4,2,2
"041d8c68-acdb-48e3-913c-8d854c8394e1",TRUE,5,2,2
"ee8fb064-c931-4bf5-b53a-dbfe4a8026e0",TRUE,5,5,2
"76d89920-0e86-475a-8e68-7d9990d31fb7",TRUE,5,1,2
"50d3f184-1db8-4bf1-814e-c2dc057feca5",TRUE,4,2,2
"555477d0-3d7c-458d-a6e3-b10bd77b7806",TRUE,4,7,2
"c99331bc-7de0-4155-9413-95694667f4e8",TRUE,1,2,2
"03f5cd7f-3770-4dff-a5bf-effc648257eb",TRUE,8,8,2
"1171c4c8-df82-4c5b-b30e-9bca80503624",TRUE,3,1,2
"ed3fb616-cb6d-48b6-8448-693352df1658",TRUE,3,1,2
"f09b0cb3-efda-4241-9b81-e73ad0608a4b",TRUE,1,7,2
"babce62d-a16a-4dae-9446-9e2e194a0fe9",TRUE,5,9,2
"16c101b6-483b-4ef9-8f7c-882ee8abf73c",TRUE,3,1,2
"0531f845-648e-4b3f-9bb6-65be0d509181",TRUE,5,9,2
"667be4f1-f012-4e25-a98f-7b6a793dfd36",TRUE,1,2,2
"5f3e8f5c-9ba2-41dc-80b1-9e72e0916a02",TRUE,8,8,2
"4cccd65e-c145-4ebd-8801-1119f6c8737c",TRUE,5,5,2
"18995bf7-d855-4b29-b6fe-17be94ce0990",TRUE,8,8,2
"7e3befb8-1a18-4a22-976e-ee7fb2b010de",TRUE,5,3,2
"2c40f200-dc5d-4d28-af5a-1d06bf56b557",TRUE,1,2,2
"88cfedaf-91c0-43ff-9738-bb1665bc8dae",TRUE,4,7,2
"bc5dc2e9-78f4-4cad-88b8-371eae0f095d",TRUE,4,7,2
"051bbb80-6389-4c64-8a78-e5c6c32394f5",TRUE,5,5,2
"e9731e99-c953-4f05-93bd-cdf0abf0f141",TRUE,6,9,2
"84057c00-0a55-4de2-a1ea-72dc6608dad2",TRUE,1,2,2
"a8d0db58-d89d-47bf-a267-c269ba730246",TRUE,7,6,2
"b1e4ebed-be41-415b-af42-3816b90a24e0",TRUE,5,1,2
"70fcfac8-4100-43d9-9ae7-67dd23197f3b",TRUE,7,6,2
"0590d68a-4f7d-4e0e-963d-62f30e75af21",TRUE,6,9,2
"174987c5-79ff-498f-973c-40924ad084a1",TRUE,5,3,2
"7a1a7a4c-d6c2-488a-96b7-83bf42514f92",TRUE,1,6,2
"27c0f5be-9538-4bc5-81f9-faea41ed852e",TRUE,7,2,2
"3e52659a-3df6-4001-9ee4-5c4823c563c8",TRUE,3,1,2
"a3f5e6de-4a45-4672-bdd1-fb188f830be3",TRUE,5,9,2
"62aab49a-946c-491d-b7a9-f6f333e723bc",TRUE,3,1,2
"41927a67-a544-4ba1-87e0-c4b79c1e7153",TRUE,1,2,2
"27fc96e9-27eb-4cb3-b7ca-6f66dd33ccff",TRUE,4,7,2
"27929031-9a53-4411-b0f6-d1637d49258e",TRUE,5,9,2
"899be60e-05dd-4242-b1cc-f6c4f31a2acb",TRUE,3,1,2
"8326325a-04b1-42c8-90ae-a9bcb3b214fa",TRUE,8,8,2
"bd896dbc-e43b-47dc-84ce-b63a60a34ca7",TRUE,5,6,2
"1c88fb5b-96ba-4158-b018-076026e8707b",TRUE,6,9,2
"f5aca5cd-cb3b-46b1-acb9-9ab55fa8fa16",TRUE,3,1,2
"aa1b2310-eef6-4c5f-aabd-fd5c9a7e1b05",TRUE,1,7,2
"2e31fd47-1a80-463b-b853-b490432956e7",TRUE,8,8,2
"cbc709a7-c026-4276-943e-35072db496b3",TRUE,8,8,2
"86d6cb1b-1674-41cc-9740-914fae432bc4",TRUE,5,9,2
"2dca03d2-1291-4234-9732-31604e52f441",TRUE,4,4,2
"772422ea-437b-44df-a5b6-fe0d72a3b896",TRUE,1,2,2
"2ebc02fc-9547-4115-8a1c-6b51e80ae0b5",TRUE,1,2,2
"1e632d8e-16fc-4c70-b381-834e492a6604",TRUE,5,2,2
"8679eb91-fd02-43de-9d9b-b0a657b481fd",TRUE,4,4,2
"f872bf90-2ba1-4a27-a7f2-1b4a88c84710",TRUE,3,7,2
"ffc298c8-0572-4f6a-b202-16170b3d4a55",TRUE,3,2,2
"4f52c966-f0d6-45fe-b1ee-d3bafec66fb9",TRUE,6,9,2
"7a5aa1c5-6efe-495b-9f0c-0e0a26e06210",TRUE,1,2,2
"f8e387d1-d563-4675-82d0-0767b5876e81",TRUE,1,2,2
"e16efe50-10a0-433a-893b-ca17373994b3",TRUE,4,7,2
"53fa5bdc-55fd-4376-9580-5a631ba0fab2",TRUE,5,9,2
"c7970e53-7cff-49d9-9dba-725a69bb81fb",TRUE,1,2,2
"e6f858c8-1ec7-43a8-8911-d2cf3eadee22",TRUE,5,9,2
"52d95f7f-d86d-44ad-8bf1-f7efe78911cd",TRUE,5,9,2
"4a4d6825-ec4d-46d7-9127-f29dee68bb9e",TRUE,1,2,2
"3bc72dbd-947f-421b-a786-21affc4e20ea",TRUE,1,2,2
"5f4cb7ba-b9db-48f9-8fa1-f167c4bc0e50",TRUE,4,2,2
"40450f43-6715-4536-84e8-924efe923996",TRUE,4,2,2
"13699d1a-fa03-48c2-a096-dac6716a97af",TRUE,8,8,2
"662df102-3b60-4f7e-b014-ee947e22c73c",TRUE,8,8,2
"3cdc08da-8a84-44d3-9d94-61cb39aa7e8b",TRUE,7,6,2
"10a2e522-55d6-4722-89af-274a795063d3",TRUE,4,8,2
"d6507a76-516c-45b7-ae17-b18d51fc692a",TRUE,3,7,2
"1631aefa-e93c-432f-a457-c5b843880ccf",TRUE,1,2,2
"08ee12a5-d08d-4b78-92cf-6ceb665ccb09",TRUE,4,1,2
"9df21590-64c9-4a8f-870b-7ae7e19dd52d",TRUE,5,9,2
"f70c2c91-34cd-42ee-a535-d7ea323f55b0",TRUE,3,1,2
"cda23944-ad59-4a6a-a310-99f0098522e9",TRUE,4,2,2
"73bbe6a1-41e0-49f2-9163-3db3368472cd",TRUE,5,9,2
"444500f5-ae43-4d61-997f-3f223df7b08c",TRUE,5,4,2
"c6d4646b-80f5-4e2e-8376-ac16cfe97faa",TRUE,8,8,2
"8be603f0-443e-48c0-a3eb-e7fb5bf5b31a",TRUE,1,2,2
"499eeffb-3abf-40cf-9a38-9f9ccc641db2",TRUE,8,8,2
"2208883c-9f38-44a9-b691-7a5529d62df1",TRUE,3,2,2
"d4668a76-f90d-4ee0-ab7c-ced161ed547b",TRUE,8,8,2
"8235c5b7-4b86-4db1-9b96-9fa5a12f7738",TRUE,4,7,2
"98f3bc5d-da3e-4e2b-86d4-fec8ce3bf2b5",TRUE,3,8,2
"8eb3037e-326a-4587-a027-b05193e3eca4",TRUE,8,8,2
"d7be1853-e12a-4c3f-a56a-eaa99974c7d6",TRUE,8,8,2
"3cb35e4a-0335-4d77-b02e-bd709848f41e",TRUE,1,2,2
"faf21289-c5a6-46b1-86e3-7342c971fff5",TRUE,8,8,2
"28552511-a2e1-49a3-a32c-73c7d2712e49",TRUE,6,9,2
"d70bd398-febb-426a-a2bf-c978f3b6048b",TRUE,1,8,2
"cf248d37-f4e4-4a99-b900-2069cc5a557a",TRUE,7,6,2
"0cf36b77-7353-4f43-b640-a9d736958f43",TRUE,8,8,2
"27837a2e-0466-4788-b885-c6a8d1a705dc",TRUE,3,1,2
"51129fa2-a2ba-420b-99f3-3ff89241a2ce",TRUE,4,7,2
"d0030074-5676-4abf-89c9-4364e4b8bf83",TRUE,5,5,2
"52223b4b-4654-47e1-b2f4-ea007deea689",TRUE,4,4,2
"7521bca3-31f0-483d-b520-f405f75045ab",TRUE,4,3,2
"4e6bd1b6-c4fe-45df-aa3a-fa65239ac09a",TRUE,4,2,2
"a53855e8-fcfb-4c97-8223-5fd7317b7045",TRUE,4,7,2
"9e3ea531-4557-4705-a815-dcb6087752a5",TRUE,7,6,2
"2a5b4850-e9ef-4d12-9057-9c72a3f19e42",TRUE,4,2,2
"2622ce4d-7c43-431b-80f2-01630b88cae9",TRUE,4,8,2
"626fb43d-4583-473e-a1f4-33e476c00db3",TRUE,1,2,2
"3daae6af-b6dc-4461-9e3c-eeab1bb0775c",TRUE,1,2,2
"0f94549d-7cc1-45ae-a9fd-b5088b444972",TRUE,5,5,2
"3ca051f4-afc8-4f9a-be58-a6277c5c41d4",TRUE,5,9,2
"cb9cc544-e567-4928-a8ec-afc17ddf456a",TRUE,7,6,2
"5f5e9004-3b13-4c87-9628-8c524eb3ea67",TRUE,1,7,2
"2c041e94-e0fa-45a5-8b90-e8e385055a9a",TRUE,3,1,2
"68acff9f-1163-4c8f-8b9f-6500620dc6c5",TRUE,3,1,2
"615b9a5b-dfec-4f86-b991-bae3bf1f0e69",TRUE,5,9,2
"8867128f-2248-44b5-b974-7a4d52e91129",TRUE,4,7,2
"42640828-7b9d-4ae5-b89a-1cecdefedfa1",TRUE,1,2,2
"92bd6e72-1f92-4189-8430-81ed77a708fa",TRUE,7,2,2
"601905b4-2fed-4fb9-a39e-d26be9136350",TRUE,1,3,2
"2a1f26c1-e743-4af5-b589-e6faea6b0f0f",TRUE,1,6,2
"f803afe8-e9c1-4194-a9a6-70e81276ec47",TRUE,3,9,2
"5bbcfb13-2d31-4258-8900-b450f5f8c48a",TRUE,1,2,2
"d2b22861-7863-4ac3-be84-c3730dea88c2",TRUE,4,2,2
"f8193cbe-f692-4c6b-b402-8db12c4eb10c",TRUE,3,2,2
"1403afe9-f154-450b-b8f2-226ddbd486c7",TRUE,6,9,2
"4d95f7d8-9830-4497-81f3-cbf59208da7a",TRUE,4,7,2
"bd6445d9-a6ae-4fea-a027-8457c82822c9",TRUE,1,5,2
"1ca8e277-5ab4-4511-bc86-54efd9474ff8",TRUE,5,3,2
"72143244-aea2-4271-9169-85fce4bbce6a",TRUE,8,8,2
"fffdbbf6-1785-463e-a4f5-a099da0a220e",TRUE,3,7,2
"0ab71954-98bb-4a50-8c04-f67baba40cd9",TRUE,1,2,2
"4079a520-5db1-4db1-aa02-64f070f46d92",TRUE,3,6,2
"b03deabb-75e0-43f3-bdba-6a59504e8f51",TRUE,8,8,2
"cad133fc-ec5d-4762-9f0c-d587ad843444",TRUE,7,6,2
"28861b74-c047-4dc3-b684-4f178b03a451",TRUE,1,2,2
"778e6b68-fa44-48af-920f-d4ba5762864c",TRUE,5,3,2
"23f00ac9-e393-4f40-a734-319ddcbce5d3",TRUE,4,7,2
"6dedb1cf-38e0-42d4-973f-37f7b0a8dba5",TRUE,1,2,2
"60b2b608-9018-4a69-a929-e2356920c59a",TRUE,1,2,2
"30614a31-e1a9-4f6d-8dfd-acdec6ccc310",TRUE,4,2,2
"918bcdb6-35c6-4016-9ef8-4be8df7786b9",TRUE,5,2,2
"67ee9542-c9f2-42e9-943f-d490ec16c1a9",TRUE,8,8,2
"68f51079-5917-41d6-988c-a71c81d8a1c3",TRUE,8,8,2
"fde18b5d-704b-4dfb-a8d0-a4946557b035",TRUE,6,9,2
"0767be66-9633-48ff-9c6c-fbe838f7039d",TRUE,8,2,2
"b451ba5f-82aa-44c5-a230-bf9565aa2692",TRUE,8,8,2
"3d7153e9-c2a5-4a1e-972e-ada443b2c7ac",TRUE,4,7,2
"ff2b9ad5-4692-4701-9bfe-291f0fc8fe47",TRUE,6,9,2
"c1c4d48a-7255-4951-8577-55821fecba3d",TRUE,5,4,2
"37cdb76e-4a82-4023-a18d-9985779883c7",TRUE,5,9,2
"cbe5888c-c5a1-4e36-9e54-9f08c264106e",TRUE,4,7,2
"ae2d98ae-13f2-4448-bf3c-aacb0965196f",TRUE,5,3,2
"03d952af-47d8-4e2e-b0c8-d1ffc153a53e",TRUE,5,4,2
"e870cce1-60aa-45a2-8ad1-bcee5d8f03cf",TRUE,3,1,2
"61fc92e7-432e-4ebd-b19b-729e6cc3cc5a",TRUE,5,9,2
"192ca1b9-0fc3-4c98-bbda-be6b5e8bf8dc",TRUE,3,2,2
"90d68ec0-9f09-48fa-b819-b18cccc171da",TRUE,5,9,2
"e1ce1f74-d8a0-4e9f-b776-f923f4bcadf0",TRUE,7,6,2
"d6594d9e-2f4c-41c5-8b1d-060b553a9ce5",TRUE,5,3,2
"56ff6cb7-6797-462c-93e1-7c41075158ce",TRUE,3,3,2
"91d839c1-1bf4-41d2-aa2a-4279a4ee5a20",TRUE,1,8,2
"71fefb1a-9ce8-4af4-877b-367f44f8da5f",TRUE,4,2,2
"ca6a868b-cf07-4b96-86fb-f6d20fea6bbd",TRUE,3,1,2
"d2167210-dac9-4742-8288-1b7f12be47eb",TRUE,3,1,2
"3fe18e53-1d84-4e39-a6e5-00848f5329ba",TRUE,3,2,2
"50d52277-d4ed-4c11-8ef9-85028000c653",TRUE,1,2,2
"748091e7-070c-4fe3-bdf4-44fb18bfc763",TRUE,5,4,2
"7fb7b9b6-c309-4866-bfb0-f43126071e76",TRUE,3,1,2
"d09e0c50-d7b5-449c-a97c-a7222b51256c",TRUE,4,2,2
"58ec8406-e585-4bc8-9e8b-6193a0e6e33c",TRUE,4,1,2
"18a36b8d-68c3-4a30-bb4d-154ee8b762d5",TRUE,8,8,2
"5c51639e-8528-4669-9a45-0ae33c781b0d",TRUE,5,4,2
"b0f39d12-b91e-47c0-98ae-cdf9017dea75",TRUE,6,6,2
"59fb7dff-d95a-471e-b587-1e708bb556c4",TRUE,8,8,2
"ea1db1c6-6bf1-4bbc-96bb-05b95e3f90a4",TRUE,3,7,2
"861b7da1-d900-432d-b994-ad58be575b9d",TRUE,8,8,2
"7e66fdb6-afcb-43e0-88f7-6fe69fe0c46b",TRUE,8,6,2
"85814959-1c29-4f29-b876-e78f241726c2",TRUE,4,7,2
"498e9b62-a417-443c-9167-111aa58dd637",TRUE,5,3,2
"b753d15c-6b70-4abb-82f1-0cf778b5b957",TRUE,7,8,2
"29698587-f4e3-486a-a9d7-e6ab8681c3f1",TRUE,1,7,2
"83c972b3-9b3a-403b-a216-a4bb16244269",TRUE,6,9,2
"77efc224-ea29-43d9-aa63-aa00568a141c",TRUE,5,4,2
"29afe96b-e740-405d-8a2b-3c8e8410732f",TRUE,2,6,2
"f80a5976-dec2-4cf6-8a40-a05b24f3cd98",TRUE,1,1,2
"432a0066-4a3a-485a-9b8c-49295cd370fd",TRUE,5,9,2
"1a16e8ca-420e-4cc5-ad94-43b4f0cc2410",TRUE,5,4,2
"51cbe1ff-79d2-4694-b460-655de61e3b8c",TRUE,5,9,2
"3dcd7fdb-6a6c-478f-9c01-51a307f8b759",TRUE,3,1,2
"e6eeb223-862d-400a-b4a8-78229b8bc237",TRUE,8,8,2
"d8a271b7-46c4-4b22-b72b-0bb463dbe296",TRUE,4,4,2
"e611a397-69a5-4726-af79-db1625dadb9f",TRUE,1,2,2
"171f2a93-eabb-4b56-8b57-b420f597e2ba",TRUE,3,1,2
"7e555fd5-6aa6-4c09-936f-9dc7fcc0b7fe",TRUE,5,1,2
"386f54dc-6494-4dec-b447-a076ba964382",TRUE,5,9,2
"d8759b39-65f8-418b-b5fc-1179e087db7c",TRUE,4,7,2
"e2e5640c-d053-4986-aa7a-450a78bfef36",TRUE,4,7,2
"97fda032-c787-4bd3-b1fd-4d4b13a06b19",TRUE,4,7,2
"fc8f6b41-7d29-452f-8fe5-ee28aef30e14",TRUE,6,6,2
"504b9775-830e-4ca5-a151-733e8667ca22",TRUE,5,5,2
"58521831-ba2b-4fd2-baee-e03317941b54",TRUE,6,9,2
"a19cf5e4-977f-4824-9520-1c48890ff50d",TRUE,1,2,2
"30179ef5-44af-4c59-84c6-c33471c6643b",TRUE,5,9,2
"d3c25aa1-5cac-4739-bc7c-12fae51c27a0",TRUE,1,2,2
"b56e2117-c37d-4e09-bc30-4f00c79c0352",TRUE,4,7,2
"7f7279c5-3b8e-45f7-babb-e5ed3434acea",TRUE,4,7,2
"7dcffc3d-2bb9-4519-a1b0-f3b19a500840",TRUE,1,2,2
"71f3b4e3-b968-4515-bde8-a33bca3095eb",TRUE,8,8,2
"e8d0edd8-7cb9-46de-9f04-d134da1406fb",TRUE,8,8,2
"4f5d22d8-e6c9-4b75-a856-d3430c2822b4",TRUE,4,7,2
"facfa7e0-b623-4bb0-aee2-0cb72f5c4144",TRUE,1,2,2
"f4d1183f-1980-46e8-8e52-83a42c876f3b",TRUE,6,9,2
"9e46bb21-fe24-4a00-a41b-dc7d4f5c2e4e",TRUE,1,7,2
"b1f8139c-11f8-4fac-9206-24eb55b02904",TRUE,3,8,2
"6f0b737f-ed76-4978-8fc8-adbdd2a225e0",TRUE,8,8,2
"c268d838-ee73-4a8a-a3d1-5ead798251b5",TRUE,3,1,2
"9a219003-3673-49db-a573-af574c976d79",TRUE,5,4,2
"27d9300a-de4e-4cad-8261-7a2164207039",TRUE,1,2,2
"f9af70b6-16bc-4bc0-b55f-99d8e9c216ff",TRUE,4,7,2
"04256fbb-1804-47a3-8208-7a13db025905",TRUE,3,1,2
"04ad1c7e-f6d6-4b0c-b9ae-41e7a9987592",TRUE,5,4,2
"9560c148-ef01-4059-b8db-0f7ef7f84ee8",TRUE,5,5,2
"8ba3d141-bb00-42fa-a676-909646666d5f",TRUE,1,2,2
"c0f94284-2ca0-48bd-abea-598248714fc6",TRUE,7,2,2
"3bdf81af-099d-4c9d-bdaa-a64add36530a",TRUE,7,6,2
"0045cec5-07cd-41b8-84f4-4b881071d5da",TRUE,4,7,2
"37c43e98-f94e-447a-85a2-747694482154",TRUE,8,8,2
"69301a78-3a8a-4066-a347-09b4a27e4df0",TRUE,5,6,2
"0f5067dd-dd15-4c78-b13c-a77420b3ebfc",TRUE,2,10,2
"a253b81b-fc7d-4b13-84be-b71e4aee16a2",TRUE,1,2,2
"6d3a9d71-19cf-4bb1-bc10-e7c21384e6cb",TRUE,8,8,2
"ab99719f-ecbb-446b-9039-bb8d2073b72b",TRUE,5,9,2
"9ec80d8b-5296-4134-9a97-17eee8e97ccd",TRUE,8,8,2
"e0f75225-8c1c-4818-99a8-e66be2a44a84",TRUE,5,4,2
"9a68f8a7-6700-4c75-81f6-994bc4085349",TRUE,6,9,2
"b7feee48-bc2c-4123-b5f8-20193c526614",TRUE,1,2,2
"854275e8-2f28-4949-b061-d11ef169ad96",TRUE,5,3,2
"65d78a4d-3453-4c49-8a9c-1ce72722b4af",TRUE,5,4,2
"b6b3196e-25f9-46db-8f5a-704cab112f93",TRUE,3,1,2
"9b398751-dc15-4193-ab71-bf9534793dd3",TRUE,5,3,2
"c95d6f52-0e79-4338-a398-b9934fd1ea1d",TRUE,8,8,2
"c1ce30f7-4485-4dc7-9454-b226484f92da",TRUE,5,3,2
"1933c52c-055d-4169-8785-7dc8d886768a",TRUE,5,9,2
"7f784fe1-5d95-42f6-8a78-d091a4a2dfff",TRUE,8,8,2
"e7a72db5-df9d-41cb-8a0a-97c84920523c",TRUE,1,6,2
"3e486904-f625-468a-8a0a-6f5868a8d858",TRUE,5,5,2
"f60364d7-39e6-445e-afc4-4d4f8e2399e4",TRUE,1,2,2
"61512de9-20cc-4f3a-9023-3a19fd4d41df",TRUE,8,8,2
"a0141e7b-508d-4e61-908d-ad8ea612f269",TRUE,8,8,2
"360f764e-ec5c-4053-8097-281a81e62532",TRUE,1,7,2
"5c4ba6e2-7a7f-4025-866d-6ff42c849a2b",TRUE,4,2,2
"3d83f4cd-be2a-47e3-ae07-457f081baccf",TRUE,5,5,2
"de617abe-9a67-4663-9fdf-9bca97a428af",TRUE,3,1,2
"f94b1e9a-501d-41c2-ab8e-977082c029b2",TRUE,8,8,2
"6cf5dfce-1763-4923-bb93-3cc1731862c4",TRUE,1,2,2
"4ca19011-687d-4870-aeaa-6716a4ed9e6b",TRUE,4,3,2
"f43059a8-fa21-416b-a9fd-e60878469355",TRUE,1,2,2
"9b0f5f12-c20c-4bb4-a542-5cf798bce31d",TRUE,5,4,2
"38a71a41-6032-4c31-82c9-521c189839a8",TRUE,5,7,2
"7b484fef-3f14-45fc-9479-31375639b985",TRUE,4,7,2
"ca6bf0ba-6546-43a5-898a-6687deae2aee",TRUE,8,10,2
"b5e36707-2f2a-42f2-9e6f-d83553b89caa",TRUE,5,5,2
"1bf9c5ba-f456-413c-b8b6-6cd9d4706319",TRUE,2,10,1
"48e02069-63d3-4322-81ff-0be8073d6455",TRUE,2,10,1
"50fc0664-2a83-43ff-99bc-61f22313a605",TRUE,2,10,1
"44ecb76e-25fe-4713-a185-f7f4442a59c9",TRUE,2,10,1
"b6ad0702-13a6-4858-8a59-88f99fb44133",TRUE,2,10,1
"eb86c7f3-6712-4941-b9af-e795c25c4184",TRUE,2,10,1
"108a1102-6d90-4a83-a720-c7ba7581ed5a",TRUE,2,10,1
"f950b7df-e444-4be5-a5d0-412440ef0f05",TRUE,5,9,2
"c4441882-1e22-45c4-9f5c-dd89701508ec",TRUE,8,2,2
"758cb058-66e2-4e27-8100-ecbc6ce638e4",TRUE,4,5,2
"0681e357-5fb8-4c99-8a15-4cd4807fd7dd",TRUE,4,2,2
"82237458-a7e4-4b1e-ad45-69468ba637a9",TRUE,1,2,2
"7738cd07-a43a-4bd5-b23c-8fafbcd7422c",TRUE,4,2,2
"ed388aed-d81a-4aaf-8b08-df0e386b5d85",TRUE,5,9,2
"f1b8d805-5fbc-45c3-950d-175d212389ba",TRUE,1,2,2
"ed0b9d70-a989-4480-ac5d-61f989d0a7c5",TRUE,7,6,2
"abd1f330-614f-43ce-9731-906d8ff93f4e",TRUE,1,7,2
"4783d5b3-4001-4ea0-ab30-08ed3c5306b5",TRUE,8,8,2
"a44fc576-cfd1-4ceb-855f-7936cc6a19f4",TRUE,7,6,2
"67511ef6-9637-4679-8cd5-ae36e22ab9c2",TRUE,4,7,2
"fef5a7e5-1e28-4b7f-bbb0-7988009d3a3b",TRUE,5,3,2
"1e901c1a-9e12-4606-a627-0ceb54a88f3e",TRUE,8,8,2
"72dbb1d8-a876-485a-b396-68791ce214f4",TRUE,5,4,2
"5715ade8-d36a-4bd4-ba89-c42ad634aa6c",TRUE,5,1,2
"0b0be811-9d38-424a-8c61-b449abb51a71",TRUE,5,6,2
"d715470e-ff43-40b6-968c-ade009e07af1",TRUE,8,8,2
"54404bb8-127f-4655-8275-bc2b25af84ed",TRUE,5,9,2
"4b424cd1-5b18-4f6c-bb4c-d1c83eebd04f",TRUE,5,4,2
"e801c162-e61e-42c5-b212-22aa92a416b9",TRUE,8,8,2
"d70ef534-c9cc-49e3-a824-6e08cd3bff63",TRUE,1,2,2
"d510a7d3-1fa5-4186-9d8b-a95eeae21734",TRUE,1,2,2
"6d2d9f69-ae9c-48cd-8a9d-99d764edad76",TRUE,8,8,2
"8c66b7a9-65c1-4720-a00a-f8e728a6bce7",TRUE,1,8,2
"f0540f62-9c80-45c8-8633-3a8e6da2d598",TRUE,5,5,2
"717cbbc2-b32c-463a-bd8b-77b39cdafb1f",TRUE,1,4,2
"d1b5d0f7-2ef3-41e7-8cea-3e6571f3b0c2",TRUE,1,2,2
"5576ff4f-d464-4384-9add-f3b6ffd42f73",TRUE,1,2,2
"e2244d28-b35a-4c8a-a227-c1d1fb4c3856",TRUE,1,2,2
"531d5d5d-76bb-45cf-8f0b-b592cafd096d",TRUE,4,7,2
"a5862a8a-f581-42d8-8fb5-27b8178d4cac",TRUE,7,6,2
"6aa2c611-2208-4086-9eee-afa6c03e0231",TRUE,8,8,2
"90062379-fae6-431e-9868-13a3e3b8d415",TRUE,5,9,2
"5f95a8b8-62d4-4b24-8d02-460963fb96a2",TRUE,8,8,2
"c026afff-fcea-4736-b820-eeca81096bd4",TRUE,8,8,2
"fba26b39-c011-45c3-894b-a865ada7342d",TRUE,5,3,2
"bc451ff6-58be-42d2-a46d-e7d859d520d4",TRUE,3,1,2
"9c7c8f66-3a30-4a7a-a46f-979c1d640835",TRUE,4,2,2
"0d5233f0-15d0-424e-86cf-2628d87f9fc1",TRUE,5,2,2
"5951bad3-1089-4b1f-abdc-7e91539782cf",TRUE,1,2,2
"29d2951d-1217-4f34-a11d-06c5cb89034e",TRUE,6,9,2
"6be874b4-381a-4a2b-9c41-ab66c6f904ef",TRUE,4,7,2
"0fa6db85-11e9-4db9-b096-edf0e7c717a8",TRUE,5,3,2
"31288751-1f9c-490b-a5bd-6ca208240dcd",TRUE,1,2,2
"35a22818-c674-4020-9ef1-566eef74da77",TRUE,5,9,2
"af123334-d1e9-40c1-8a8a-6b30f78eb317",TRUE,4,8,2
"4a8c80bb-b4b3-4278-b505-a307c8b4637b",TRUE,4,7,2
"9ab0393f-b2bd-4fa2-b767-d3669264475e",TRUE,1,2,2
"e3872363-7613-4b81-b091-ac74ddb07c29",TRUE,3,7,2
"966c86ef-76a5-4ce9-8450-507c4738766a",TRUE,1,2,2
"acbc36fa-3e54-4119-a724-8a20ba000b98",TRUE,5,6,2
"7a7a0acc-c035-400e-ac52-1e9069f8b8f2",TRUE,6,9,2
"d7c2fa76-409f-4590-9865-a05961ffa328",TRUE,1,2,2
"f585cc10-86d4-4460-83bb-b5e978377fd3",TRUE,4,1,2
"388602db-6e2b-4e7e-84bb-82e45778f9fc",TRUE,8,8,2
"e19285fe-37ac-45df-9a0c-1076bd3b943e",TRUE,4,7,2
"c7e769b5-50f2-4344-ae51-95eb2d3dd237",TRUE,8,8,2
"4f1714bb-1ebb-4d2c-a6e6-6928a4352d7f",TRUE,8,8,2
"c119723d-ae37-451a-95a8-cba7b0159f69",TRUE,8,8,2
"63951c92-2307-4e33-89a6-ce6296d8f2bf",TRUE,5,2,2
"719d9e3a-1a5b-48bd-869e-45a4c1a8f720",TRUE,6,3,2
"8d776538-82fd-41df-8d44-51e7b6a44d02",TRUE,4,7,2
"028a6322-d24a-4957-ba67-0ac779fb8dae",TRUE,4,8,2
"7c7c8dff-4bdc-42a9-a742-5a0b7851e5df",TRUE,5,2,2
"53190741-2476-48cc-84af-c77f9d9bdd7a",TRUE,1,4,2
"bd9eea8a-584c-43e7-83f2-1b9e53ef1eee",TRUE,8,8,2
"bca62b0e-9148-4eb2-810b-7b4bb79627c1",TRUE,4,7,2
"c589ef50-167f-4b59-8755-0d483d3692fa",TRUE,1,2,2
"e5197f27-cbb0-4078-872a-e06424227917",TRUE,1,8,2
"1803e47b-39ea-4ba6-bbb6-7d7a0fd5656d",TRUE,1,2,2
"229a2252-dd2d-495d-99ec-7b62699fd103",TRUE,5,4,2
"aa63713b-fc87-41f2-b9fb-32b9875c1087",TRUE,3,7,2
"dec67814-ff8d-43bf-b711-c1d0992f5c9a",TRUE,8,8,2
"fb599ea8-b0d7-47de-9f58-34a31bad5db8",TRUE,8,8,2
"5d2d97f5-e067-4a85-8d6e-d4f0d0381c3c",TRUE,4,7,2
"f2e6ab96-4ed3-4dfe-88db-d63d9c5adfa4",TRUE,4,2,2
"c5012f8e-947b-49fd-9f67-0adcab138e79",TRUE,6,9,2
"60ead15b-506e-48e9-9ba3-340bb6e5daae",TRUE,4,7,2
"4166468c-af6d-4aba-99d8-08cdb37ab289",TRUE,6,9,2
"3456225f-2c65-4a1f-9660-5e73fdfa9532",TRUE,8,8,2
"cedc70de-7b02-4f64-a319-e432a1cd1d6d",TRUE,1,2,2
"79c64f24-0cf6-4e26-841e-9632b3c6daaf",TRUE,1,2,2
"4cf256a1-fedd-4ddb-a384-b8bce755304c",TRUE,2,10,2
"e0b3e8dc-cc77-4ca4-98ab-a0fcbd950a8f",TRUE,1,2,2
"44a1d25c-a792-423d-bed7-3c8f9ec2d783",TRUE,4,2,2
"4ec8a5d0-273c-49ac-8c2a-3b73067a81b2",TRUE,8,8,2
"66c7b9cf-8933-4e97-86bd-09598bcc99b9",TRUE,5,4,2
"5b3c37f7-c924-4e73-bd2e-d2ff8d8ecc0d",TRUE,5,4,2
"f63cb0d4-b0ba-4898-9348-97feb2748cc5",TRUE,4,7,2
"98d4fb5e-b422-418d-b2d6-b40e3bc2437a",TRUE,5,4,2
"4387676f-1703-4431-a5db-541a11b88c52",TRUE,8,8,2
"315196f7-4c7b-4146-9115-6d0b8856408e",TRUE,4,3,2
"6b8b7087-9278-4f68-8950-5fa4f6f259e3",TRUE,7,6,2
"a18b79fe-2b74-4b59-9ca8-490a890da548",TRUE,1,2,2
"324f67d3-dc40-43d8-b444-ca43a23bc3f7",TRUE,7,6,2
"1ab66b05-8071-466d-81db-b356fb7df16b",TRUE,4,3,2
"63d2eaf7-4c76-440f-bb9f-b1fcfa68c255",TRUE,5,3,2
"4d08570c-b020-4ede-bc82-8ec73958e3d3",TRUE,3,1,2
"bad972e8-6a47-49b3-9b61-3534ec3cb9d6",TRUE,3,1,2
"fcc74b68-0d45-40c2-a8df-b81cdf99defe",TRUE,8,8,2
"4054e9e1-2a0b-4682-b278-950124b21394",TRUE,5,7,2
"255ae959-9e47-4250-aa3e-5b195f55476d",TRUE,4,5,2
"0004bb08-8342-46b1-9b7d-78325269f558",TRUE,4,7,2
"39d43cef-b952-449e-921f-89a332e81f7e",TRUE,8,8,2
"756f0c03-cd30-4820-88f3-9430ada0c5b1",TRUE,4,8,2
"aafe42ff-ab12-45d9-a9ae-7f05ae660de2",TRUE,8,8,2
"60c9ddce-6d6d-4ab3-9350-e179bcedab01",TRUE,5,3,2
"77ae90da-1264-4ab7-8252-73d0c6d8f59b",TRUE,8,8,2
"051ac4a7-53cb-46c9-856d-7bd8fa230b27",TRUE,4,2,2
"933f35ec-8fb1-4d34-8e76-861dd70fec4f",TRUE,8,8,2
"49b6963d-7d57-483e-9727-b316736b36b7",TRUE,1,7,2
"3f9844f6-7c3e-4156-b3b7-9f84c9527281",TRUE,4,6,2
"3e51ca8b-dce5-43c5-94f2-f54f21998f79",TRUE,8,2,2
"251347ee-f05c-455a-90c2-8a02fa98acc0",TRUE,4,7,2
"cc6f30d7-af41-4438-82f3-262431bcd8a6",TRUE,1,2,2
"e23360a8-63c4-496f-840d-7fe4e423a417",TRUE,1,7,2
"c3152ec4-71e3-4f78-8e8f-2f6e3b63489f",TRUE,8,8,2
"75264f24-8d11-430c-b80a-ae898a6b5c16",TRUE,3,1,2
"25a1aee8-ac7e-43aa-adfe-ce754c87dd18",TRUE,6,9,2
"e90617fa-e972-41e1-b2b7-5e5dbd80f5a3",TRUE,5,4,2
"3b1b2984-1cb6-49af-88ef-008af8655315",TRUE,8,8,2
"839295a4-155c-498c-a345-51b12a94c6d4",TRUE,3,2,2
"f8f0f846-7072-4473-b2ad-58e11e62e1f8",TRUE,5,9,2
"ee46a57e-ebdb-4a2c-8094-4de38f61497f",TRUE,3,1,2
"a38631eb-e1bf-4128-98de-510fb68b12dc",TRUE,6,9,2
"8f47db5e-4107-429f-8b80-ba80d01b81b6",TRUE,3,1,2
"da7cf41c-09e9-4bb6-a357-5f583824df47",TRUE,6,9,2
"b8d69fa3-f9d7-40e6-8844-555656f15745",TRUE,5,9,2
"265c62ff-016c-42ca-8566-e0299b349383",TRUE,5,1,2
"5609e22f-a045-4f1c-ab39-b40a4be81a9a",TRUE,8,8,2
"63252519-ede5-4c8b-83f4-4c3b08bb9b0a",TRUE,4,7,2
"7813c3c4-98a6-40f7-a4f7-e9ef754dece7",TRUE,3,1,2
"58cf4e07-51f8-4d28-aaba-f07f4a008f87",TRUE,1,5,2
"8fc0bb08-7dff-4035-8e71-e26dda449a61",TRUE,5,9,2
"f1e1216c-f644-4a31-84fb-064c73cc6cfe",TRUE,3,1,2
"6f95e09d-8b95-477d-a0cf-8384907e12dd",TRUE,8,8,2
"5b670a31-7e63-40d7-8de2-c78823088037",TRUE,1,2,2
"efa9f977-3837-46b8-8f43-4cf1d34d8858",TRUE,5,9,2
"32d8c517-1e9e-4876-a893-2fbcddfd5e50",TRUE,5,5,2
"154a9055-329c-40c0-9a72-45e8ca6d1b5e",TRUE,7,8,2
"35bfb91f-4254-4335-a652-d522e05b4222",TRUE,5,9,2
"52d83768-d1fd-4e70-b5c0-e4584acaec10",TRUE,8,8,2
"77bef103-0565-4632-be68-45ba42a39061",TRUE,5,9,2
"ec4aaea5-fbcd-428b-a127-ce6455e5b45b",TRUE,4,7,2
"805ddaa3-c681-481b-ab36-7d84f14efc7b",TRUE,8,8,2
"7dbc948b-240c-42b7-a432-de29df88014f",TRUE,6,9,2
"f54143b4-2773-49be-a3bf-84cc4417c314",TRUE,4,7,2
"19ce8aec-95a9-415b-ba35-fd17e20c538e",TRUE,8,8,2
"28fb091d-362a-423b-b7eb-c544b84db572",TRUE,4,8,2
"aebaaceb-bf45-441b-b0de-3382e5932b82",TRUE,5,2,2
"e32ddd82-1b98-4b38-b46c-f395efdb5dc0",TRUE,5,9,2
"f20b1324-dcc7-4a9b-ad05-df8268700f87",TRUE,1,6,2
"c94bcb7f-66be-4297-a6dd-fa155491d3c9",TRUE,8,8,2
"59433136-0b48-4e66-bf16-00275dc19124",TRUE,3,1,2
"1f3cd6eb-f132-41bb-9725-8cadef7885df",TRUE,1,2,2
"a85dfc40-141e-4352-ac34-6c5997c8b4dd",TRUE,3,1,2
"3933aec9-2149-40bf-95b0-58f356ba4ffc",TRUE,8,8,2
"7e968e17-7cb7-4e66-aaeb-92deca2bc4d5",TRUE,8,3,2
"f39e3a39-348d-47ca-94ce-0f813d663f8e",TRUE,4,4,2
"91bfb1f6-f30b-442d-9f4c-48320e77c39b",TRUE,5,7,2
"fc3f6efe-a663-40b7-935d-4d3c6939c7e0",TRUE,8,8,2
"ff59e7d4-9d31-4c36-b735-e61a62a40628",TRUE,5,9,2
"2ce2f065-22bb-4b50-98d9-05ca6947e517",TRUE,3,8,2
"1da0534b-f3c7-4ad2-a270-d5526bef8850",TRUE,8,8,2
"5c5bbec9-d16c-4c94-af9b-713592bc379f",TRUE,8,8,2
"74b02422-3c9e-4f4b-a329-38e08211a3f2",TRUE,1,2,2
"75fc5db7-c0c4-44a7-bff5-2999c7be7483",TRUE,1,2,2
"dd131db6-328e-4fc4-a24c-56958fc44a03",TRUE,4,7,2
"edb4ad11-79fd-4b2e-9dcd-1e626a9132f1",TRUE,5,5,2
"af892c73-96cd-48ee-b502-7b2a96abac2d",TRUE,3,1,2
"b0cf67a3-1c2f-41a8-a600-f0d482d9e4bd",TRUE,7,6,2
"f2ac1e53-1bd0-4dec-843b-0bf041b79798",TRUE,8,8,2
"922df2a0-bada-4b5a-ad3a-b1cdc94ebbab",TRUE,8,8,2
"a096fb19-05f0-495a-bf84-5399c10174a4",TRUE,3,7,2
"7e9ebd17-db39-46e1-81fa-1bb4df54081b",TRUE,3,8,2
"c8114299-60d2-4591-a1d6-ecf0c3ef68ab",TRUE,4,7,2
"dfcbfa7f-ba6c-4082-8517-d56976ae26e4",TRUE,1,2,2
"be3e6a23-add3-4d37-8d03-683bc7bdadb1",TRUE,3,1,2
"cca07d40-bec9-48e8-837d-f07e610305d3",TRUE,1,2,2
"fb3b53d5-ec9d-4bbb-8e25-914c889745df",TRUE,1,2,2
"b888f205-3eb7-4155-8162-afe1c6596a4e",TRUE,5,9,2
"2abf9a57-4587-4c03-887c-ca9bbd9a4a01",TRUE,8,8,2
"b49c6f67-17ff-44f0-b1e9-d19023b35946",TRUE,3,4,2
"6a1bea52-a16f-4312-a33d-04aa6e065e55",TRUE,4,2,2
"994493bd-383f-409b-9cd1-eee27d23e383",TRUE,4,7,2
"6fd62519-ab1a-4cb4-a129-8633e7399ded",TRUE,8,8,2
"c80002ff-08d4-4233-85dd-fbefcdc29975",TRUE,1,8,2
"cf350a48-25ca-4a7f-bb06-1544a0dbc289",TRUE,3,1,2
"af365617-9985-4f38-a4fb-8d2e1e8e44bd",TRUE,1,2,2
"dcea6561-b1b2-4700-958a-b9193a5da68d",TRUE,4,7,2
"a8dc7ab3-5bb1-4b50-9e67-6de6eee309d5",TRUE,5,3,2
"0f458121-84da-4d5b-ac51-9323f2afc4d4",TRUE,5,7,2
"837a5ac1-d85c-4e0e-8498-fa60dd8ffcc6",TRUE,5,9,2
"1e909d8c-a19d-49e3-8f2b-5496dfa17c1d",TRUE,1,2,2
"faa7ba78-9e98-445b-aa37-3e0b24d47950",TRUE,7,6,2
"1416bfa5-5a1d-4121-96fb-1fd64d240907",TRUE,5,9,2
"523dba60-8a81-44be-b75c-a042ddf23bf4",TRUE,1,6,2
"9c005420-5f95-4747-9501-0ad2e3b01819",TRUE,4,8,2
"e7607ce6-0e48-47fb-be36-edb540e4df8d",TRUE,5,4,2
"92e6f9d9-c185-4cba-b5e6-25b681de953a",TRUE,4,8,2
"28be117e-9f2c-4a0c-89d3-a35c2eb77530",TRUE,5,4,2
"9686f53e-b29d-4727-ac55-70af21873225",TRUE,5,3,2
"29919cec-fc36-4011-9388-2e1572872437",TRUE,3,1,2
"37ab0a6d-d958-4c50-83c4-d538710ec047",TRUE,7,6,2
"37ab0a6d-d958-4c50-83c4-d538710ec047",TRUE,7,6,2
"97eaae46-441d-45b4-8521-57176125e29a",TRUE,5,4,2
"726e5888-afa9-4f69-8859-3013257646c3",TRUE,5,9,2
"902ea071-e25b-467b-8204-5475ce08d27f",TRUE,8,8,2
"7c2c0ebc-86ac-4b00-b5ed-81322feff125",TRUE,1,7,2
"0e2b8fcf-6ba8-42a9-8443-7eb9783f82ca",TRUE,5,4,2
"eb09891d-55d4-4d32-b011-2d891fffc527",TRUE,1,8,2
"20e51102-971d-4fb7-93e9-b78c2ab9be0b",TRUE,3,1,2
"5d180be7-f58b-4fad-bec4-11a97fe2146a",TRUE,3,3,2
"27be547c-885e-45b1-b14b-18178c67374e",TRUE,4,2,2
"b87b81fc-f9b6-44fc-8d68-3f7566d9ee56",TRUE,1,5,2
"9cdd93c3-8eb4-4a04-b1fc-4a2e9ac61ed7",TRUE,5,3,2
"2c5354d8-4949-4166-85ab-c3d389606a6d",TRUE,5,4,2
"608c89ee-8c09-4b74-894f-e36dfe554a3e",TRUE,4,7,2
"127ffe3e-b8db-400d-8aa4-f15bd0ea2333",TRUE,5,9,2
"cd976aa3-9122-4578-b57e-d9eb5d72737f",TRUE,5,6,2
"c0ddb1c8-09d0-4055-a9ac-bb4d03ebe25e",TRUE,4,7,2
"227b1e99-9373-4ddd-b9ad-711bae67bb8d",TRUE,1,2,2
"cc32e843-de66-4bd0-9f13-6ca8b853b931",TRUE,5,6,2
"c3ced373-bb40-45f5-9b3e-632df40866b4",TRUE,8,8,2
"52a49ca7-d358-4434-a67f-8b95412a5165",TRUE,4,3,2
"c13ae556-901e-4ab9-9d8c-56966374456b",TRUE,7,6,2
"67f7a4a7-3cfe-4902-9c93-4cc75bf801c1",TRUE,6,9,2
"78a5fc65-2c32-4858-9306-55257a676f84",TRUE,4,7,2
"70a41516-8f89-4bb7-88f2-382567a1ac86",TRUE,3,8,2
"f6c03943-8142-4a4f-9bf7-35e87fe58e9e",TRUE,4,6,2
"0763a6eb-dcf2-4c95-bdfd-391362f78dda",TRUE,1,1,2
"ce85f85a-f5d8-4250-9e0c-630ca0e62d48",TRUE,1,2,2
"34458a68-7674-4224-b5bc-374bac69712f",TRUE,5,5,2
"6d72a3bb-c7ed-4d57-9080-3d4082008ca8",TRUE,5,2,2
"2d127427-95e4-4531-a78b-80ac480926e3",TRUE,7,6,2
"22c7c22a-a227-4928-b44f-cae887cdb5e4",TRUE,5,9,2
"14edb24c-719e-42bb-b779-980566e5afe5",TRUE,5,6,2
"59ddc6b5-de6c-456c-a61f-343f154d7a02",TRUE,5,9,2
"6a6a4168-c707-4020-ace5-fa9cb4d8029a",TRUE,1,2,2
"f41bf0f3-0b30-412a-bcbb-65ba6d621bc6",TRUE,3,1,2
"cf73c0dc-b516-48f1-8112-9dc509e2375f",TRUE,6,6,2
"2b7566b7-3c44-4719-8da0-7ca22c6bfb99",TRUE,2,6,2
"acdc2a4b-76d3-4fb0-bfae-495d64e6fcf9",TRUE,3,1,2
"9e01ebb8-7307-4790-8b75-23ec809f9ef2",TRUE,3,9,2
"3b0ffac8-f0db-4268-8622-6d5ee90e0c8e",TRUE,3,9,2
"23b5d37d-b714-408a-a979-8cadcf9d870b",TRUE,8,8,2
"0599f54f-e8ed-4183-bb2d-be800553b356",TRUE,8,8,2
"888f85df-e199-482e-854e-3a901da7d806",TRUE,8,8,2
"ca925603-1103-44d9-93a2-761d01f00afa",TRUE,7,6,2
"860f858d-50bd-4144-8913-c77f841f0f76",TRUE,7,6,2
"bef0e0ca-b04d-438f-80c7-3ea4bef00e30",TRUE,1,5,2
"0d0687ad-3732-4f0f-8b71-d38429e68f81",TRUE,6,9,2
"586e3256-76a0-4703-a479-bb7f12a9d2c7",TRUE,1,6,2
"8f7bf5e1-9ee8-42a3-9f52-3339bfa3b66a",TRUE,4,1,2
"a62687bf-d127-490d-a433-fabaa8295e8b",TRUE,4,2,2
"efd96f7c-04a7-4aab-a9c2-a60e3dedb2ba",TRUE,5,1,2
"a878d435-3431-4ac8-ab1f-d2408dc19d4e",TRUE,3,2,2
"627db9a5-e852-46c2-bb9d-f305e318cf8b",TRUE,3,1,2
"da2bbddf-ca77-4c53-b683-3f756a8ce53d",TRUE,8,8,2
"5f66e1db-05b5-458e-af14-170c27c85840",TRUE,4,3,2
"cb56e9e2-95f2-4909-9883-2e7b971eb3c5",TRUE,8,8,2
"af7b373e-eb08-4faf-bb5d-370f475f83e6",TRUE,4,2,2
"8d72e3b4-c3af-478b-916c-cee911cea257",TRUE,1,2,2
"a01ff43a-b011-42c5-bea8-52f7dbc94d95",TRUE,1,6,2
"717dd38e-0c42-4378-b62c-3352f76454e6",TRUE,4,2,2
"363c2de8-922d-46e7-959a-00dcea88754b",TRUE,1,2,2
"332ff72b-e896-40f4-b209-833e43f02407",TRUE,1,2,2
"efe29e8a-4f6e-4f11-bb4e-23a68d464ce1",TRUE,8,8,2
"7038aa54-c66d-42e4-a20b-fe7e6e2ad323",TRUE,5,2,2
"6219fcbd-1de5-4a4e-b7e9-e8a0cc49628a",TRUE,5,9,2
"9c6e6f9d-5269-43b4-8002-fae8273c2a5f",TRUE,1,2,2
"e023922a-e57b-4222-ba97-3311dbd098f8",TRUE,4,7,2
"9b4d8738-b256-453f-965c-03ee5e78622a",TRUE,5,9,2
"e37d1521-a57a-4e75-b6ed-80e0dbc0ec27",TRUE,5,6,2
"6ccd31ad-fe41-4c96-8d34-ab43f83f8ff7",TRUE,5,7,2
"694c0970-3847-4e66-ae83-16bf30a0dffa",TRUE,8,8,2
"fa0f5783-34cf-48d9-a19c-a3215e1d86da",TRUE,1,4,2
"7854e19e-97af-4ce8-9d4c-c21df600d0ef",TRUE,5,4,2
"b9027f6e-c99c-426c-b28b-3b7351a1a463",TRUE,5,9,2
"20db0409-f159-4c61-9f5d-2907bb040903",TRUE,5,6,2
"2a05ef9e-c98d-422c-81ee-b999e80f6a3c",TRUE,8,8,2
"06feb7cb-c36e-4be5-b9f8-13247331c761",TRUE,5,9,2
"21180242-0ef7-4746-8445-d53648cc4316",TRUE,5,5,2
"dde06300-f22c-44da-a5fd-f2e90e2977ec",TRUE,8,8,2
"b91060c2-6cf4-40b2-b820-1cbf32e7b46a",TRUE,6,9,2
"f1db8943-1a4c-4b64-b709-7f295b8b7072",TRUE,1,2,2
"5628726c-33ea-4c64-888e-2e6dc9c36ca7",TRUE,4,7,2
"85447e2d-d16b-4ef3-a40e-0a035b832ddc",TRUE,3,1,2
"5631faf0-31ca-4b11-97ba-50833a49a1b1",TRUE,5,9,2
"cb717460-1627-4cfc-8613-1b8722a8b724",TRUE,5,4,2
"ef7e647c-8141-4a44-b31f-e485788985cc",TRUE,3,2,2
"32e5f749-b3ba-47e5-b813-802c2054d5bd",TRUE,3,1,2
"2f04f815-5e97-4e36-92a4-e126356f1131",TRUE,4,7,2
"b8d326cd-aa36-4e1a-a84a-f9d9149d7973",TRUE,5,5,2
"dc2cabb1-bf53-4c20-a38b-a5c85943fa15",TRUE,8,8,2
"8d09638c-75b5-47cb-a5fc-da99f72b208d",TRUE,1,7,2
"e92487b0-50ac-4ccb-b0ad-b668c86e492f",TRUE,3,1,2
"148988d8-cebd-4d79-ad21-18264ad6c6ae",TRUE,4,2,2
"1839e3f0-fd19-4bbe-843a-dc640062d22c",TRUE,7,6,2
"f1feae25-1fdd-472c-8acc-924fa16fe2ee",TRUE,7,6,2
"c03bfc21-dfa5-4a64-8c38-b5b3f23f4505",TRUE,5,3,2
"945efc62-2775-42cd-9703-8052a2296dee",TRUE,3,1,2
"f93873de-61e7-4870-ae14-0392a4e70a45",TRUE,6,9,2
"1fadb701-7c1a-4932-a3a9-39d1fa3e767a",TRUE,4,7,2
"69394ab7-0c20-481e-838f-3c77b18c9850",TRUE,5,2,2
"43c7a896-d156-44ea-9603-496f75603d4b",TRUE,3,7,2
"7165fb1d-ad90-43d3-9544-cc5e879f8459",TRUE,3,2,2
"cab81b41-6cab-4a70-a9ff-4dc1c504faaa",TRUE,5,9,2
"b48d2227-2ba4-49b1-8423-4860b83c960a",TRUE,8,8,2
"1bc49d3e-083f-4754-bdf2-55c8ebbec800",TRUE,3,1,2
"f823e5a4-e112-470d-9689-87d0b4ed3a66",TRUE,4,7,2
"67dd2435-ab9a-4bac-b057-7f39963b708b",TRUE,8,8,2
"41f0e2de-a4cf-4af3-bd63-f1287a1bdbc6",TRUE,3,2,2
"2155b41d-1a73-4f02-ba47-794838fe6303",TRUE,5,4,2
"9d993a12-5a00-42e7-951f-1f54718dd1c7",TRUE,5,9,2
"768fd031-9d0a-4a77-ab34-26aa1ad65113",TRUE,5,3,2
"d22b9830-b1bb-4621-8270-874e846e1aab",TRUE,5,9,2
"8fb8437c-82d0-4d1a-b762-b1b3a84d0faa",TRUE,5,3,2
"9e8dac50-71c3-4316-be19-de9634e435c4",TRUE,4,7,2
"fd695f99-4d5c-4302-b060-2c433d757f3f",TRUE,1,7,2
"52893f5b-ed4a-4d91-b18e-33b5e3f7fa17",TRUE,8,8,2
"28d67085-bd8f-4b37-8207-b9b1a9693bb3",TRUE,8,8,2
"5ba1e40f-f06e-4a38-9986-8a4716deb657",TRUE,8,8,2
"f4a3637a-5e22-4eaa-a3dc-9d6805869cb5",TRUE,8,8,2
"b1ec96b0-2b2e-4815-8465-0381a8246fc9",TRUE,5,6,2
"f6d95926-5f7e-4b01-ab86-53c566cdca9f",TRUE,6,9,2
"cb64969d-ba45-48ae-ad9a-e818ad933a56",TRUE,1,5,2
"5d30473f-9e92-4cca-a64c-02010ced160b",TRUE,3,3,2
"e221ffd1-8406-43cc-ad30-9a07c219be7d",TRUE,8,8,2
"f11466b4-d39d-46d9-b183-53ab49bd3251",TRUE,7,6,2
"7cf9a4ad-e7de-4143-9fd4-c452ce11b229",TRUE,4,7,2
"bdf69927-a1b0-4a65-acf8-9f91e764135f",TRUE,5,6,2
"77c4a613-2fac-42ab-900d-6abd45910ae8",FALSE,NA,NA,NA
"a4fa86c9-2528-49ff-9170-4c6240322274",TRUE,5,3,2
"6e96b608-2ca9-4c5b-a833-d6748f534295",TRUE,5,9,2
"ffb045cc-6d04-458b-8267-1c43490add52",TRUE,3,2,2
"4779ece2-706f-406c-a8a7-baa9b0245bd6",TRUE,7,6,2
"35d00507-4cf8-4f5a-883a-51449ac184da",TRUE,3,7,2
"a302e29f-6405-4502-ac7b-0cd130b6dac6",TRUE,4,8,2
"ff375016-6dcd-4a37-8db7-d71a61c805a6",TRUE,4,7,2
"a5e0122c-8db5-429c-9e3b-2989977419e0",TRUE,1,2,2
"a176ded2-24a3-4f05-a591-233ee31784f0",TRUE,8,8,2
"14e04add-8991-4702-9fb7-23143e23b93a",TRUE,5,5,2
"1c1f8705-7f38-447f-8cb8-cddbbbe1814d",TRUE,1,8,2
"b53a59e9-9d35-4263-9ff1-9deb6fcc6a7b",TRUE,3,1,2
"0de6e7f7-bf5c-41c7-a246-d0c5cc7adf5d",TRUE,5,5,2
"d5f53f94-bca3-401d-b8bb-e9a47587e89a",TRUE,5,3,2
"92976834-d492-4bca-9120-f600ba769735",TRUE,8,8,2
"514c4d5d-143a-4c1a-9b0f-dcd29f0005d6",TRUE,3,3,2
"d445d05f-e8d0-40e3-963d-502922fe3087",TRUE,5,4,2
"023d826b-6b44-4d26-be42-3717fb8ba972",TRUE,3,1,2
"394f9fed-d21d-481d-a3bc-9056e6ab8d0a",TRUE,1,2,2
"fa1c9330-d2a9-4017-9950-b8b3ff9823c2",TRUE,5,4,2
"adaf9f1c-70e0-4f91-96dc-a07ed18051ca",TRUE,3,7,2
"df633a8d-a2eb-47ea-8f2b-980049f6b49c",TRUE,1,2,2
"df633a8d-a2eb-47ea-8f2b-980049f6b49c",TRUE,1,2,2
"0fa6b5ce-2d48-48bf-8ed6-3a45cd80270c",TRUE,6,9,2
"5ff909e8-6910-4061-aa6b-9d786de5a5b7",TRUE,8,8,2
"431a99c9-a535-494c-aba9-23a348954faa",TRUE,6,9,2
"d7090a0c-f680-4b83-812a-6fe58bed8b9f",TRUE,3,2,2
"965b165c-eaea-4885-982c-4edbb1779008",TRUE,8,8,2
"30d68713-70e6-4861-b763-eb4393820503",TRUE,5,9,2
"6489e605-a557-4188-bd9a-e5bce5a0689d",TRUE,3,7,2
"0fe2cdac-6f3b-48fb-ae4d-17d77a075312",TRUE,5,3,2
"9cafcecd-19ab-483e-ab4c-1248e095eaec",TRUE,3,1,2
"fe751050-9e2f-41af-bd62-e7ef1e742528",TRUE,1,2,2
"af6fc573-2c1d-4000-aeeb-bb26dd078f5e",TRUE,3,1,2
"fae35e53-d870-4932-b714-851d4f7892d2",TRUE,8,8,2
"7e475b1b-364b-4490-bc1e-4b8473a997a1",TRUE,1,2,2
"951d2822-3c24-4868-a9fd-cace7b74c866",TRUE,3,8,2
"6d738e55-2870-4e20-b10b-40e7989ea42b",TRUE,7,6,2
"3f820fc6-487d-44da-9565-c3876ca1ef17",TRUE,3,2,2
"47aa6bc0-369b-4d0f-a9cc-4aa9abddb1b8",TRUE,4,7,2
"20757f05-6e8a-4cec-9188-c7d84aa53140",TRUE,3,1,2
"411438cf-09d5-4339-b260-d0cb28b63284",TRUE,4,1,2
"4ea05d55-1787-4eff-a0cb-f866f373f92e",TRUE,3,1,2
"47d74445-9526-4135-8553-66f5c1f527e7",TRUE,3,9,2
"4ac1647d-69fd-4a6c-bd0f-499009c5fcb4",TRUE,4,2,2
"ae6d6f1c-93f0-49d4-842b-e79f2e1ecb98",TRUE,3,2,2
"77df75b2-0bf0-44fc-81a9-bf7e6212906c",TRUE,5,1,2
"61333bc5-ca74-4209-a3fc-26cf36161e94",TRUE,4,2,2
"f61d02e6-a855-4635-8a29-479e52dd2c18",TRUE,8,8,2
"0b9d31a9-9ea9-404a-8cbc-efc31bfa7e71",TRUE,3,5,2
"184be649-1726-4f2f-91d7-d020e595aeba",TRUE,7,6,2
"6a9cd9b4-8049-41a9-b990-7f49e567856a",TRUE,8,8,2
"fd608b72-f5ce-42ea-82bb-560029e29b2d",TRUE,4,5,2
"340f5fed-2ec4-4759-9a91-6c4c6dc771fa",TRUE,6,9,2
"03667ca3-2ee2-4727-8309-7a1bf4395cf8",TRUE,1,1,2
"0d2b6899-ecfb-4ac8-bf59-7a35ef14df80",TRUE,3,3,2
"a37b1218-75b0-49a2-9e53-fc55272d878d",TRUE,5,2,2
"76f81ff2-2d9f-4cd2-afb8-a6e3f76b7532",TRUE,3,1,2
"785eb4c4-686c-42d9-96bf-c72741c1dad0",TRUE,3,4,2
"8b417028-2128-4931-9101-ef64c2078bdf",TRUE,8,8,2
"7f6de7cb-dc56-4f17-8b18-aead4294d651",TRUE,4,7,2
"1fdf40e7-7b74-4794-ad31-8ab4473c145f",TRUE,5,4,2
"97933fb9-4ba9-4c3a-96d3-af16b4e3da27",TRUE,3,1,2
"28653220-41c6-4279-b7e3-eb15eb3cb1f5",TRUE,8,8,2
"b4189483-709c-4552-96f7-69a5ee8650ed",TRUE,8,8,2
"98e4f464-fdbc-4d14-80a4-5bc6a6296297",TRUE,5,3,2
"60478dbf-acd5-4ad3-9f3c-68e457cae018",TRUE,3,2,2
"4e6599b0-5c1b-4a3f-837e-da2f620b7238",TRUE,4,7,2
"6358a2ce-3851-4dfe-a602-9b3d7a505a40",TRUE,7,9,2
"b916d04f-a3dc-4250-9145-2f163db9f7cd",TRUE,5,4,2
"05d8fde3-e0b5-41a0-8a57-cc1a49571c3f",TRUE,5,4,2
"414f9e34-62a1-4890-8764-ec21bed0c399",TRUE,8,8,2
"2209e230-7d39-4470-8ca9-7ced6097d730",TRUE,5,1,2
"cfdfdd9c-fd5c-478c-8a3d-43843ba0b1a2",TRUE,3,2,2
"e4f5729d-d31e-477f-8b5e-6874b2247860",TRUE,3,2,2
"60b31281-84b4-4138-8085-73e8109d224d",TRUE,8,8,2
"489863c5-65e3-416b-a34b-3265081f38e0",TRUE,1,2,2
"be6cecdf-d6f6-4681-96dd-9d73e8e98824",TRUE,4,2,2
"0fbb98a0-0c24-44c0-85e4-49d95e1f9c93",TRUE,4,2,2
"571a0408-37cb-4efb-985d-f570d66bced3",TRUE,1,2,2
"5230aa12-99b2-4168-88be-a2a74b518adc",TRUE,8,2,2
"661d594f-7a53-4a2b-8c3e-ffbcbe4eb35e",TRUE,5,9,2
"87c25546-e85a-4659-96d6-b156038f41e3",TRUE,3,1,2
"48b2a0d3-3da7-459c-9127-49997cd10056",TRUE,6,9,2
"cc28add8-ef8d-4fa0-81fb-360ad44cd065",TRUE,4,5,2
"742687e4-387a-427e-acd3-f945f3e7ccfc",TRUE,4,2,2
"ad31db5d-0ff9-40b5-a512-69849bc71a66",TRUE,5,3,2
"065d9f89-12f5-4fc3-9a5a-6ae2e1933c0e",TRUE,1,2,2
"0a0c8525-dc06-440b-bfe8-9598fd6abbeb",TRUE,8,8,2
"0e8b99e0-282e-495b-9838-c83e08eecbe0",TRUE,3,8,2
"88a345bd-f3ca-4dad-8882-5d4d4eb21c7e",TRUE,8,8,2
"4433ebd2-a82a-4798-b1ae-dc056a150654",TRUE,4,2,2
"6240a364-3cbd-4cde-99c2-c1068b45189c",TRUE,5,4,2
"0e4469e5-404a-40ae-9e51-29cbe5334e60",TRUE,3,9,2
"d6c24e11-e370-4fb2-b385-5b480640570e",TRUE,3,1,2
"ef07c85e-dc98-4f3b-97a3-83f66633da40",TRUE,5,9,2
"4103f597-efbb-4f52-8a80-6865bd6f54ca",TRUE,4,2,2
"34a24a83-44a7-4257-a86d-1c94add908fe",TRUE,4,2,2
"d9cd7012-62a0-43b8-9517-1a294aacbc8d",TRUE,4,1,2
"78ec93d5-6324-428c-bb48-6e4d4348be9e",TRUE,1,2,2
"d33679e5-94ac-48b4-acad-921e6d96cc6e",FALSE,NA,NA,NA
"20407abd-55bf-4940-b743-69f4bf112602",TRUE,1,2,2
"22ee7d67-40d1-43af-9739-ec7a2b4a3ede",TRUE,1,6,2
"d9261ea6-0bb1-49b7-b4fb-71899b8cc559",TRUE,5,9,2
"59cb92e5-1118-4a49-b748-c45e6d38d9c2",TRUE,5,2,2
"c8d3925b-be5d-4bb4-be06-d190dbb0ba1a",TRUE,5,4,2
"edbc6040-c0d2-48a2-82b4-7561ecdbe84c",TRUE,5,9,2
"3502ba4a-d5cd-4aac-94d8-70635649dec9",TRUE,4,2,2
"bb5f20d3-808a-41c0-bc58-70e97f80c0f7",TRUE,8,7,2
"098d9174-a656-41a5-b88d-cdff7e5de263",TRUE,1,2,2
"7e2aaa72-591a-426d-900c-5e1151261a72",TRUE,3,1,2
"b273ef4b-f9f7-44e0-b903-4333887e4b14",TRUE,6,9,2
"00349c3e-abb7-4a6e-bf63-1708fb9a9630",TRUE,3,1,2
"3dbcd7fc-1a22-4653-9356-b1192abf61c2",TRUE,4,2,2
"2e335d6c-c646-4137-bb56-15f2e7edea19",TRUE,4,2,2
"3b9803c2-8744-4cc9-90f7-b1dc94c19bd9",TRUE,8,8,2
"8acc6421-3241-42b7-8a7c-9ba6d892cba7",TRUE,5,5,2
"7cd6f078-315f-43d1-8429-f24946205c1f",TRUE,8,8,2
"939c4000-3616-4260-81dc-40c9c3df2b94",TRUE,1,1,2
"8ed1d58b-2553-49c8-bc42-a2b8359fec5c",TRUE,5,9,2
"93dd7523-31ce-4c3e-8932-f11267e48b4e",TRUE,8,8,2
"34faf21a-f54f-4b48-9469-c4e6e5afe9f4",TRUE,7,6,2
"1e007851-73b0-4926-a9ef-d91316451863",TRUE,5,6,2
"d54a8dcf-ffed-492f-b163-8c1d4e83b262",TRUE,5,4,2
"a47fb62a-2fda-4a71-93ea-9128b83b3bba",TRUE,3,3,2
"7c03c8a5-9567-4493-b859-16818e4de9d2",TRUE,8,8,2
"55e8144d-7a7a-4bb0-ac17-3fd54969f443",TRUE,6,9,2
"1e8d950e-89dd-4178-ae7c-666636f9527e",TRUE,1,2,2
"51392551-b300-4d34-9090-664c290756e1",TRUE,5,5,2
"f685a9c5-f075-451c-8c5f-17fa8a6e7b21",TRUE,1,2,2
"0c70496f-0687-4442-853d-9386d3323d66",TRUE,4,3,2
"8e95c9b1-af8e-4fc0-a1d7-8e121b242313",TRUE,5,7,2
"1e1fc97d-66eb-456a-8c95-6842c2c3988b",TRUE,1,6,2
"aaac5ec1-a0aa-495c-8fe2-ffdd1407033a",TRUE,4,7,2
"ad6f55fc-12ad-4e23-88a0-2bc448e332ce",TRUE,3,2,2
"d7501e5a-3b58-408d-9c8a-5c0042d74669",TRUE,5,4,2
"9d7121d7-8720-4e3e-9874-2e9d68bd3902",TRUE,5,1,2
"7b71b9b1-5c50-45da-88f4-dcf94d3d9157",TRUE,1,2,2
"051f018d-4e76-42e2-9376-a7ab450b2cc7",TRUE,6,9,2
"875fb255-1d80-47df-9ca9-8234726a3a8c",TRUE,1,2,2
"e2acd8c2-a037-4e24-a2a1-5cd21f55c16d",TRUE,4,7,2
"6c188adf-c4ce-4110-bdcc-44696da203c9",TRUE,1,2,2
"eaef1c3a-6b6e-4fc2-9e79-966b52319ff0",TRUE,3,1,2
"832f265a-805f-4022-8b41-9bce7970ebb9",TRUE,3,8,2
"52787cd3-9098-448b-8b3f-ca52ff1ebb5b",TRUE,3,4,2
"84db093e-a254-420a-82ec-2f41b4bee803",TRUE,3,1,2
"d1cb6915-45ab-463e-bdbe-054f435f3038",TRUE,5,1,2
"02f65236-c549-4d82-99d7-127e641bf290",TRUE,6,9,2
"235d7299-ce22-4d0c-916e-bc8954b72ffd",TRUE,5,4,2
"423ca0d7-fc0e-417c-ba62-3eb7b18a7341",TRUE,3,7,2
"adea6254-6690-4fb9-9c57-ec1b85a207ea",TRUE,3,1,2
"4cfb66de-fc57-42b8-bea0-20ec2b1f07fd",TRUE,3,4,2
"e06bb8a9-f040-45bd-a839-899bf6f69bfd",TRUE,3,1,2
"e615e44e-2096-4c54-8ee4-fbf7c9ecd471",TRUE,3,1,2
"55a643e5-d8f8-46a6-8a9e-24c45fa4e427",TRUE,1,2,2
"cb1588ba-0b4d-407b-947e-1eafd7cd448b",TRUE,3,2,2
"9fd83045-386e-459d-a32e-eb4cca3ccb43",TRUE,1,2,2
"964339c2-358c-4946-80c3-43130979a149",TRUE,4,3,2
"5bddb2e5-3796-4d6e-b985-b0b6a72fec63",TRUE,8,8,2
"d2b16cd1-64e9-4a4c-b300-1ff346a469d9",TRUE,1,7,2
"27757e07-29c7-4b2b-9fe8-6eee89a0b633",TRUE,1,2,2
"5a25911d-9458-4650-bdc7-a9545cb284de",TRUE,3,8,2
"b41e8e63-1168-4d8c-b834-1e0c811b9e51",TRUE,3,1,2
"38ee3daf-8fa1-4681-acc2-94e7a22e85ba",TRUE,4,7,2
"9150fbef-8e7e-434d-a7f9-045d1500ec92",TRUE,8,8,2
"fd7c4dd5-6ebf-4190-aafa-1ade44dc5753",TRUE,1,1,2
"f752a6df-ccde-40a1-a004-97e2b5e7dbfb",TRUE,5,9,2
"302cb1c9-eb94-4661-b547-d0e25e4632f7",TRUE,1,2,2
"aec104b7-ae83-4c56-8a3f-fe130cf8ac62",TRUE,4,7,2
"751b4271-b394-4a87-a433-8d96209cb8ba",TRUE,5,5,2
"f013ac2d-4d4e-4e72-bbd9-370742b40898",TRUE,4,7,2
"9a1470c7-b359-4a56-a0d1-08c0cfd2a880",TRUE,3,1,2
"07c3fc33-b1e9-4051-89b5-a676ec42edde",TRUE,7,8,2
"52096a87-20fe-4bc7-9975-7feb46a8ed93",TRUE,6,9,2
"4d24544a-4da1-4a1a-ab98-b1355747bf6e",TRUE,1,2,2
"2eed2b9e-6c59-4130-9384-0a9d79e2d4d5",TRUE,3,1,2
"11a4943e-1f1d-461f-b65a-928fc905d16d",TRUE,3,9,2
"afa4fdc0-71b0-4cf4-9f08-d608a8e08eca",TRUE,1,2,2
"e84abcd9-d586-4c06-b526-71d7f95e1a5b",TRUE,8,8,2
"c4935e80-1fbf-4071-986c-64befc83f34a",TRUE,3,1,2
"6daa4bba-9f6a-4b21-8131-32f9ac371860",TRUE,7,2,2
"5eca8875-f4bb-416e-8475-c5b34b5171be",TRUE,5,9,2
"d34fcc66-5baf-48f7-b4e6-cf20ccae254a",TRUE,3,7,2
"26853053-be43-4e34-8f7a-ed6ae7eb4abe",TRUE,3,7,2
"b2d2c268-23ff-49d2-80d7-604e04cd5c10",TRUE,6,9,2
"c5dadd72-5fff-4399-ab1a-3d066eae23ef",TRUE,4,7,2
"6a2fe9c9-7891-4a3e-8e49-2513420c3d63",TRUE,3,1,2
"8986b610-381e-409e-a435-01e57cc42dd1",TRUE,5,4,2
"31440e34-6778-41f9-ab77-fe888eb4f21c",TRUE,1,2,2
"5e7e86f6-1f76-471f-88b5-e39c088cd4bc",TRUE,3,1,2
"ab6190fb-0c20-4b25-9e07-44eeb448836b",TRUE,3,3,2
"18e3d1ab-37ad-497f-8057-3df56959edeb",TRUE,5,9,2
"f073ca36-1b95-40b1-8f55-818689f276e1",TRUE,5,7,2
"8234166c-a8b5-4576-87d4-d089c0cabd99",TRUE,4,7,2
"0159e464-f354-4543-9988-c02f1bbf12dc",TRUE,5,3,2
"b863c96d-ad35-4cd4-be6f-3b020df434e4",TRUE,6,9,2
"291e661f-2641-473a-9a4f-5fe23300204e",TRUE,1,2,2
"24248399-1d42-4d4a-bdca-4375ec5b57eb",TRUE,5,4,2
"14582292-2be0-440b-b049-7aa72c3331a3",TRUE,5,5,2
"3189f329-9cb0-454b-aaf5-a37796b0126d",TRUE,4,7,2
"c874a8f1-3014-494c-9318-c2ddeafd6fbc",TRUE,3,4,2
"17cbd06e-e45e-450f-bbf2-854aa28dde7d",TRUE,5,5,2
"53ea2d2f-9308-461f-97e1-8e2593261b29",TRUE,5,3,2
"4f9ea863-a4a9-4ee7-b9f3-5c2d3580bf14",TRUE,1,2,2
"56c5dd83-db3b-4aed-bc32-206d89dfe173",TRUE,8,8,2
"a3522ae6-0f35-4ed1-b793-bf2e689686e2",TRUE,4,4,2
"bf8325f7-170a-4255-920f-51cdba8cf76e",TRUE,8,8,2
"addc92e8-1645-4be0-bd51-fece12c21df3",TRUE,5,6,2
"e99e425e-adf2-46b0-8118-abeb1f787e98",TRUE,4,4,2
"ad800fd6-0a3c-4c50-8c7c-7588c641367f",TRUE,3,2,2
"8c836da1-e910-4401-9b02-d16996442a52",TRUE,1,8,2
"f6173f8d-b30b-438d-a924-bb0a118c1b6a",TRUE,3,2,2
"1ad00180-e3dd-444f-be0e-991123444127",TRUE,1,2,2
"41658e6d-80e7-4aa4-b55a-d1ea11063605",TRUE,8,8,2
"22d7c028-45bb-42e0-afa3-d1baf2454aa5",TRUE,8,8,2
"d6bc0319-17ed-4a74-be9b-32491701af38",TRUE,3,4,2
"9f90d5d7-6882-4484-bedd-ce355464d674",TRUE,5,3,2
"a007e09b-c107-42cb-b7e1-bc0a83deef44",TRUE,8,8,2
"48623944-f5f1-4fea-b8cc-3a9eb3e314f1",TRUE,3,5,2
"d9b560dd-9e01-4f77-a20b-a77f73d9ee5e",TRUE,6,9,2
"af4cb907-ea68-4987-997e-a5d8d1ba1c90",TRUE,1,1,2
"a28cf8a6-50cf-430c-92df-f494a1656aa5",TRUE,1,8,2
"b29cbbd5-db2e-42bf-ab42-0d758d1b6e4c",TRUE,3,7,2
"28bed703-ed6a-4050-87e7-6fe70f0f73b7",TRUE,5,1,2
"15409b73-1a28-4807-9796-e68cb3bd120c",TRUE,1,2,2
"d92408fb-30fc-4664-997b-f64b4dfc8224",TRUE,3,7,2
"7b78d905-4857-4faa-9aa4-99237333d1c6",TRUE,4,5,2
"10f419dd-dbbd-4cfe-946e-2c0a06b92499",TRUE,8,8,2
"0214f004-7070-4f68-ba65-fdf6d0404ca9",TRUE,5,1,2
"ba9b69c1-d558-4776-8d85-83e2190ff4c0",TRUE,3,1,2
"d06f00e2-dc87-408f-a409-02e269891711",TRUE,1,6,2
"ae990148-9d0b-4fa7-b5e0-a27ade4a7546",TRUE,1,2,2
"d49b34f2-0f5d-4f75-a657-689389fe47b6",TRUE,3,9,2
"cdd11190-0bf2-47e7-bf49-e7b15882afd8",TRUE,4,7,2
"34273c9e-6f19-4f6e-baad-34f6bb72d604",TRUE,8,8,2
"df757d1a-8f7f-4423-956b-cb9e100e7d0a",TRUE,5,3,2
"981e1ca3-f0e8-4979-bbc4-920d32bb536f",TRUE,4,4,2
"2f294925-848d-49ee-b237-f112a120797d",TRUE,3,1,2
"3fe090f9-5ee4-4c0c-9367-b84c81fa73af",TRUE,5,3,2
"55a141fe-1b8d-4873-908b-07182d101a88",TRUE,3,1,2
"27194df5-4e0c-4f06-97b2-c4971cea4a7f",TRUE,5,5,2
"c857b363-f425-45f6-bc82-d1a7071512a6",TRUE,5,7,2
"c3ae072b-d885-42ac-800b-94798358c216",TRUE,4,7,2
"8f8ab218-38d5-4176-9f29-21f881642a62",TRUE,3,1,2
"9b3d6eec-48a9-4aa8-b54d-e533229166e5",TRUE,7,6,2
"9ee44eca-2c82-4832-8641-9c9caa489f89",TRUE,1,2,2
"0582a8dd-671f-4b1b-a5c7-1399e804e59f",TRUE,4,2,2
"8bbec7c6-4eb4-44f4-b496-20729a56c2cd",TRUE,1,2,2
"71abec69-6e39-4bab-baf3-4a4e2be97d8e",TRUE,6,6,2
"4565448e-e17d-4f61-9c88-987ccc230076",TRUE,8,2,2
"09f9dd74-8740-4185-b7ad-b08633b0b93a",TRUE,7,6,2
"f5789dad-1c91-4d41-87af-a5ab6fd6df4d",TRUE,4,3,2
"52c6e286-bdf0-4b77-ae36-6fee1148f85a",TRUE,5,4,2
"234b7c90-1028-49eb-b880-4405da862fd2",TRUE,6,9,2
"803e20af-caeb-461a-a2b8-3b9400fce465",TRUE,1,2,2
"25931686-e133-4842-8856-ed9e3a8af45b",TRUE,5,9,2
"61680679-443d-407d-8787-875cc11544ce",TRUE,7,6,2
"2fb7fd80-eb18-4851-8fdc-0e8360adcccc",TRUE,4,2,2
"dac2171c-9e5d-40e3-b38c-5b90fa7b1f8c",TRUE,5,4,2
"5bffd26f-6290-4609-b107-b33d3c399d26",TRUE,5,9,2
"c2d8f2c6-7a7f-464e-bbcd-d089eed11c49",TRUE,4,7,2
"36ef00ab-4222-462d-91a5-455850761f24",TRUE,4,7,2
"58e930eb-6e10-4bf7-8fb9-c7df1bb37900",TRUE,5,2,2
"e00ff470-72d3-4271-904e-f68c39b45ed6",TRUE,5,9,2
"374d739f-dec8-4e2e-bb20-6c0fd3094695",TRUE,8,2,2
"33a8ef7f-a81c-4435-bbcd-048938d75bbd",TRUE,7,6,2
"7aec0efe-baaa-4941-a907-75e3ea0fc271",TRUE,4,7,2
"e09800f0-10ac-438d-8dae-b752bcbba83a",TRUE,1,2,2
"1f4d225a-21c2-4eaa-a7d8-c9251cd98d5b",TRUE,3,1,2
"2b85d400-3fd9-4747-af25-314bfdd9220c",TRUE,3,1,2
"a2c56de8-d44c-47a6-9103-025bec79496c",TRUE,4,3,2
"cc1c736b-cd04-4326-9570-6cf0e3a397cd",TRUE,1,6,2
"dc530e63-1eaa-40c8-a756-85136b3c612b",TRUE,8,8,2
"3ac75f63-c56a-4131-b538-a952294ea37f",TRUE,8,7,2
"a579b917-4a12-47de-a5bc-b9808686277c",TRUE,4,7,2
"90c35e48-569d-45df-9722-ab6aff693c4a",TRUE,4,2,2
"d626dc36-0c0a-43c2-ad16-671ca952c05e",TRUE,4,7,2
"f98e237e-f93d-4010-a388-30e2d0219442",TRUE,1,2,2
"b43b7e22-9e27-47ad-8ed8-abca4a1dc6f6",TRUE,6,9,2
"88647e2e-4233-47e3-b230-dea607c9e99d",TRUE,5,4,2
"19482b2e-a73d-4429-babe-2b716bd6eedd",TRUE,4,7,2
"0a5bf08d-d2a8-4a73-9c3b-faecebc95982",TRUE,5,9,2
"faa93d77-e21a-4c0d-a68a-5cb964172203",TRUE,4,7,2
"409026d7-2317-487e-8459-66c38e31eb46",TRUE,5,9,2
"d4884336-9ce5-41f0-b5c0-cf37eab94087",TRUE,5,7,2
"deda483f-1086-4030-b5c6-e03b42c80a1b",TRUE,5,3,2
"54622438-5594-4f6a-8158-26b63b5a9b54",TRUE,3,1,2
"da5c18e7-344b-464f-a49e-8b81abeb82da",TRUE,3,2,2
"b683e32b-3a7d-4fad-809e-303053fff228",TRUE,8,2,2
"b005655a-88e1-4b75-a95f-927941803631",TRUE,4,7,2
"2ee8eed1-7909-43dd-aa1e-7142db21690a",TRUE,8,8,2
"5e4979cf-754e-4fec-9bac-9294387dee3a",TRUE,4,7,2
"0fc2c378-23f3-4bd4-8382-c295646a762d",TRUE,5,9,2
"291e7c29-96cd-438a-a9d3-47ec646940bf",TRUE,3,1,2
"0a203892-7239-410e-999f-eef4b9b8d68d",TRUE,3,1,2
"32aa2df0-8f8c-4e5c-b582-e42a40b74dfb",TRUE,3,2,2
"d7e06512-f7a6-4280-99fc-f5a2c450be60",TRUE,3,5,2
"78b55ada-6e51-43f6-bf9d-6078d1f4e1d2",TRUE,8,2,2
"3ff7a400-dc8e-487f-8391-c8b142226932",TRUE,1,2,2
"f88ae52a-e752-4476-adb4-eaa378bef63d",TRUE,5,9,2
"6f3251d8-fd0d-4343-8888-cb14d1afa06b",TRUE,3,3,2
"ba260c27-cc2c-45cf-a624-39dd1fcd33c8",TRUE,6,9,2
"694282c9-7ace-4d1e-8dce-9962022e1f8b",TRUE,4,7,2
"2db9f237-fb32-464b-8756-ed5729ebc2c4",TRUE,1,2,2
"dc7739bf-061e-4390-8514-75410e705fa0",TRUE,5,5,2
"3147a2b8-e42d-45ac-9d10-3dd58133a3cf",TRUE,4,7,2
"466dccdd-893b-4dd2-b760-14c628c680d9",TRUE,1,2,2
"bb7836e0-a5fe-4306-9699-e7378a5144a6",TRUE,1,2,2
"3862e2f3-4b30-46e4-9589-6e0db8ca37ee",TRUE,3,1,2
"d1900230-6034-4e3a-9f24-0fb6e1c6fffc",TRUE,5,6,2
"0ac7e7ea-6e6f-4e4c-8e67-2e5e96f9b4c7",TRUE,4,8,2
"163f84a2-9771-46e9-bf67-775c065b0fa5",TRUE,1,8,2
"570d2700-c58a-4084-9212-6c37240257c5",TRUE,8,8,2
"4bf8f82b-f012-40ad-b4d8-fa667c588a57",TRUE,1,3,2
"9536b933-3700-4db7-be60-70221a7bd176",TRUE,5,5,2
"d0f870bb-f007-408e-9bc8-a6d0b55b03ae",TRUE,7,6,2
"05a1c467-1da7-4d7a-99dd-a2b6fa3c02df",TRUE,3,8,2
"6ce5959d-279f-4d29-86cd-eeee5a18153a",TRUE,3,1,2
"95a45adf-fbc9-42a9-ba31-7edb40311f15",TRUE,3,1,2
"6cc53343-d9c4-4e69-9857-a2c570292fcf",TRUE,3,4,2
"e54eea28-cc2f-49e3-99b6-144f0198aba6",TRUE,4,2,2
"29c29ba5-3de3-467a-a0a0-57c7bcc59d55",TRUE,3,1,2
"ff48ced4-2c50-4661-b375-5e40db6c4664",TRUE,8,8,2
"ff48ced4-2c50-4661-b375-5e40db6c4664",TRUE,8,8,2
"231de979-e281-4301-a6ae-0ed9b24e1207",TRUE,3,1,2
"96375908-9371-464c-b86b-c41a39cd6e09",TRUE,5,9,2
"509e4396-aff0-43e8-9332-4cdff459a905",TRUE,5,4,2
"7642cebb-a490-4419-b19f-efc21c82f91e",TRUE,7,6,2
"05fd1fbc-6009-40cc-ad00-cb17c7b06bef",TRUE,8,8,2
"37974cc6-e5a8-4080-be57-2cbac196a777",TRUE,5,4,2
"73699608-5e72-4e05-b7c5-e72e26b10982",TRUE,4,7,2
"19788f48-ebfb-4aeb-b529-78d8e035b765",TRUE,3,1,2
"12826b98-779b-4ec9-b35c-f06f27a9d6eb",TRUE,3,7,2
"1ee37aa8-a3b5-4b0e-93fd-c7c6da7fc645",TRUE,3,6,2
"e8a47a0a-cc20-496a-a40c-f5e031fffe53",TRUE,1,2,2
"79dd1f88-096e-4b76-8687-08de63587246",TRUE,6,6,2
"68c8e12d-66ea-40b4-8c37-b82e0ad25a36",TRUE,4,3,2
"79ee0ec9-9d43-483f-91a4-b619acee7baa",TRUE,8,3,2
"dd34b064-7e0e-40da-b18a-d8abe2df50c2",TRUE,5,3,2
"75e12416-4f87-4fb8-b584-e26b9552254c",TRUE,1,7,2
"5a374ada-6f4a-4465-aa85-1f5944c9710f",TRUE,7,6,2
"113921e6-d1cc-401f-90d9-adae72c2bd33",TRUE,4,7,2
"69ebf905-b608-40b4-b1e0-547981f7be18",TRUE,8,1,2
"3b604bd1-646b-4a0b-9e92-b7a3ff1c74c6",TRUE,3,1,2
"8ef5a5a5-6b17-415f-b4f7-1069ed8c27d1",TRUE,4,2,2
"edecaecf-fff2-474b-96c9-9742fb90fb57",TRUE,3,1,2
"8c866474-4047-45fd-894a-4a1f6727c599",TRUE,1,2,2
"b9d72868-6dc9-46e5-9b2e-3c9296208a2c",TRUE,6,9,2
"4a7b7de4-1ba6-457d-9a14-738be0eed1d7",TRUE,8,8,2
"dab67244-b57e-4d3d-9129-a4297e271560",TRUE,5,3,2
"c963d0ce-7f9c-46e3-a2bf-cae8cb52e088",TRUE,4,3,2
"6a82300f-a904-46d9-b67c-b3234450647d",TRUE,8,8,2
"1edd31e7-e00c-45f9-8b52-9d5c68d3fac8",TRUE,8,8,2
"289796d8-f2f3-4758-930c-a2ad7d5fb752",TRUE,1,2,2
"bfec7684-2cab-496b-84e8-0b7fc383abf4",TRUE,6,9,2
"20638adb-5517-429d-887b-fa2e4e0299fa",TRUE,4,2,2
"96d62bb5-439f-43fc-9b22-5b03bd02e65d",TRUE,1,6,2
"bd51a653-0ba8-490c-bc41-0f879537cf77",TRUE,5,9,2
"578a98d9-69e4-416f-9c8d-535b6bd8395a",TRUE,8,8,2
"626216c5-95b2-419d-be96-102e7c038c0f",TRUE,2,10,2
"5681adf9-6c90-48b1-8157-6dc4b98fd1b0",TRUE,2,5,2
"46ae9179-2790-4955-97e0-7dd28c981478",TRUE,2,10,2
"fd2bd3a8-61a1-4cb2-969b-e689d3e1d37f",TRUE,2,10,2
"96b845dd-e3b0-4e36-92c0-8057b947765f",TRUE,2,10,2
"a6fac931-bb39-4c9a-94df-1354417986ac",TRUE,2,10,2
"284de1dc-f313-4716-b4fe-d9d12bbff644",TRUE,5,5,2
"1f4ed59b-d9cd-4918-ad90-301c45ca16d5",TRUE,2,8,2
"a59e7dfa-97c6-4946-87e8-a6eb65ae262a",TRUE,2,10,2
"ee3c3b01-083c-472d-b23d-e09138c4ea59",TRUE,2,10,2
"7e3044e2-54b3-47f1-847a-14cd403848b8",TRUE,2,8,2
"57702feb-bb6f-47b6-b5b1-5650490fde06",TRUE,2,10,2
"769b81ec-5b4f-4f6d-b211-269238ef98f4",TRUE,2,10,2
"f5fc7b6d-f3a8-433e-aeb4-d632978f0c4a",TRUE,2,10,2
"36008f6c-c009-4f08-b747-6401b5e58509",TRUE,2,10,2
"68642406-4f3e-4f55-823c-b30ce5cc6aae",TRUE,3,10,2
"c5b9498e-3b38-46d3-a5da-d634d098b19c",TRUE,2,10,2
"c998c2f3-2ca2-49f3-94a1-eb9f6298ec59",TRUE,2,10,2
"9adcd4c5-d8fa-42b6-b5a9-68e081dd5ea6",TRUE,1,4,2
"f13db33b-5b43-4e90-ac6c-041b458f25ea",TRUE,2,10,2
"776d12c2-62f7-4e0f-86e2-737945c9868f",TRUE,2,10,2
"085b793d-28e1-46ae-a6e5-71438b967aa7",TRUE,2,10,2
"87b26b62-1fe4-4d70-b048-caf67d25738e",TRUE,2,10,2
"130a9956-015a-4d14-a7d4-4ea38de4369e",TRUE,2,10,2
"976497dc-49c5-487f-b026-4a6834e06df3",TRUE,2,10,2
"3e744e71-9870-42a1-bf1d-ce7bfdaa90de",TRUE,2,10,2
"176d0675-8cdb-495d-ab38-14a1e6410442",TRUE,3,10,2
"c4628728-9980-4a83-a514-1d22e2a45966",TRUE,2,10,2
"2a01508a-1893-4b4e-9f4c-e1f816bd9d90",TRUE,2,10,2
"af52c553-c0e5-4fbe-8cbf-e26bfa39b276",TRUE,2,10,2
"a47a0faa-a736-43d7-b0a1-01db255e16f2",TRUE,8,3,2
"fbe56178-eea9-4ec4-a30b-c0890cd0f826",TRUE,2,10,2
"be33185c-fa37-4a3f-aa88-27237d79d245",TRUE,1,2,2
"e6be53e7-60bf-4d69-a687-297152db1c3a",TRUE,6,10,2
"b5423f7a-1709-4280-833b-c71fe1e30d9b",TRUE,2,10,2
"f45a6556-4fb4-4c05-ac0c-4913e6a2267c",TRUE,2,10,2
"48193719-c5fa-4173-83cb-2af3b3b6b7d1",TRUE,2,10,2
"4459177b-8d4f-4d0e-a312-70a6f0f370d7",TRUE,6,10,2
"11ff1bc0-f5ef-4f38-a6ba-123b242ac8e5",TRUE,2,10,2
"3a2c884b-254c-469f-82c3-2dbbb3866f93",TRUE,2,3,2
"11d42c84-6fd5-4efe-8230-dac1dd14d829",TRUE,3,1,2
"d95fb91a-28e2-4fee-9d00-4288cadcd53b",TRUE,2,10,2
"f2f3ccd7-88cd-4c64-a95f-eaac5a528599",TRUE,2,4,2
"a9fb2e79-d99a-4c31-bb13-df71ade4111b",TRUE,3,8,2
"1d75d859-9f19-4844-832c-bbe1c93530c4",TRUE,2,10,2
"19c6a7ab-0ffc-41b7-82da-ab363d397665",TRUE,2,10,2
"607bacde-e5b9-4a2e-9cfb-387951f51dee",TRUE,2,10,2
"734d82f2-a5d4-4d8b-8416-3d78990fabf4",TRUE,4,10,2
"ba0dc175-32f9-420d-9ba0-572576b611c6",TRUE,1,10,2
"52bc0b7c-62d5-4eb5-a478-97d0d1e48ce2",TRUE,2,10,2
"cb8159ad-a68c-4036-a3b2-cadcc6ce48dc",TRUE,2,8,2
"0a9d551e-5576-44b8-a0a0-7d3c4beaa193",TRUE,2,10,2
"6a7c6a09-8aaf-413a-b6c7-03b30dc2b26a",TRUE,2,10,2
"a80e3aa2-3528-42e6-9e11-4b3104e20f48",TRUE,2,2,2
"a9e5a3fc-1f4c-4f60-bf7e-78572836c491",TRUE,2,8,2
"229c0c22-a8fa-4297-afcf-d532215f225f",TRUE,2,10,2
"ce6e93c6-097e-4be0-9ad3-f5159f6da20f",TRUE,3,1,2
"b7c9c0d5-c898-4e4b-9782-7586480a7c31",TRUE,2,3,2
"d49c7f5f-426f-4f6a-8003-c321cc415151",TRUE,2,10,2
"037b522f-31ab-42c6-8ce8-182f7cbc7457",TRUE,2,8,2
"bea06a08-716c-445f-8a4b-3dd4e22c8ed7",TRUE,7,6,2
"a09ca337-300f-4918-965e-f5f4fc616955",TRUE,8,8,2
"acb59a86-ef83-4704-9058-faf104a35d78",TRUE,7,6,2
"0e5f037b-40a7-4095-abec-8c19fc3d3300",TRUE,4,2,2
"b005edbc-ff80-4702-afa1-0d66ebe5e1ee",TRUE,5,4,2
"8cc89cb1-ff33-4a06-96d7-f85c17efc8f2",TRUE,6,9,2
"4ecf63d9-e456-4cc9-92b3-8a10b3318530",TRUE,5,5,2
"6b8dba0d-af6c-4016-af20-ec0650e12e4b",TRUE,8,6,2
"924b5b8e-9507-4012-81ea-225fef0f6f71",TRUE,3,1,2
"77cd9f96-77a4-4216-8ad3-b8e309ff3eff",TRUE,6,9,2
"40ee6be7-22fa-4525-9140-9970b75e8f02",TRUE,4,2,2
"ce77926a-8120-4e57-82e8-5ea8c53eb391",TRUE,5,3,2
"22602fb6-de3e-4b43-8d74-55bbf6b3191d",TRUE,1,2,2
"4d2466fa-4859-4f2c-8d9d-9e3f632047fb",TRUE,5,6,2
"c8805bb2-8a15-4532-b9d2-e2c1445dfa1d",TRUE,4,7,2
"a22c9ec8-8a7e-4090-861f-85cd8ff41794",TRUE,1,2,2
"0109649a-69bf-46d7-b315-7ebf06947b68",TRUE,8,8,2
"63330022-40b9-4676-9a47-348c9ae6bd5d",TRUE,4,1,2
"841c5e85-76bb-4759-9336-d9b156031cdf",TRUE,4,2,2
"6beb2ee4-9a83-429c-bb31-3b43eadebaab",TRUE,8,8,2
"8e89f0b3-f5bf-4250-b83d-82feee3cd1a2",TRUE,5,1,2
"fa08d38e-77e7-4bd7-a575-a87bf269c4e5",TRUE,7,6,2
"19881c63-3165-44d1-bf9d-ae8bc5a38fad",TRUE,5,1,2
"d7cf468d-8256-4b95-9126-057be1cc0e4d",TRUE,4,7,2
"0fb34b6e-1494-4020-8676-52208665ac31",TRUE,3,9,2
"dabdd66b-a6d0-4a9d-9f45-6e8efc2d8d36",TRUE,1,2,2
"c8dec2b2-866f-4433-9f69-1b140893083e",TRUE,3,1,2
"3a58de13-5974-4c0a-be6f-7a8197e01193",TRUE,1,2,2
"39d7d92c-b4f5-41cb-8e05-c530e8d3b6f5",TRUE,8,8,2
"187495f1-0775-43c1-ba5f-036285f28c9c",TRUE,8,8,2
"d2d425e0-3cf9-4710-954c-f0f3cde903e0",TRUE,5,9,2
"de84dcaa-5f41-4df2-9bea-6317e54e661b",TRUE,8,8,2
"bb3938fb-baaa-436b-8ef3-c370551a77e4",TRUE,8,1,2
"36e8061d-a9f7-46d2-90bc-fccb9d836e28",TRUE,8,8,2
"8acbc24f-8d66-4d4a-975b-95fe1346f2af",TRUE,8,8,2
"a62aac65-e783-4569-81c6-ab04baf5fc2e",TRUE,8,8,2
"9bbdcad7-8eb7-47ad-ac31-7df01a0a86a1",TRUE,1,6,2
"72bc3815-16b4-4225-9fa7-f1463c8bd9e6",TRUE,7,6,2
"d991ed78-a184-446d-835e-c83cf3aba4da",TRUE,6,9,2
"2d677540-24b2-485d-870a-9beba3d7525d",TRUE,4,7,2
"2ca90dcc-9264-46ee-b11d-cdf1cdffa90c",TRUE,5,9,2
"90454b76-dd50-41b8-a4f1-58b806bc9c46",TRUE,3,2,2
"fbc8d30b-5dd0-4b17-acc0-267d0e9d0526",TRUE,3,1,2
"6d4b3b52-4fb1-42ff-a968-3873e1feaf40",TRUE,4,2,2
"03ec1f71-8be7-43f2-9f0c-ce7e415b5efb",TRUE,3,2,2
"3797bcf9-3252-49de-a62e-aa66f346ded7",TRUE,5,6,2
"84c95ae1-cd78-4b24-87ee-bbf4ad4995a0",TRUE,6,9,2
"636d462f-3a6f-4de4-91a7-3cef4b3b4ca2",TRUE,4,2,2
"691543f2-256e-49a0-ad22-0ccbf917244f",TRUE,3,1,2
"c1067ef2-b465-49ae-be1d-804e836af0d9",TRUE,5,4,2
"76a4bedb-fbd1-449f-ae4c-a40827002609",TRUE,4,2,2
"81ecbfa0-60c0-4f85-8611-cd92d506fc29",TRUE,4,7,2
"0f8c023c-b168-41f8-a047-894880a814c9",TRUE,5,5,2
"526f5992-ac6a-44d9-aa1a-475de2fb7bb7",TRUE,6,6,2
"526f5992-ac6a-44d9-aa1a-475de2fb7bb7",TRUE,6,6,2
"c30d38d3-9003-48f1-84ac-644ec5d2d38e",TRUE,8,2,2
"7ec9f8c4-df61-4d2b-8654-c67ee3874378",TRUE,3,1,2
"84191445-31ea-485c-bb59-b3a63535eedb",TRUE,5,9,2
"ecf5b00e-604f-4aa9-9483-399f12abc5df",TRUE,8,8,2
"704ad212-0478-4e72-8f21-d0c457bcfbf3",TRUE,7,6,2
"6ab06250-b110-478e-9d4a-b2b07b108240",TRUE,8,8,2
"9719d2ea-5817-4c80-8c76-ec48f387b2eb",TRUE,3,1,2
"27ebf0d1-9119-4691-96e8-2c64d652717e",TRUE,3,1,2
"ae475e86-b0d1-4dae-85f4-b522af81b53f",TRUE,3,1,2
"199f8e9a-0b67-4af1-921d-ffc8810543a0",TRUE,3,1,2
"dce75bf1-242d-4491-b30b-cd49137545fa",TRUE,1,8,2
"571385a9-a023-49d3-a3c5-f717e4c2002f",TRUE,1,6,2
"496de357-b6ac-4aa5-8f88-dbc465f08a29",TRUE,8,9,2
"6ea74c3f-ec4b-4943-b795-f6bfe5873089",TRUE,8,8,2
"ef09e38d-d917-4864-888d-1a144cd60315",TRUE,1,2,2
"7f699e3e-5edf-4116-8b1d-f8fa341a6f7e",FALSE,NA,NA,NA
"41fcc08c-1222-4143-bb34-e7f18d291c2d",TRUE,6,6,2
"b2f2f57b-f1ec-4109-92f9-6ab4160ccf0a",TRUE,5,9,2
"15aaa47c-c1c2-4c34-ae57-1cce5a6638be",TRUE,5,9,2
"5459a9db-96c8-4521-8216-eb1f4646ae8e",TRUE,8,2,2
"60189df9-10c3-444c-8bd6-ce3fabf49b97",TRUE,4,7,2
"0c4b0794-b224-493f-be84-58b66371d62b",TRUE,1,2,2
"396466e4-ec9f-488d-841c-c54b377a744b",TRUE,5,3,2
"6f695bd4-a78e-4c9e-ba15-9ad13c994788",TRUE,7,6,2
"bcfd1e23-64a6-474f-89ce-06aa9eb734c6",TRUE,4,1,2
"8ad9e8b8-d074-4e42-9e36-b274ce50d17c",TRUE,5,2,2
"480e4ba1-d291-4033-b69e-c563a69fac08",TRUE,6,6,2
"028edd75-add7-44c7-970e-66b14ed3bebd",TRUE,6,9,2
"0dfb8a48-fead-48cd-b836-c7c9d8211247",TRUE,3,1,2
"b9d3bcb0-fd90-4337-8650-c02b565e2865",TRUE,8,8,2
"9f338e93-9519-42ad-b0f3-d7b5466dc3c8",TRUE,4,3,2
"073987fc-492e-4969-a962-2cad50cce617",TRUE,8,8,2
"90fd38f7-f6e4-4c55-ab0f-d23086d3b39e",TRUE,4,3,2
"851364b9-5db9-4509-881e-1322e41ed4f8",TRUE,8,1,2
"404dbe92-23ea-4a57-aae8-501109df2e15",TRUE,5,4,2
"728c373a-f06f-4e46-982d-d78da060d6a0",TRUE,1,2,2
"baea6788-086b-4c15-b470-4d60dcacf630",TRUE,1,2,2
"52d2c679-950a-471d-9614-504a575204ec",TRUE,8,8,2
"70df28d9-070d-4760-8bc7-1600ff5e205c",TRUE,8,8,2
"38a34192-464f-4040-bff3-7a3c7bad9494",TRUE,8,8,2
"b7179497-f2fa-4403-96af-f7d8178179f4",TRUE,8,8,2
"96cab5c9-55d4-445e-8ef8-238b295b4d25",TRUE,6,6,2
"96cab5c9-55d4-445e-8ef8-238b295b4d25",TRUE,6,6,2
"e190f805-f895-461d-bbbf-d29d8e048229",TRUE,1,2,2
"3e360b0e-dff7-45d7-a859-1a34fd739135",TRUE,8,8,2
"4753fc5c-0035-440c-827a-66a014630a0e",TRUE,5,9,2
"425a43c4-f579-41ac-abeb-0ea0af78be42",TRUE,6,4,2
"af1b98a7-b52b-45e6-8c36-2153952dd652",TRUE,1,2,2
"83847847-2827-49cd-8c78-999b8fd4fe63",TRUE,4,7,2
"0cf0c449-93b5-4fe2-b06d-8c4af43c313a",TRUE,3,1,2
"4274909d-9284-47dd-a728-8da7c6a703f8",TRUE,3,1,2
"8c512f66-9f6b-4477-8e1b-bdbba2e56050",TRUE,6,9,2
"85453fe2-6de0-424a-a43d-7c4921edada0",TRUE,6,9,2
"2a0c5878-66c0-46fc-a60c-148e64e01398",TRUE,5,4,2
"9b94fc03-df17-4dcb-b163-f5efd1789e33",TRUE,5,9,2
"096795ad-8a30-42e6-8825-7d0f579c1c8b",TRUE,5,6,2
"e9b56774-ed17-47c8-ae7d-ffb60f6006e8",TRUE,1,7,2
"1d5292c8-9a4f-4057-96f4-c58f006fb2fa",TRUE,7,2,2
"813d309c-7e16-4902-9f63-7606f7955d5c",TRUE,3,9,2
"27a1d456-7526-403d-b48b-7e1686e76f9f",TRUE,4,7,2
"be98414a-9157-4aa8-aa06-dfeb2cc063ba",TRUE,4,7,2
"b047df41-c26d-4542-8748-dac39e1ad80a",TRUE,1,2,2
"29df4c4c-babf-4344-b2bc-4828d32421e6",TRUE,3,1,2
"ac3a30d8-173a-4106-9f2d-bcb394550450",TRUE,6,9,2
"3999e753-22ac-4fb1-8001-7476d0cee55d",TRUE,5,9,2
"17567c04-b7a1-4979-80ab-662946a2d9d2",TRUE,4,2,2
"33d51599-2ec4-471f-8b3c-6597f5fe6608",TRUE,8,8,2
"8b51928b-1a1b-4e97-a242-bc06e8155866",TRUE,5,9,2
"a4ddea39-f995-4593-8f50-a3f9e6c8430b",TRUE,7,6,2
"80ba6199-1440-4a9a-87a7-ed3ec73a0f05",TRUE,8,8,2
"cc876fcc-c29a-44ec-a263-3b9e7489c2d8",TRUE,3,1,2
"9f645c57-5114-437a-9dfc-64a51c7a28c5",TRUE,1,2,2
"70d14f1f-19eb-439b-b52a-9017eb1ebd94",TRUE,8,8,2
"40533e4f-6720-4dab-b1c8-1a4bf9f6f604",TRUE,4,7,2
"77393b95-f972-4211-9b6d-096a30674014",TRUE,2,10,1
"6cc70261-f842-4445-a50c-dd5610721e94",TRUE,2,10,1
"cda5108d-80f7-48e4-b73d-874665815b70",TRUE,2,10,1
"44b6c054-032d-4b83-8e05-f4bedd93f485",TRUE,2,10,1
"3547925b-0925-40c4-81b1-aa4f8e86b074",TRUE,4,10,1
"a18c9e78-3b87-4cbd-85ce-70d694e5ae7c",TRUE,2,10,1
"61f067db-c9dd-45ad-aff4-9f1a0a931f0e",TRUE,4,3,2
"8780629d-6a83-4b94-8ac9-df27eced5dfd",TRUE,2,10,1
"1f05412d-b137-4223-adcf-2b0d5c426c1b",TRUE,2,10,1
"406137f6-d6df-482d-9b49-06fa10473c97",TRUE,2,10,1
"17d5fa89-e5ad-41a5-b93c-6efaea61d996",TRUE,2,10,1
"d3a1deca-c2d0-4fc8-a289-4544adfcf728",TRUE,4,10,1
"ad0cc8fe-f524-4c44-b79b-a376ecda4e8a",TRUE,2,10,1
"c031ef5b-97e8-42f7-98c5-539f0c362600",TRUE,4,7,2
"e72dc67f-db58-41c1-a8e1-bc14ecb3fd73",TRUE,8,8,2
"3db6951b-9669-4f0c-857a-34cd095dd7fd",TRUE,5,5,2
"07fbe461-db8d-4c8e-8a60-2b9b82463f2b",TRUE,4,7,2
"c2b18a42-f64f-48c2-a038-6f8ea4fb0e50",TRUE,6,9,2
"718a1930-0417-4f9e-85b9-76799f7d1291",TRUE,4,2,2
"eea45a38-8cd4-46ac-95de-5dcadadcd4f9",TRUE,3,1,2
"43210ed8-3408-4d9c-8dee-9806b6e9ff40",TRUE,4,2,2
"859b775e-9ac4-483b-b0a1-a515084f10d0",TRUE,4,2,2
"eb8998ac-bb50-414f-883c-ed519064d3d4",TRUE,1,2,2
"d7be1381-2960-42af-8d44-926ff6852157",TRUE,7,6,2
"a526acd0-8695-438c-9a23-90b833caac36",TRUE,1,7,2
"95de52e6-b77b-419f-8c0c-5e541e486eea",TRUE,5,9,2
"fa9561da-20af-4584-a927-9ce569bc0a82",TRUE,5,6,2
"fc6561e4-51b9-42c5-a45e-048f7af69fb7",TRUE,5,2,2
"46a7dfd8-29bf-40ac-9762-28818d5796f5",TRUE,8,8,2
"147658b6-c5cd-45ed-8698-cbbfdba8322b",TRUE,5,9,2
"1ed65533-7c29-4503-89ac-64f5a3a7b7bc",TRUE,5,3,2
"3cf116e9-9af1-41eb-91e5-167e18956d1e",TRUE,4,2,2
"f69aed3f-edb7-4873-bfb1-9e91189d290d",TRUE,5,9,2
"4e797ec0-ca39-4b07-8a8d-a9997597a3f1",TRUE,6,9,2
"44b6daa8-2d9b-41ca-9696-410cd6734b1a",TRUE,1,2,2
"79271ae8-b747-43e3-8468-fc058aa20fcc",TRUE,1,7,2
"243dee2f-8b47-44e2-aea9-2abd40dc5404",TRUE,4,2,2
"b2871680-fadd-474b-bf69-5d46fc2f47b9",TRUE,4,7,2
"17ed366f-183a-4d57-86e9-b49c07e370d5",TRUE,4,3,2
"6e927350-76c6-4085-99e4-259442f4ccd6",TRUE,5,9,2
"25360e03-e860-43fe-b4ae-679ee400fa07",TRUE,8,8,2
"75ef3e4f-094f-4b81-a64f-219f54744bd1",TRUE,8,8,2
"e30898ed-55d9-4ed5-95d2-23045a1eefb1",TRUE,1,2,2
"5ba8e8b2-1f0d-481d-89f4-e8b9e8c54210",TRUE,1,2,2
"c5600e6e-b63c-4561-91d8-50aaa1a9b789",TRUE,3,8,2
"a0deba01-28c9-43b2-a985-05c374b96341",TRUE,5,4,2
"2bedbeaf-7980-4f25-b75e-6d83f1922a9e",TRUE,5,9,2
"5c5ef515-22e5-4f73-accc-7e8a0927a3f5",TRUE,4,2,2
"4769bdb4-2b04-4ec7-96e8-fb9262390ba1",TRUE,5,5,2
"72326516-012f-400e-a58a-fb425bdab358",TRUE,3,3,2
"45aebb41-6d2b-4726-8ae8-8c0df1685405",TRUE,8,8,2
"0c36fa9d-9d30-4a37-9564-617142427ec6",TRUE,8,10,2
"28fb04ec-c0af-4a2d-805d-16c15f35262b",TRUE,8,8,2
"b33082c7-eee7-47fb-ad36-15da9f20cbf0",TRUE,3,8,2
"3580e778-639e-4f3c-8b45-0895b7105575",TRUE,4,1,2
"b52e466f-e2a8-4f53-82bc-edd030246cba",TRUE,1,7,2
"46946c6d-10ef-455e-a28a-57f57e8555da",TRUE,4,2,2
"767df43a-d9a3-48a4-9001-c8555886fd50",TRUE,8,1,2
"53798e2a-429a-4a65-90f0-9bf0ec7b2265",TRUE,8,8,2
"3f8910be-5b06-4e41-affa-a325380496a3",TRUE,5,9,2
"83942313-5216-499e-8b78-81e1a020bb6d",TRUE,5,9,2
"7329650a-9d8d-4160-ab1d-987c94501c73",TRUE,8,8,2
"f1fac6e3-606c-48fd-af42-48f6c8bede69",TRUE,5,4,2
"97bba1ec-e93f-4c30-8d06-f02586047b2e",TRUE,4,7,2
"198bfdfc-7c24-423e-9b2e-9c3f2680ce8a",TRUE,4,3,2
"198bfdfc-7c24-423e-9b2e-9c3f2680ce8a",TRUE,4,3,2
"503c75be-2e70-421b-9f4b-b1d6bb02c48b",TRUE,8,8,2
"6567355b-102b-4a7b-89f9-b51f17366b61",TRUE,5,5,2
"7e460b2e-790c-491e-a7d6-37d84d9d55fb",TRUE,4,7,2
"35277618-012f-4bd5-a3d9-eb9a932cf554",TRUE,1,2,2
"7dedcdee-f06a-417c-a54d-22356848fecd",TRUE,8,2,2
"90185339-db27-42d5-97df-837a56db0484",TRUE,4,2,2
"7ca078be-a439-46ee-b660-3db2a512e5a8",TRUE,8,8,2
"683e3886-d90f-4c63-8cf4-6da7b5064ac1",TRUE,1,2,2
"9c7d18ad-8b77-4578-9327-c29e2df03a85",TRUE,1,6,2
"40429bee-5d6c-4a5d-a77c-d8ed3b850764",TRUE,6,9,2
"69922edc-7b1f-411b-877d-66eb9630654b",TRUE,5,5,2
"c1594b66-9ff9-41e6-ade3-57d377fa336d",TRUE,4,7,2
"8008f0ff-ef4d-41a4-920a-7243654f55a2",TRUE,3,1,2
"3c1ae5a4-4011-4199-a353-e6af8a54d4b8",TRUE,8,8,2
"669f63c0-171f-4121-aeef-8bca3e51c8cf",TRUE,1,2,2
"1f28e17c-abac-4daa-8f13-78d0320e6135",TRUE,5,3,2
"fc4dc9c1-01b5-4071-9c4c-bcd068e89be0",TRUE,1,2,2
"a459eb4c-0a9b-42c7-b225-f211a6d320a5",TRUE,4,1,2
"63bafbcc-d748-4d88-869c-59e95b2da4d4",TRUE,1,2,2
"5dab4a11-9a6c-43ae-9898-8e7879790721",TRUE,4,7,2
"f74c7d97-ae9d-4c69-beff-f5cf0fc43c69",TRUE,5,5,2
"617cc964-bd72-4cd0-b885-aa2a1ea19d6b",TRUE,1,2,2
"237b9cc3-1f66-43f4-a768-649779b08f62",TRUE,5,5,2
"a47a417f-096a-44e3-9eda-e309e66480e0",TRUE,5,9,2
"bdc8a912-033d-40ce-a19b-e5339e45eab1",TRUE,4,5,2
"6afcbb96-9ecb-4566-acdf-ccbf1d7061ff",TRUE,1,7,2
"cb60a59a-77b4-478b-8d55-41c530c7cb23",TRUE,1,8,2
"c61e2a1e-d494-4de2-ac26-f714e8e55605",TRUE,7,1,2
"403857e6-8a9f-457c-90fa-aa157886d486",TRUE,5,6,2
"bffe06fa-dc1f-4095-8f18-23b92afe1028",TRUE,4,7,2
"1b62e4d6-97a9-40d2-811e-a936f438c3c0",TRUE,1,2,2
"bc93f8b9-f870-41dc-8aa2-0f385d1efc74",TRUE,6,6,2
"009aec30-af80-406f-881e-c42dc8f21e03",TRUE,1,8,2
"da7e444a-ecac-4949-94a1-9592d3929299",TRUE,5,9,2
"ddfae7ca-59de-4a31-a679-49cca8358eaf",TRUE,1,6,2
"c6431720-4c94-4002-8f3e-d27c0039545d",TRUE,4,4,2
"fd3a346a-7c05-49b5-88c5-0796edfd86c8",TRUE,8,8,2
"8f7d7eeb-df89-4709-9251-f2e81df2cb6d",TRUE,4,8,2
"8007dbff-b4a5-409e-933b-4239ad340200",TRUE,5,4,2
"798a5555-0852-4728-bb14-638ec0fdc33a",TRUE,3,1,2
"74dc8519-8c7c-47bf-9bc9-4e8595dcb793",TRUE,4,7,2
"cdeae89f-01e6-47a2-83ca-950824637fe4",TRUE,3,7,2
"9b80be7d-f004-49a7-80e5-4f5d07895888",TRUE,5,9,2
"83559a76-bba2-4576-b495-d65210c6b408",TRUE,4,7,2
"44d99430-1482-4a06-81ab-a1edf70a878d",TRUE,1,2,2
"05177e11-8bfd-4ca1-8df7-6931bdf17acd",TRUE,1,2,2
"0910dd61-b1b0-40d1-9842-d9167bb6c42e",TRUE,5,9,2
"0a6c8282-7bb3-46b2-89ef-6232aa121489",TRUE,5,4,2
"dbfbda65-a4bc-48ba-b4d9-d59d32191d5f",TRUE,4,7,2
"c2e4de46-00a5-414e-b9b4-0347d998bf7d",TRUE,8,8,2
"b52ecfd1-3ea0-4f1b-a323-be862bb9e4c4",TRUE,4,5,2
"8e2b6744-c729-4441-989c-ee42aa015bbe",TRUE,1,2,2
"7d318b2a-1c70-431e-a0c6-aa50fb97cdda",TRUE,5,4,2
"682d1f80-3f06-429f-8454-fd32126f48b7",TRUE,8,8,2
"75da0f8c-6e3d-4d69-a63c-379645b2ce02",TRUE,5,5,2
"c99805a6-1bb4-4fde-89b0-a28f8be338ae",TRUE,1,2,2
"dd9d0edf-04b7-4eaf-b9fd-337cef6bd32b",TRUE,3,1,2
"a337782f-52e9-4cb3-bd36-7955b187429c",TRUE,5,4,2
"64efc892-6266-477d-b19b-8bc62ff8055d",TRUE,1,2,2
"b24ff318-f51e-4dd8-bd98-2f52ff4e92be",TRUE,1,2,2
"e92c622d-3707-444e-812d-d30305cc1267",TRUE,5,5,2
"7b6f8f40-753f-49df-8bae-76fbbbb9a6a8",TRUE,7,6,2
"6160ceda-d6df-4720-8e67-36ade8db8e59",TRUE,1,2,2
"a2a83a87-f50c-45cf-878b-d27771c6d5c2",TRUE,5,4,2
"c9a29133-5979-411f-af67-3016a9963c77",TRUE,8,8,2
"e816e1fc-5602-4e8f-9405-b43e34afa0ca",TRUE,8,8,2
"bed622e6-161c-4e07-aef8-929fdf99005c",TRUE,3,7,2
"fc34136f-2b61-4651-b233-ccfe777acec2",TRUE,8,8,2
"c4ac0995-859a-441a-8e05-c562b400ccdb",TRUE,8,8,2
"2068b1e8-6adb-4eba-8020-26d8d493b57c",TRUE,2,6,2
"919cdb0a-cabd-40d3-8c70-f563c36a3043",TRUE,8,8,2
"2efbe645-1122-403a-9019-52179b57776b",TRUE,5,4,2
"fe71c851-1312-4831-bbde-c19904d80cbb",TRUE,5,9,2
"37964524-8484-4b57-99b7-2d4f85afd6ce",TRUE,3,8,2
"21a3080c-1cee-4fc7-93cc-f5025c599965",TRUE,4,4,2
"95e5d1a3-b21e-44bd-96d7-d8df38a3b428",TRUE,8,8,2
"046a2208-ba8f-4c73-9fb4-004908f74747",TRUE,5,5,2
"a2ec2212-af29-4dc8-a91d-a4894c84d7ee",TRUE,8,8,2
"c1ae3668-c1c2-46a6-9f0f-426caadaa94a",TRUE,4,2,2
"b631eac9-0493-4434-8021-6e7782231ff4",TRUE,4,7,2
"ca734521-7364-4070-86b2-3b76f913c2cf",TRUE,1,7,2
"39643b8f-2cc1-4851-b102-12fa8ad68333",TRUE,3,2,2
"2aabcf21-e384-4557-ad8b-59b97b73e44e",TRUE,1,2,2
"dee595f1-379e-4d2d-ba5d-dfdc4eeafbde",TRUE,5,7,2
"abd443fa-cfa6-4297-89a8-ecd2f2e29fca",TRUE,3,1,2
"1cf1ea7b-4602-4560-bcc7-7f7359ce1dca",TRUE,3,2,2
"72e4d654-fc60-4e5d-9f31-39ce4bb9addc",TRUE,4,7,2
"cf9f9cc7-016d-4937-b232-d96797591983",TRUE,3,9,2
"8171806f-aff0-49f6-ab3d-27965604557b",TRUE,8,8,2
"d3fd9a33-b32e-46c6-a1fa-0e661979f916",TRUE,4,7,2
"f192014b-da60-4e86-8c0e-c04d3151ae9c",TRUE,1,2,2
"f0a52494-1f01-42b8-a7d9-924f55699e9c",TRUE,3,2,2
"b061f972-e072-4223-b9fc-0519f02e1c5f",TRUE,4,2,2
"da9eee61-cbc9-4035-a492-9752a70e362f",TRUE,4,7,2
"76d8b2c3-e2ad-424c-a32d-b898537ef459",TRUE,4,6,2
"0663f515-a863-4f62-8bbe-4096ac6a4975",TRUE,1,2,2
"ada66ac6-3408-4dbd-91fa-95c4196a7ccf",TRUE,1,7,2
"82c6fbc0-39c3-4c6e-aa54-e979c1128bab",TRUE,3,1,2
"d7cdd2ea-2841-45ea-ba1b-3d823868c802",TRUE,3,8,2
"c27e8295-0373-4bda-8235-fd9c9d949859",TRUE,3,6,2
"757b6846-43e0-48fb-80f0-71746babcf14",TRUE,3,1,2
"db5c4f2c-61b0-46e5-8959-56a6b02294c5",TRUE,4,3,2
"b6cbc93f-4905-4251-b1b5-37608d0b56f5",TRUE,3,2,2
"44a124c1-920e-431e-9759-d5f87ffd3f2e",TRUE,3,2,2
"3d217c91-32c2-4d2a-aa72-0501a8d05ba7",TRUE,5,5,2
"c65d78dd-f4f2-4a9a-97ec-4a9f55eaaa2c",TRUE,1,2,2
"3305ee62-a495-4554-904c-8d04065663ed",TRUE,7,6,2
"af789298-af87-4c2f-bca3-9437673dc816",TRUE,3,7,2
"4c755ebf-6e1d-4ea3-b87d-f120bbd9795b",TRUE,1,2,2
"c0e8444b-1eed-4229-aa6b-a7fc1fa605ad",TRUE,8,8,2
"489fba62-0fdf-4ffe-8080-bdfc688f213f",TRUE,4,3,2
"d40b1153-b2d3-44fe-98ce-ba3725542494",TRUE,5,2,2
"4d4adcaf-b296-4fb1-b1c2-c38c858fb7b7",TRUE,5,5,2
"597f6d18-2d48-4cfe-8071-fc2ae5f1ab6f",TRUE,4,1,2
"328710fa-220e-4895-820d-f25d9347c1bc",TRUE,5,3,2
"23652fe8-227f-4c1b-aa4d-0665f25a76c1",TRUE,6,9,2
"bff52c0a-90aa-4351-82ed-8e625993d794",TRUE,4,7,2
"2d710711-6a69-49ae-afad-899102f0e2c5",TRUE,8,8,2
"52879cd0-741c-4b40-9c47-aef802bf6fce",TRUE,3,1,2
"6a5b9400-c5c4-425e-8c5f-57ced1056bad",TRUE,8,8,2
"c6723093-a2a8-47fd-a6f0-fd8c464422f2",TRUE,4,2,2
"497d6702-a6be-41d0-a5d4-9724a94bacb5",TRUE,5,4,2
"c873dfbb-4106-470e-a691-e76ecc120e53",TRUE,5,3,2
"25429820-526f-4c82-837f-617b4526a4f6",TRUE,6,9,2
"ff6a4a64-21f6-475a-be0a-4f4f22fc1e21",TRUE,5,9,2
"6ca1017c-8e37-4065-a05d-04dbced76356",TRUE,4,2,2
"a6af1dc1-b7e9-4956-a28a-5ae3afffc957",TRUE,1,2,2
"31cee721-6a34-450d-b7b2-d416846ee271",TRUE,6,9,2
"2b346b74-6281-40ed-8a2d-c28ea7a9aba6",TRUE,1,2,2
"9868e900-df43-4c6b-9c33-d40c992b708d",TRUE,5,7,2
"37aafb4f-70eb-4c95-a0e1-9f62d86e92fe",TRUE,6,6,2
"9f6a5ea8-7914-4faf-a707-05c5b9d6de68",TRUE,4,7,2
"05273d59-1ed4-4321-b442-7a3cf5496252",TRUE,1,2,2
"c9f4f9c1-0a58-4a3b-ab5e-2bc7afd8ae7b",TRUE,1,2,2
"96bd486a-503a-457a-bf7e-9c133f60e138",TRUE,7,6,2
"b3f3aaec-9d1f-4ad2-a626-4e2dd6a6708c",TRUE,5,3,2
"f675278b-70bb-446f-ac05-9ddc1fae4c44",TRUE,8,8,2
"c622c24f-970b-4916-aab0-f9d6eed0ff6b",TRUE,8,8,2
"34315937-9058-4774-8f7b-af8c98e537c5",TRUE,4,4,2
"cab93b54-3222-4fc2-bb26-db3fc3d7eb16",TRUE,5,9,2
"5a8c62c3-92ae-450d-897a-511adfce7489",TRUE,3,7,2
"2e38fb74-650a-4254-8709-b5364b62ef61",TRUE,5,6,2
"257989af-91ad-4761-b481-fafaddc2a175",TRUE,8,8,2
"3b2f47df-1cf5-483c-8ba3-fd0d3be88bcf",TRUE,5,3,2
"88b9f8e9-77b9-4b09-87d7-11333202b1b0",TRUE,8,8,2
"cb03a5a0-db08-41f8-ac8c-807da7368b0d",TRUE,4,2,2
"26f5f94e-c18d-43db-b03d-550b255402f6",TRUE,8,8,2
"ce7b1fa8-6929-4da8-b1fc-8c72946b7c08",TRUE,4,2,2
"9718ca5c-1152-42a5-9b97-e1469f257f56",TRUE,5,4,2
"0e15eaed-5c47-4305-9d7a-c64ae48de9b1",TRUE,5,3,2
"0e15eaed-5c47-4305-9d7a-c64ae48de9b1",TRUE,5,3,2
"9f804573-c1d3-4f7f-8b53-6889e2f2b703",TRUE,5,4,2
"bee55727-fb1b-4ab3-9072-b5635d2728be",TRUE,7,8,2
"fb532997-58c0-4329-b328-a16d88a8e2e5",TRUE,4,7,2
"13dfca93-8ab3-4359-b9cb-df543c94f97e",TRUE,4,2,2
"1496b056-cfc6-41e6-b9e4-46d2b29fcd3e",TRUE,1,8,2
"9246f830-098e-4d62-b516-4d3a94d621a4",TRUE,4,7,2
"6d7f20dd-f1d7-4279-b36b-7a0e6e055097",TRUE,8,8,2
"6713194b-8352-48ea-bba2-4a6792f9499c",TRUE,6,9,2
"e6e494dc-627e-4529-948b-33df19b2147f",TRUE,3,3,2
"3878340b-4383-483f-89e1-c01fb899fbab",TRUE,8,8,2
"e6a286be-23e6-4528-a4e5-9fa255273fa5",TRUE,4,7,2
"b541d2fd-9e02-44c3-871e-76cbf6556427",TRUE,4,7,2
"a82d01af-402e-44ac-8f29-447db2c55e62",TRUE,4,2,2
"8a8f0ac7-d7e4-4dc2-8bf0-4d2b4ab6a191",TRUE,3,1,2
"2f62f397-41a0-440e-a027-3d65bc32e4d8",TRUE,5,3,2
"e41f222b-60f3-4411-86ef-99475c62202b",TRUE,8,8,2
"8cda3a55-bd5e-4d0f-bdd5-c24eadc60450",TRUE,8,8,2
"a7ef070b-9593-4168-a411-d5507a702e7b",TRUE,3,1,2
"1fa50dff-8564-42eb-a29c-1f21a6331d12",TRUE,3,3,2
"f6870505-4919-4324-82e3-49dc1f8798a4",TRUE,5,5,2
"331b9d7e-6e86-4ed5-ae05-acfd0fcd8676",TRUE,3,2,2
"2af1ec16-197e-40b3-b1be-555c4c8114f3",TRUE,4,7,2
"5844cd53-b8a0-435b-bc4a-251a979fe88d",TRUE,4,7,2
"175e9ebb-5f78-45cd-90b3-e7799f14fdd0",TRUE,5,4,2
"f3458e10-8388-41f4-be40-39b90859d415",TRUE,7,6,2
"4a9e9f1c-562c-49cf-8e4f-09f6ab913fd9",TRUE,4,3,2
"774478ac-4bde-467d-9a7d-41f51cf895e7",TRUE,3,9,2
"f5ecceee-a309-4535-84bd-b1f1c1cd4f4d",TRUE,5,6,2
"079faa79-ecbc-47bf-85e2-cb7b953224c0",TRUE,4,3,2
"67cf044b-6d1b-4df8-a44c-a346dfdae70b",TRUE,5,9,2
"afc91d6a-95fd-4b9a-a432-c1f3aa8ad6c5",TRUE,3,2,2
"2046aeca-62f1-49cd-97b6-425249ccefda",TRUE,3,2,2
"43670339-4baa-4fe4-9454-f23c822ce436",TRUE,1,2,2
"f7684087-1f62-4c5f-993d-72bb4f662f98",TRUE,7,6,2
"b0ffb247-f244-4cbf-abd8-6a40bb52ed3a",TRUE,6,6,2
"e9930439-09ba-4bd9-a1f2-e7d6e5ae51b1",TRUE,7,7,2
"cef400cd-70f2-473e-b378-0292bed4bd00",TRUE,1,2,2
"03a8686f-180a-46f5-a939-78cb86e12c3c",TRUE,8,8,2
"cd6e8422-4716-4c1c-b9d5-9980cf851d46",TRUE,8,8,2
"8f1ce04d-6e84-4968-97c5-a8a28ba7a143",TRUE,5,9,2
"f923ce48-d39e-4add-84eb-eb6e93a4d6c5",TRUE,4,7,2
"952db4af-5157-468c-be2f-fe0586efa8b5",TRUE,5,5,2
"4f6ad440-069c-4909-a55d-1f5f8b30edaa",TRUE,1,6,2
"54e2cf78-c798-4f3e-bd82-4f6451c7197c",TRUE,4,7,2
"25b9bd00-24b6-481e-9ded-dac7baf691e8",TRUE,4,7,2
"0cdd6e98-8c71-4f6f-b57a-364f8edeadf1",TRUE,3,5,2
"aeb82153-e104-4af2-b4c3-6f33fa418def",TRUE,7,6,2
"344c1742-9a0c-49f7-9de5-a796dac25812",TRUE,8,8,2
"31a02018-615c-4399-ba1e-04af268f0664",TRUE,4,2,2
"467917ba-d022-416f-a097-92888f29800c",TRUE,6,9,2
"a945c811-d135-4f23-bfb6-cea377477d55",TRUE,3,3,2
"240119ba-d98a-4f85-8cce-49589d2338aa",TRUE,1,6,2
"f9695211-d684-4a20-b9c5-305dc209146e",TRUE,3,1,2
"fe64f213-036f-4632-8097-cd7eec0e31a7",TRUE,3,4,2
"1a1b7b24-a2c6-48b4-a4a5-39635098eefc",TRUE,1,2,2
"e9d1fd15-cec3-4644-8414-8aa04624ff65",TRUE,3,1,2
"e8f38c3c-7ec7-47f8-a2ad-6ef895a6a6ff",TRUE,3,1,2
"bc38290e-d263-4947-9c49-55b435a31e4c",TRUE,5,7,2
"77863479-df13-4cd7-b0d5-75638e4f49e8",TRUE,7,6,2
"a3c0d149-8f86-41a7-b33b-cb7803aac103",TRUE,5,1,2
"e0f17ca0-44c2-426b-9d0d-d62063c32f5a",TRUE,8,8,2
"9926272f-f157-416d-85bc-161fc960ce15",TRUE,8,8,2
"325d6d52-5b2e-43b1-9f48-75e5098bb7cf",TRUE,3,1,2
"a662fedf-7643-4170-af26-d0e200d7e2be",TRUE,4,7,2
"f1f3bfa2-60b2-43f2-956c-f4e0d5aa7abc",TRUE,8,8,2
"eaf4721a-ed74-4ece-8735-af6f596a1010",TRUE,3,1,2
"7657512f-2e3c-42c4-8844-b914f5d5fe46",TRUE,5,9,2
"c571662c-6520-4826-8617-a07e0cdaea5f",TRUE,3,1,2
"d728c44a-5361-43ec-acca-6f36721d7a13",TRUE,5,2,2
"1f2ff80d-c3e3-4087-8767-954a2db5384b",TRUE,5,3,2
"d0b8f4b6-340e-4470-a1fd-8ec146d93675",TRUE,1,2,2
"e2f6ae96-7ac5-45ec-9044-712fccbd546b",TRUE,5,4,2
"2086f158-0eff-4fc5-8503-a2420c14ebcd",TRUE,4,7,2
"1d8a8c19-36ba-4a14-930f-717ac09db7c1",TRUE,4,7,2
"f61d36aa-634e-42db-84eb-089fac67809e",TRUE,3,1,2
"18a7b6f9-78d9-48a4-9d50-b3ab85c120e5",TRUE,6,6,2
"3af13f8f-719b-461c-a69b-b868ca854b78",TRUE,5,6,2
"6e580a0c-7a99-49a8-8f0d-f0c1611b0b93",TRUE,4,7,2
"2393c545-a70f-46c4-b3ea-b4fc65ee4e64",TRUE,6,9,2
"8baf3a05-667d-47dd-8248-e33de622b42d",TRUE,3,1,2
"b7e1d099-9d42-4918-a5d7-0be38b71f76b",TRUE,4,7,2
"2e4bc669-a6aa-4ced-948f-4bf07ac91345",TRUE,5,2,2
"54a85c76-6789-43ab-b572-ab06cf64bb74",TRUE,8,1,2
"895df017-3d36-4c0c-8782-f5d28bf280e1",TRUE,3,1,2
"634cb182-6286-45bc-812b-dca644642603",TRUE,6,9,2
"4c44ea99-4592-42db-ab5a-9ce5f9f284db",TRUE,5,5,2
"bd9d8904-624f-4534-acfa-47f7e6b8a2ea",TRUE,5,6,2
"b27f85c9-f9e7-4d9b-992b-388237fabb29",TRUE,8,8,2
"2b2cc5eb-c0e9-49a0-8167-9a0149041822",TRUE,3,4,2
"385f9906-27b7-4f69-8600-18c76f6330a5",TRUE,5,6,2
"809ad6bc-6580-47ea-b5d1-d9ffa324c7c1",TRUE,8,8,2
"bc532fb6-c380-4711-a6c0-8aa62694d105",TRUE,5,1,2
"0cacc563-f518-4b3b-a113-354dcbba9899",TRUE,5,6,2
"f1ee6ac3-7d1f-46d4-84b1-3c89321ecb76",TRUE,4,7,2
"4b4af76f-a0f8-4780-8863-1f4e7d7052ce",TRUE,1,2,2
"b01c89e9-c97c-45b4-9e64-17f373f20ee7",TRUE,8,8,2
"eed8e19c-1ff3-4446-9f4b-8b8bc6657d2c",TRUE,7,6,2
"c12dcd13-ff6e-411a-94ea-6af4d724d6be",TRUE,1,6,2
"3b1d2ff9-aa9c-4fdd-8e0f-01ae17a2c4dc",TRUE,7,6,2
"ad7e823d-0797-4ff3-9015-5274ebfc3022",TRUE,4,2,2
"19713695-833b-4d49-aee1-820ca1dc6b36",TRUE,4,7,2
"e4683145-7e76-4a9a-8d71-7461d80667ca",TRUE,5,4,2
"8917fa5e-056a-4ed2-bb66-55f4d8bbca46",TRUE,3,1,2
"cd074574-a1d5-464f-aac8-80ccb97be11d",TRUE,4,2,2
"c0e8eb58-aaf3-406d-8f55-6f262f0badea",TRUE,1,7,2
"b170562e-06c4-4002-8576-932e464a5e33",TRUE,3,5,2
"d5f56260-a4c4-4f13-ad45-84926124eaf0",TRUE,1,2,2
"f167f6b3-30b5-4922-8dba-7ec3c430e33a",TRUE,4,7,2
"f59263fd-879a-4e4e-b088-5c199b770355",TRUE,3,8,2
"ca63f061-c0e9-42a1-93b8-a986fa45e1a5",TRUE,5,3,2
"3189bd19-1975-4c0a-be92-d511919fd9c8",TRUE,6,3,2
"f3784b10-5ec5-4235-8053-5633252f1fc5",TRUE,5,4,2
"aa9ba70c-6e0d-4fca-961b-312af121d4c6",TRUE,5,4,2
"d96c1911-777c-4546-93a2-fd81a0e31052",TRUE,1,7,2
"f1998e12-6e0e-44c6-bc0a-81a8a03e0874",TRUE,1,2,2
"8fd6f779-2860-4dfc-beb9-a53a46e1bc20",TRUE,6,9,2
"c83184cc-89c3-4a32-a0c4-a6a1e02b4bcf",TRUE,1,8,2
"3b10133b-c742-4d7a-a4b7-eed286d855a5",TRUE,8,8,2
"fe05ada3-b341-4145-af58-f0d6fa8828a3",TRUE,5,3,2
"b9252add-78c6-4de4-9fea-93ad55c0d9d6",TRUE,3,8,2
"d0430ada-5ff6-4d09-993c-a76e7c728006",TRUE,7,3,2
"0aa3bed9-3210-42cd-931b-b91f986ec928",TRUE,5,7,2
"e6517e6c-d076-480f-9a0f-ee13879967e9",TRUE,6,9,2
"41d0064a-ea6d-4d3d-bb5e-aa0a06219ae0",TRUE,3,1,2
"2e9eb8a7-b027-4902-b35e-803b9a2ce962",TRUE,7,6,2
"54308c1b-51c4-4e22-ae66-59cd7095371a",TRUE,5,3,2
"48945e14-7750-45c1-9f7f-a090a7427de0",TRUE,6,6,2
"fa4046c6-95d4-41b7-831c-785c6a310847",TRUE,3,1,2
"2ea7ec33-ed05-47d6-aecb-e292f97ed241",TRUE,8,1,2
"c885fcbb-7391-4b6f-a797-c7957050c15f",TRUE,1,2,2
"519cfe2c-62dc-45b1-858f-c92794a78828",TRUE,8,8,2
"2c1fd485-6ba5-42cd-869f-f9709d7c5b58",TRUE,1,2,2
"3822ad34-9449-4aa5-8de9-bdd7f971a639",TRUE,3,1,2
"a8621e84-15d0-4925-9dcc-67c397a57b69",TRUE,6,9,2
"6a387e66-f833-43b2-a064-1c0fe15390d6",TRUE,3,1,2
"42d7bac8-00b3-4ac9-b090-c970eafaf077",TRUE,8,8,2
"fc254678-68b7-40bf-b28a-43e4979364d0",TRUE,4,7,2
"3ef4c076-2615-4b59-aa2a-8e5dd98dd341",TRUE,4,2,2
"8cc37019-f10f-46b0-bea5-18eb586641d5",TRUE,5,9,2
"73f71b49-518f-4574-ba01-bb1a0a23148e",TRUE,5,2,2
"9a86fa25-d0f7-4ffd-acb0-9c7e27adcd70",TRUE,8,8,2
"fc35ec91-a8df-4eee-8b20-ef5f66bc9331",TRUE,5,9,2
"d4f9c5e1-8842-43a0-804a-d080afc264f1",TRUE,8,8,2
"11ba68b3-1282-4c2a-be3f-2854c684294d",TRUE,5,7,2
"d133071c-5679-40e2-b655-2017b6a4eee8",TRUE,7,6,2
"6ff4a4dc-2982-4046-96b7-97d52eb1befc",TRUE,4,7,2
"ae04e90e-0c24-444f-ac3c-3f4c8686632c",TRUE,8,8,2
"13c7f949-d2ad-4c82-a16f-4e9482a0d9d8",TRUE,5,5,2
"72f0f31b-8a80-4fcc-9614-d677716722fb",TRUE,3,3,2
"910f6e10-197e-447b-ae0f-9a3e94ed23a7",TRUE,4,2,2
"826fb92d-f6b6-4881-ba44-d91e71d90967",TRUE,3,1,2
"ea7f93fd-db1c-49d4-abe9-75ae884635b5",TRUE,4,7,2
"6d8766a3-7631-4a45-88cf-cc364cac736a",TRUE,1,5,2
"9af80556-11cd-4a69-b1d1-a2e051648ea9",TRUE,4,7,2
"70540994-ad58-415c-9a5d-e608ffab81cf",TRUE,3,3,2
"87555344-a30b-475b-831e-2b9f9b0daf26",TRUE,5,9,2
"a7a8641e-6a01-410a-b102-ab6ebf4252a2",TRUE,3,1,2
"fb92c2b7-9ea7-4693-b6f7-618ede752399",TRUE,3,1,2
"886487dd-ea75-4a88-a5a5-afbec5b179f1",TRUE,8,8,2
"f4396080-9fe4-4423-bfb6-5df0632e732f",TRUE,4,7,2
"8a2cacb6-0745-4dd9-badc-0bc44e0898e7",TRUE,5,5,2
"276b4ef6-a0d2-434c-ac9b-84675a2ad731",TRUE,1,7,2
"5867df27-8d91-4d05-bfe7-a747bca26364",TRUE,8,8,2
"16c674ab-0139-4419-89d0-b939889017ba",TRUE,4,7,2
"a07eb16b-d9c8-49c8-ac4f-581a721cbcb5",TRUE,3,8,2
"82d067c0-9728-4063-8b34-24d82e9f5e5f",TRUE,3,1,2
"2bf48165-b504-47a9-b300-4ebef0dc0c0b",TRUE,4,7,2
"dcfc626e-277b-40a0-86dd-b2d2877d79e9",TRUE,1,7,2
"830c965f-4774-4568-b70a-b2866723a7d0",TRUE,5,4,2
"40c06c07-a478-4c93-9db0-580b5864c2e7",TRUE,4,2,2
"ab80e1b2-07e7-4b2d-9fb7-960174de642e",TRUE,6,9,2
"623148e9-460f-411d-9979-19f61fddd196",TRUE,1,9,2
"398e6ee4-7dfc-4a25-bf83-7794dace9d7f",TRUE,8,8,2
"27322a48-1a5b-47ae-a616-01ee26e53b32",TRUE,6,6,2
"6e30a559-1275-4d34-853e-1a2161323b27",TRUE,1,2,2
"4feab0f2-bfd6-47b3-b913-a65d1137f583",TRUE,5,9,2
"27126753-5a2b-4981-818b-c87befe7b09b",TRUE,5,9,2
"2a0382ce-a036-4a67-b55e-2c492454456d",TRUE,3,2,2
"7a95dfad-1fb4-4834-ab76-cc08163da6ae",TRUE,5,9,2
"30500cc4-cc53-4ccb-88c1-126d2a55865d",TRUE,3,1,2
"6762645e-f161-4166-b2ee-1e6e4fa88911",TRUE,3,2,2
"71b43cc0-c526-4a3e-847d-dc7ecf924acd",TRUE,5,9,2
"7b774ba9-37ac-4b4d-a543-381f4e18af63",TRUE,4,7,2
"0c45e8c1-5ff2-4be0-89f8-5756e82373e3",TRUE,3,3,2
"c881544b-bb7a-44f8-9a6f-9d20d6158705",TRUE,3,4,2
"8207d47a-008d-4c21-b896-63db354a5f31",TRUE,5,9,2
"3ef35718-ee7c-4fb2-9c59-f4a0452cddb5",TRUE,7,8,2
"a0eb5768-4c36-4817-a232-21c0ab7a81a4",TRUE,7,8,2
"ca0b8f7a-8d36-4b57-b245-4b320fee90b5",TRUE,5,1,2
"a3aac787-dcdb-4b53-a779-ae8e86b73ec7",TRUE,3,3,2
"2495eeb8-9af5-416c-a8eb-d4b199f9e9c9",TRUE,5,4,2
"81e3ff73-e23c-40d8-bfd9-019391c0a986",TRUE,8,8,2
"235d6176-0cba-4e80-a194-400146a92831",TRUE,5,2,2
"6a65d771-3339-423e-9603-074e7db811b3",TRUE,8,8,2
"c0e54d12-2ae1-4735-814d-ed5d77a9547d",TRUE,1,2,2
"342a47da-026f-4dc2-803e-669b4fc7d5e0",TRUE,3,1,2
"b40a5a07-172d-4c14-adb4-6dad5c1f13f3",TRUE,3,2,2
"53cd6cc1-8ca5-47fc-897a-71bb74b24dbb",TRUE,5,4,2
"31059cbc-f7c8-447c-ab3f-dafbc70a3920",TRUE,5,3,2
"05ec1688-2ad1-41b1-92cf-4816ec0a4e04",TRUE,3,2,2
"c0e951cb-bd0b-4da7-9039-02a99690f966",TRUE,5,4,2
"bd0d7282-396a-4b96-abf9-0c5376992972",TRUE,3,1,2
"cfcd9d2d-da90-42a6-b1cc-466726156c68",TRUE,4,2,2
"44b78445-8de5-4450-af5c-863c60ae3653",TRUE,7,8,2
"ec02130c-2f7c-4bb8-bc47-6b63330c8a13",TRUE,4,7,2
"4a4118c4-2f3e-4936-b508-eb69097b92d8",TRUE,4,2,2
"577f76f1-d9a5-4929-a3f3-dae4cdfe0c46",TRUE,7,2,2
"577f76f1-d9a5-4929-a3f3-dae4cdfe0c46",TRUE,7,2,2
"dc047062-6aee-4055-a7fb-b6b37e064c92",TRUE,6,9,2
"19afe5bb-6549-4ae2-bc95-728fd847a4db",TRUE,1,1,2
"7f8b86d7-9384-4091-af13-ff0a720962b9",TRUE,8,8,2
"3d65a88e-b015-4c00-bdcf-0881e6610f19",TRUE,3,1,2
"c99566cb-5833-410f-8139-af9494717811",TRUE,5,1,2
"52a0455e-d999-4112-9898-0e818dfc26ac",TRUE,4,6,2
"575faf95-72f2-4ac6-9e79-74247a766e31",TRUE,1,2,2
"7e421b58-2b90-4347-a865-d9938ff8e603",TRUE,4,10,2
"e7e7c26f-b5cf-45ab-a779-c6d5094260f3",TRUE,4,7,2
"5cc89d8c-e6d0-44c9-ad44-09dc31003bed",TRUE,5,5,2
"ab016c2e-14db-4f40-aa31-18cb3e9a2667",TRUE,3,4,2
"acb3d675-eb05-4626-a9c3-c1961153198f",TRUE,4,7,2
"dd043ebb-4c7e-4b38-9da6-1e953e529248",TRUE,4,7,2
"e4a523ce-4d03-43e6-af49-3aa3686dc63e",TRUE,6,9,2
"f19faa6f-2fdc-4cdd-aed8-4831b26467ba",TRUE,7,8,2
"c0dc70ef-fba9-493b-a801-5730c37ff0b3",TRUE,3,1,2
"7bbdddb8-4700-4ef3-ab06-b08c218c0aba",TRUE,4,7,2
"c109f6dc-d2ef-4aee-bb26-d78c9c77bd53",TRUE,7,6,2
"43ec2581-fa04-42e0-bfac-b5d7009454b4",TRUE,3,5,2
"6a58f108-396d-451c-8b86-09d41752e6a1",TRUE,3,1,2
"997fda54-5f7e-49a2-9539-cdcc9aebe15e",TRUE,5,5,2
"1f48535e-8a99-4b26-8e77-d67e6a4f6539",TRUE,3,1,2
"e6efc68f-4f3f-48fc-b87e-249c826c60f0",TRUE,5,7,2
"5206894a-5993-4970-8f90-0dfca6f1189d",TRUE,1,2,2
"2cadced5-1157-420c-a617-7c69dea1c8b1",TRUE,6,3,2
"815b0234-8f45-4d05-bc2a-8c04ecbb5c6f",TRUE,5,9,2
"099157d4-4581-4bef-8a16-9a699327e8e7",TRUE,1,2,2
"30acc671-2f47-4d4a-83cb-1673b10f3c5b",TRUE,4,2,2
"b08c7029-1d01-4970-94e4-da30107485e4",TRUE,4,7,2
"69ed439c-ee8e-4a58-9635-8e1feeb1ca82",TRUE,1,2,2
"566353b8-b3fc-4df4-913b-12264f79e972",TRUE,8,8,2
"14143b08-62d7-4069-9fd4-48d617c3039c",TRUE,5,3,2
"06317e07-0440-401e-bd47-4c6d46192c4a",TRUE,8,8,2
"ba4580c8-e38e-4349-8767-f57c443490bb",TRUE,1,8,2
"7b3eb7ab-6b80-49d4-816f-39e1552f1512",TRUE,5,4,2
"363f0268-d756-481b-bd8e-847b569ae735",TRUE,5,9,2
"b5877d61-8a8f-4248-9407-8e7c187c80ad",TRUE,1,2,2
"023aff33-86b0-4d2d-bf78-955a3ad67e9e",TRUE,6,9,2
"7b18b4cb-4aa3-4eab-b106-1e47b3e9fac1",TRUE,8,2,2
"2ef9545c-6665-4a15-add6-1a566b9e8b45",TRUE,8,8,2
"c148015f-0a93-497c-a532-9a625681cb53",TRUE,5,3,2
"a34a6ee4-0951-4693-9d09-a0a756f23a88",TRUE,5,5,2
"8aebc6fd-ac1a-4f6f-a889-21ee08c2c6c1",TRUE,1,2,2
"04ce6142-1d9f-44af-a1ea-66bf52058bc6",TRUE,5,3,2
"1b380ec9-a3a0-4d09-b666-0ae507e99b27",TRUE,5,4,2
"4a883899-c17b-45a2-a6b0-9ce55c3df7e8",TRUE,4,3,2
"abf2aa6f-4268-4106-a225-a07e3e4e00ac",TRUE,1,2,2
"213a2c27-5e4c-4b9c-8be8-493aab9806c5",TRUE,4,7,2
"16682ca5-0fd8-48b7-ac56-07e396dce3df",TRUE,5,4,2
"46d8da5a-3818-4212-84b0-e07a1e943db1",TRUE,1,2,2
"4d7e4bb4-975b-4891-8d5c-a5c5bebad3c8",TRUE,1,8,2
"eb465f9a-a9c6-427d-a39f-ea37cc2913b3",TRUE,5,1,2
"ee7abcc2-a0e4-45f2-acb0-6f2ad397ca4d",TRUE,8,8,2
"0a04ed66-f8fd-4b47-8413-8302ae50e4e7",TRUE,1,2,2
"1a3104e2-7a20-4799-9f03-b327cb22c750",TRUE,1,6,2
"d3e20436-1916-4a97-8be3-1d1981272962",TRUE,3,1,2
"ab16ec7a-af53-48ab-bec2-4cf4d2bc7df1",TRUE,5,9,2
"a732b8ba-b793-4db3-960a-a12e276d8f7a",TRUE,4,7,2
"945a0217-6cd5-49bc-aaa8-9b062b087bdc",TRUE,3,1,2
"a29fba1a-8247-4736-8ad6-05ee95633d96",TRUE,8,8,2
"be18970a-df9b-41fa-bc42-20fa16adf4c3",TRUE,1,8,2
"65270c0c-8076-414a-ab96-18292631dfe5",TRUE,4,6,2
"eb970488-2607-4f15-80d1-a611b0c30795",TRUE,5,3,2
"0a0458d1-d0df-48ec-bb41-ffceaaa80c71",TRUE,7,6,2
"8ae0a69f-e80f-434d-8cc1-58c9e9197ce5",TRUE,3,1,2
"1b8cdcb7-d4ae-4804-b64a-169c1940d5c7",TRUE,7,8,2
"8919ab79-e44a-4920-a8a8-23db2533cc94",TRUE,1,2,2
"b7d130bc-ad2a-406a-a98b-e66516992035",TRUE,5,5,2
"3ba17846-b406-4f37-9de0-aede61ba0479",TRUE,3,1,2
"179afdc1-ad77-43de-9da2-681147269f6c",TRUE,4,1,2
"d6d05383-7310-4ddc-81b7-cecab6c64146",TRUE,4,2,2
"6c4ef307-fa08-4aee-9be3-75791b6ff489",TRUE,1,2,2
"2e949cb6-b215-4e95-9086-0ab787d62551",TRUE,1,2,2
"288255cd-8d2e-4e3d-b414-a1935a407496",TRUE,3,2,2
"7dc535dd-aed4-44d4-8470-f82a05f11701",TRUE,8,8,2
"48e9f4e9-bbf3-43a5-a876-23249ce93aa0",TRUE,3,1,2
"b1b0a12b-22e7-4ccc-9bf9-da0f28549df6",TRUE,1,2,2
"f88a6dca-4fe0-4431-8d6c-ad488b7d81f3",TRUE,8,8,2
"5c76a6c3-bba7-49a3-a5ce-afc72ed6978b",TRUE,8,8,2
"cffa04f3-5c7c-4db9-b159-3838af712791",TRUE,4,3,2
"446df077-3d4f-4e6f-9f1b-e0f158afa5e6",TRUE,3,4,2
"f392e45a-98c9-44ad-a206-08a122147ef4",TRUE,1,1,2
"c52b9fe5-45fb-46be-9fdb-cd25624dde8e",TRUE,8,2,2
"a8534f80-95bc-416e-9367-e06e6bbcb697",TRUE,6,9,2
"51e0fb0b-1d9d-4597-a76e-5d086012ab84",TRUE,3,1,2
"56556875-bea2-496c-9b12-3b2797b7ba1b",TRUE,4,7,2
"77ab4193-3c34-4425-acd2-e0abbd0c3cc9",TRUE,3,8,2
"4e9e66d9-b37d-4c11-bfcf-9a04aa6ba43a",TRUE,5,9,2
"e71a9b96-b442-4c3e-8b59-8b80b45e6f35",TRUE,8,8,2
"28f0b84f-9d0d-4182-b84e-7ae9b1a4f043",TRUE,3,1,2
"6bd38cbc-4f26-48e3-bd44-7bb5a5c5ec9e",TRUE,1,2,2
"b3510aad-a4bc-43a3-b750-97b298d2f4dd",TRUE,3,1,2
"4ae06bd6-3fc1-4365-b3b7-750b8b3c6515",TRUE,3,1,2
"080f503a-a988-4ca5-b33e-02f788c647d3",TRUE,3,1,2
"e54ee38f-0d07-45dc-b837-6df79ebfcf24",TRUE,4,4,2
"83e9f7b3-1c11-455c-883d-ae3c2b80326d",TRUE,4,3,2
"abb36ffb-987a-485d-b886-c1065b750feb",TRUE,2,10,2
"4efcc8f9-0abe-4d62-a30a-2f50a1ee4fc3",TRUE,1,2,2
"00f6a981-e25c-4ea6-aa1b-5a0a39f51917",TRUE,4,7,2
"0eb00308-d5e9-43b7-ba6d-6448838fa60c",TRUE,3,1,2
"08726502-d739-48ac-b2a8-b419a2d748f3",TRUE,4,7,2
"25b1a1ea-e8e1-4a80-9c58-52c340a3fb85",TRUE,5,5,2
"60f1210d-f0b6-4831-85ba-0292ba799889",TRUE,1,1,2
"cdcb8f31-2b46-41da-8450-963e0042d07e",TRUE,3,2,2
"05fda2dc-1dba-4ee8-8e12-944e9b81e425",TRUE,3,1,2
"9789985e-896b-4352-8c67-7b61aeb05666",TRUE,3,2,2
"0860bd2e-7f38-4073-873a-c7e3b6483620",TRUE,3,8,2
"07d77c9e-e5fd-464c-9b90-65e8055f6d99",TRUE,8,8,2
"d781fd54-2ae9-41ad-8e26-0905f960ffda",TRUE,8,8,2
"06dc6e8a-957d-42aa-9012-036816f09201",TRUE,8,8,2
"967b96dd-e78a-48b4-9ed5-8fe626b043e7",TRUE,1,2,2
"0d578b15-9a16-4fbe-a9aa-0eb018f19bec",TRUE,8,8,2
"b7349ce7-11cf-4807-952a-bfdc3a7a599a",TRUE,3,3,2
"67ec7737-0552-4a4b-b143-112fe48e9d23",TRUE,4,8,2
"f1a66ad7-3b3d-4d9d-bf42-9d9b4b16f4e4",TRUE,4,7,2
"8d7dd27b-d08c-4a37-86ec-f76c25a9e5bb",TRUE,3,8,2
"379fc487-9f19-4258-acfb-7f75e6244dc6",TRUE,3,1,2
"0f28d982-9244-4d79-a369-58e0f6ca12c1",TRUE,1,2,2
"66deff3d-1688-401d-bb37-49a5cdf9ff1c",TRUE,6,6,2
"a256b19f-994f-4547-be98-4db9f064d4db",TRUE,1,1,2
"141086e6-a324-436d-a836-212e79e4149e",TRUE,8,8,2
"f5a1740a-bffb-41a9-a342-47e4faecb0f7",TRUE,6,9,2
"f082b1a9-0dce-417f-8f99-0ab16c14ce29",TRUE,3,1,2
"18fc3d3e-8cdd-4d37-91a6-23c49f04a69d",TRUE,4,7,2
"b16ccfce-279d-4176-825d-682a2ea4c6c9",TRUE,5,1,2
"5181a37c-d0a8-427d-8b53-47103a74a6ea",TRUE,1,7,2
"8bb3bf54-862a-411c-98dd-bf333f1b35fc",TRUE,3,7,2
"39bb355b-c5c6-43ce-94be-c13528762dcd",TRUE,4,1,2
"c28a4f83-7c27-4c2c-9c61-a5e9013ee952",TRUE,1,2,2
"051c9bc1-536b-498c-8d6e-02d3292f1802",TRUE,8,8,2
"fb5184a3-c9b7-4124-bb60-5f90bb2d0a73",TRUE,8,2,2
"9e395f0b-755c-40c1-97f6-9e4f9d81aa1f",TRUE,4,7,2
"29610e41-0be5-46b3-bd39-b4d51b14ab3b",TRUE,4,3,2
"c49751dd-ce1f-4b70-8d48-8caf9a6d3102",TRUE,8,8,2
"6d919bd4-6991-44ac-8473-8be89aefd1d1",TRUE,4,2,2
"a9a3f083-c6f1-4d3d-9306-5736f6d3cb4e",TRUE,1,2,2
"1be820a7-294f-482c-be98-f21b5d53d157",TRUE,5,3,2
"5f813852-c161-4ca7-b674-5341c79b263f",TRUE,6,9,2
"75db6f88-d69d-40e1-b3ae-60c2957eed80",TRUE,1,2,2
"d2f09268-c8c4-426c-8c1c-898b7cfe199a",TRUE,7,6,2
"ba8cc4f8-7c79-464f-af79-c66f3092ead9",TRUE,7,6,2
"77ed234f-5214-4584-9a6c-781930e1bba4",TRUE,1,2,2
"e1873113-c9b1-47bd-bcac-2b0834cdacd2",TRUE,4,2,2
"a36397ab-27d5-4c89-a3c8-34fbd472b283",TRUE,8,8,2
"abbf7140-9e62-482a-b84e-4936aa2ddae2",TRUE,8,8,2
"192be039-71ba-43ea-8331-a534505005d0",TRUE,1,8,2
"83c566f4-b70e-4915-8998-c98b8f5c2969",TRUE,5,5,2
"d678e032-9619-41f4-9a86-0c18f7a33fda",TRUE,1,2,2
"f23379ab-02bf-4133-856b-a367fdaa918e",TRUE,8,8,2
"5200be75-1a20-4148-8e1b-72a47e4e68e6",TRUE,3,6,2
"40f34e81-c0f1-42ad-8a99-305e61a717fd",TRUE,3,2,2
"46aedeab-ecff-4bed-92e2-41ac1fd4b9c1",TRUE,8,8,2
"f50367c3-9b1d-46bd-a7cf-b2fd46c1f7a8",TRUE,4,7,2
"3a9e6765-bf36-4647-8cf1-f69f0a80c3c0",TRUE,3,8,2
"28e7aa22-b86a-4d8c-98bb-e79c58304039",TRUE,6,9,2
"11cbf4cf-9ab3-44ac-aa44-2d1639727998",TRUE,8,8,2
"2e4a7ab2-0f04-4050-88f2-2bc9f7af17f0",TRUE,5,3,2
"e899b857-ff39-42ca-94fa-8cefdb4e87ae",TRUE,1,2,2
"455d0a6f-4dc5-4364-955d-9634757e8e27",TRUE,7,2,2
"c6a58e3a-b202-480c-b6a2-8b6958b24e94",TRUE,5,5,2
"21f70d24-9eb2-4088-83a5-4aed28ab93fc",TRUE,4,7,2
"102e9f8e-ece3-438b-90ce-5871904f7641",TRUE,4,7,2
"189c2b9d-a80d-4975-a7fd-83140d8efba1",TRUE,5,9,2
"a14986fc-efa2-47a5-8fba-b0b046a5548e",TRUE,8,8,2
"3365728b-ee2e-4718-af37-f4aa99c219ae",TRUE,3,1,2
"0ceb5264-5d43-4ff2-a150-c64b7626a54b",TRUE,5,4,2
"1060ba56-401e-462f-b84d-b80524cf6afc",TRUE,3,2,2
"96a79b3b-dd01-4047-a0d6-3fd936d60cf1",TRUE,3,2,2
"729d4f0e-b90b-4849-8e24-bf8c2ede7287",TRUE,5,4,2
"76fa1547-6398-400a-bff0-25037309cf5a",TRUE,4,7,2
"dfa05527-4acf-4ed3-b84b-5a4fb1d7d343",TRUE,5,3,2
"0d9faf27-9f01-4dc5-9309-61b29af457bf",TRUE,3,1,2
"965fbab2-bfce-40c2-8080-c710284ea22e",TRUE,4,3,2
"ee8d5ed2-09b7-471b-a1ac-f90dacaf2749",TRUE,3,2,2
"3df53537-7f4d-4b66-ad6f-b8a751075d02",TRUE,3,1,2
"9caa06d9-8fec-436e-a114-bb4169f762e2",TRUE,4,8,2
"201efda2-c556-4032-9252-e26c350b6cf2",TRUE,8,8,2
"f95e40a1-2b73-48a5-9b21-f62f5a609fc6",TRUE,1,2,2
"835ad462-1e6d-4e94-8b06-307416ae0d0a",TRUE,3,1,2
"5a0a79e3-16af-478d-9c33-e9839df8a456",TRUE,8,8,2
"a1ba2658-9e11-4357-ba9e-fa1ad7523913",TRUE,4,5,2
"8ac3cc35-50ec-4623-8b10-a209bf2e1843",TRUE,1,2,2
"c1a60ca0-6ada-4cf3-b9cd-69c2479844c9",TRUE,3,7,2
"af6da7ee-641e-4a19-b44e-6e42c9c60af0",TRUE,5,9,2
"1e4b4884-3578-407c-a645-a74316283f6b",TRUE,8,8,2
"ffb0f6c7-292b-4e0f-b3a8-ffe0ff7d45de",TRUE,5,9,2
"a226d75a-c292-4e41-a16b-7f9f727708ed",TRUE,5,6,2
"9d3bda5f-c933-4cba-a157-bc5c483e62a5",TRUE,4,7,2
"cd2bebea-a300-488f-a501-2c9a82b9f7b9",TRUE,1,7,2
"8f310285-abd9-4bcc-ab46-495c00a55ca2",TRUE,3,7,2
"7e86647f-2ed9-40b3-b4d4-6353dd72bd80",TRUE,7,6,2
"ab5a7acf-dba1-4bf6-a251-e271266565ad",TRUE,8,8,2
"88add08b-e28a-4a16-b465-1511f453f1d6",TRUE,3,3,2
"3a36c1d7-a6e3-4815-8591-2e341e8263cb",TRUE,8,8,2
"316d75fc-6ac5-4e86-a87d-5b3c3b05cddf",TRUE,3,1,2
"af6e6ced-ba09-40d6-a77e-d441a081e440",TRUE,4,7,2
"178cac31-0fbc-4b2e-9980-9e66c5424023",TRUE,5,4,2
"f50b4ddf-94ba-49d1-a8ca-83ea7baf5c75",TRUE,8,8,2
"f8149a6a-969e-4656-812a-2ce7ac14f14a",TRUE,6,9,2
"6b0613da-c68a-40c2-9d02-29f14c3d5859",TRUE,8,8,2
"cc67cc15-4897-422d-97b1-b90597d7da96",TRUE,3,1,2
"ff540caa-3132-4709-9da5-782bcc6e97e2",TRUE,5,9,2
"a2d9fba5-660f-4e52-a860-68178ec3eb09",TRUE,3,8,2
"a010e0fe-e3c9-4208-bd53-43e8b5ac6dad",TRUE,5,4,2
"b74d2f2d-b4d8-4cb3-917b-ef17cd5ec637",TRUE,4,7,2
"b0ccc9a2-1337-4729-a828-d398d1d3dfde",TRUE,6,9,2
"3a94ba9a-7a5f-4ac4-9da8-6060aa8c6921",TRUE,3,2,2
"e8b29ea9-b70e-49e5-9dcd-8512e191c0da",TRUE,4,4,2
"47252565-98b9-4cad-8fc3-381581b32248",TRUE,6,9,2
"184994d8-818c-4ed3-a852-1e1f29d0b521",TRUE,3,3,2
"29859922-0a80-4bd0-9a2c-4e6855d279cc",TRUE,3,1,2
"4bbf3aca-9ffc-4cdd-85f9-e9a98785eb48",TRUE,5,5,2
"61cdf383-2b45-4826-abcb-5bb23b64ca7e",TRUE,5,3,2
"69705b39-6a0c-4122-9ddc-e063146abc31",TRUE,5,9,2
"3a0053e3-a585-41e4-ad0f-410671e4991f",TRUE,3,1,2
"c3b681ee-d583-4cc6-92ba-ce79f84dcce0",TRUE,3,1,2
"da507989-cabb-4c60-a612-0f147c4adaf3",TRUE,5,9,2
"82b1fb84-3b89-4eb5-accf-495e09fa4de5",TRUE,8,6,2
"a784d839-63d9-46b9-8b33-eba392b98ca8",TRUE,8,8,2
"16ccd496-eaa5-45f5-891a-289500f75797",TRUE,4,7,2
"2105c1cf-27c7-4ddd-9343-3f177c7d23c5",TRUE,1,2,2
"f344a315-5b25-430a-a003-5627782cd268",TRUE,8,8,2
"38dee67e-12bf-4a98-b3a3-f8ee845ee561",TRUE,6,9,2
"28329ea8-c3ae-4fae-aba2-919a1049c44c",TRUE,5,4,2
"56010610-343a-4842-9139-5d6377296f27",TRUE,8,8,2
"f953ce81-5b59-4aa1-946e-accd5b8d4968",TRUE,3,1,2
"5395baa2-0ed9-44da-82a0-71df874fd4d0",TRUE,5,9,2
"68888f20-1620-4688-9b75-126c0339be6b",TRUE,5,5,2
"18d31402-b77b-4975-9e66-17e51652fbf8",TRUE,8,8,2
"562f5275-cf60-49f2-a027-925aafe31bb9",TRUE,3,8,2
"78ccf7a7-2333-4ca6-81b0-688769426c58",TRUE,1,1,2
"a1762b92-887c-486e-b679-10be84270d8d",TRUE,5,5,2
"7189d479-1b63-4327-9205-c6e6b49dee17",TRUE,3,2,2
"61b587a9-6c17-40e0-a4bf-2f29ce45a3e8",TRUE,4,4,2
"cd27d872-40bf-4242-b190-7d106bd88f89",TRUE,6,9,2
"bfce1224-addc-4393-ad0c-d0e6d1aa34ab",TRUE,3,1,2
"cc728422-1574-4e18-b16f-fac5a8585595",TRUE,8,8,2
"1e88e2d2-9ef6-42b5-a748-a5567d4dcce9",TRUE,8,8,2
"6327eb40-d99d-4959-b178-b68e7f361c0e",TRUE,4,7,2
"08115683-8e95-49a0-8182-b35a58c18d42",TRUE,8,8,2
"69ad6fd9-bcba-4935-bad2-4ba551520443",TRUE,8,8,2
"a688b6d7-0fdd-471f-8ba1-8347a009e365",TRUE,3,1,2
"6d826479-64a0-4263-8bc3-b2c254bbf804",TRUE,5,3,2
"16a70f3a-96a2-457c-8982-a1b47c10b68f",TRUE,3,1,2
"51874964-b322-4a67-9aee-7fe039a4d2bc",TRUE,3,7,2
"f9265a33-4f0e-485b-be1e-69fe19acd4cd",TRUE,4,3,2
"155383d0-6c89-45a4-bcb8-aa54457a8164",TRUE,1,6,2
"5ef32c4b-6aae-4d1b-92c5-221acb529ce3",TRUE,4,2,2
"555ade3a-628f-4608-8ced-d8c85722928f",TRUE,1,6,2
"be1dfa0a-c28f-4558-a4a5-cf0eb235268e",TRUE,7,6,2
"be1dfa0a-c28f-4558-a4a5-cf0eb235268e",TRUE,7,6,2
"bd39b12e-abe2-42e4-a519-3cfc21a979a8",TRUE,4,7,2
"4366c31d-b284-4dca-acd4-10d4079d6c21",TRUE,3,2,2
"d57312ad-3da7-43ce-a2f2-66600c00d21d",TRUE,4,1,2
"c7915ff0-286a-4c39-92cc-7eb5b87c33c6",TRUE,5,4,2
"4aeab2d2-5b2f-424e-98ff-c9685b41d3de",TRUE,3,2,2
"1ced39f5-6882-42be-820c-f28735d57e41",TRUE,4,2,2
"fc14cf92-c844-4a4c-8104-18ad441b68ef",TRUE,3,4,2
"4773f198-a51c-489f-9b7a-50b6b8b91213",TRUE,3,1,2
"d44dd4af-3c3b-490a-bee1-17de34a5c7ca",TRUE,5,4,2
"a6dd6812-9a4f-45e8-9cdc-8a3e3f68f815",TRUE,5,5,2
"0c80ca03-25d6-436b-b73f-c9f94b098445",TRUE,1,2,2
"0a8f6237-a11d-4842-83ab-8c8a533d0c9f",TRUE,5,5,2
"bdd8bca3-91a7-4d70-b33c-fa8009c13300",TRUE,6,9,2
"c1f3e952-94e8-471f-a67c-45f2e15dbf23",TRUE,8,8,2
"37a1475b-497c-42ac-b8e3-022832a3f566",TRUE,3,1,2
"fa93ae96-dc1a-4101-a8d4-b3615f606916",TRUE,6,9,2
"c4474e03-40b8-4893-8614-3ff7e3810e6f",TRUE,3,7,2
"96b2987c-e2da-46ff-8250-344f84a23408",TRUE,8,8,2
"ea37c256-9fb5-4902-8918-3b754c689c6f",TRUE,8,8,2
"840cfc60-526c-4593-90ff-5d79626be465",TRUE,6,9,2
"6e40c299-3d6d-49fc-8535-4a2b779da471",TRUE,4,7,2
"f1faad7e-67b5-440b-9800-d0fb92abac09",TRUE,8,8,2
"e562d123-9857-4088-a6dd-447812cfa2ac",TRUE,5,3,2
"3e7cd3b7-f55c-487f-9006-d54e6be8ea71",TRUE,5,4,2
"06833373-aae9-4869-875f-3019e499d479",TRUE,2,6,2
"491a8568-10de-435f-b8ab-1840999f0cfd",TRUE,4,7,2
"dd8a1711-d5dd-45bc-aa5d-d1a04396c78d",TRUE,7,8,2
"a3ebd713-6310-4cc2-951e-e238fa532044",TRUE,5,9,2
"9c9e41b8-6a06-47dd-b19f-e341b7fe142a",TRUE,5,3,2
"33cf74eb-12e0-40c4-a28b-52e2c38870ff",TRUE,7,6,2
"806aeb26-add6-4800-b37c-220d57b1614a",TRUE,3,1,2
"f07ee51b-5e45-4eb9-af41-bb112ab44675",TRUE,1,2,2
"55c91adc-518c-4c7f-a86f-cf600c21da72",TRUE,8,8,2
"dc668cc1-2c00-4ece-821d-ddaae3064ed2",TRUE,3,8,2
"36ae7ca7-b38a-4fdd-9b05-bdea762d0583",TRUE,5,5,2
"70c9c2d7-9267-463e-9419-d27b4a790035",TRUE,4,1,2
"4a631d28-23f2-49fc-9538-b585ade471ce",TRUE,3,3,2
"3ee334af-d4b7-4da2-b2b4-64d0bb8af04c",TRUE,1,2,2
"e3db6363-1c4d-4dad-aa61-632ad20382cf",TRUE,4,7,2
"7ff608e8-483a-4d54-89da-a92e8f8a6a28",TRUE,1,7,2
"88ce0f9d-0de3-4882-9f1e-da7ea79214e8",TRUE,8,8,2
"7e6776a1-ebec-4a86-ab6f-64734c4ca832",TRUE,1,2,2
"5b67f202-a162-48e0-9ec5-907092f1e5b7",TRUE,5,10,2
"22c5cfca-c380-48c5-9c67-e74f0a2cec4d",TRUE,8,8,2
"1222b71a-7a8c-46c1-8630-c3a0524f8700",TRUE,2,10,2
"c5a4ac71-1ff5-4f74-ae2a-ee40dedf8029",TRUE,2,10,2
"c5a4ac71-1ff5-4f74-ae2a-ee40dedf8029",TRUE,2,10,2
"321f825f-3cde-41cb-adba-1b73dd1064a0",TRUE,2,10,2
"44bb9c2c-1a3a-4a30-a335-3db7d6c23a75",TRUE,2,10,2
"841812ed-1580-4e46-9b80-651f0702b1e8",TRUE,2,2,2
"2ca21e9a-463c-4d45-a5e1-e6a514b6b9e2",TRUE,2,10,2
"04d432fe-3dfe-4dcf-8d5b-5934ae86d38a",TRUE,2,10,2
"1467d9de-8f68-441a-9a9f-f07fa4839edf",TRUE,4,10,2
"dfc65e0d-5f22-4f20-bef4-84e463cb216a",TRUE,2,10,2
"2bb2a5da-7d80-499a-8717-c76f674b7e92",TRUE,7,10,2
"c699bc19-0bdb-49de-9dfb-620e6c339be4",TRUE,4,2,2
"7db9c42f-8d90-4b2a-924d-8777fb9921f2",TRUE,2,10,2
"e423e632-1ed3-438f-a8d0-9d13f27700ce",TRUE,2,2,2
"f2cd8b5c-ac3d-4ade-8c24-b568ec45b7fe",TRUE,3,1,2
"b857f5d2-c49f-4ca6-8836-6506c72357a6",TRUE,7,8,2
"7c945f5e-1a1a-407a-b969-26896dab4c62",TRUE,2,10,2
"bd4c4b6f-5e08-4c84-b23a-7d8c5396e628",TRUE,2,3,2
"d1d61a0a-69d5-4903-bc9d-ea4eefbb5cab",TRUE,2,2,2
"f7e92255-f2fc-4dff-b410-66d637fba7a2",TRUE,7,6,2
"508402ab-cdee-461e-a391-9b0253492508",TRUE,2,10,2
"3f47c4f6-09a0-424e-91dd-1315fba29e6d",TRUE,2,10,2
"724b958a-a1c2-4350-b6ab-75e8d41445ce",TRUE,2,10,2
"f5cb6371-ac4b-49dd-90a2-d35159c622f0",TRUE,2,10,2
"6814f77c-fba1-4e79-a97a-1ce18d8469c6",TRUE,2,10,2
"25ff44ab-f6b3-4c4f-b169-790007d6757a",TRUE,2,10,2
"669408f0-c93e-4868-a7d2-815ef2b67bd5",TRUE,8,8,2
"ca04a731-6e27-465f-b51b-d0979f641633",TRUE,2,10,2
"71e15592-ff36-4a07-9350-3220f23094c6",TRUE,2,10,2
"2c2889b6-2488-4214-ab68-690c87edbd35",TRUE,2,3,2
"417b1805-ad04-4672-a436-672aaf268506",TRUE,2,6,2
"360100b7-649b-42ee-aaa9-67026f0c68b7",TRUE,2,10,2
"b868b876-0d41-428c-9949-50a790ebee9b",TRUE,2,10,2
"39a109dd-3155-45c9-9916-e624d7d68ec6",TRUE,6,10,2
"6512b461-c6b9-402c-ae32-526f6ea47dc9",TRUE,3,8,2
"342f0077-76a8-441e-83be-c8cc497f8238",TRUE,2,10,2
"2518a63c-0038-46cf-b6b0-b6d8fa21c482",TRUE,2,10,2
"23a7012a-121b-44a5-b555-669d7e0744cf",TRUE,2,10,2
"77e5860a-81af-4269-96a5-85b9a9296090",TRUE,2,10,2
"9ffaad45-bef4-4759-89f5-77f726d34f4f",TRUE,2,10,2
"fcb3da96-06d2-4be0-a6e7-e80b073542a4",TRUE,2,10,2
"d1063ec2-73a3-4907-bf56-9635c48713dc",TRUE,2,1,2
"7ba154d5-d259-48a6-83ec-6f4caa505582",TRUE,2,1,2
"a00510da-3c56-48e5-b45c-4d226b906c8d",TRUE,2,10,2
"92c01ef6-c857-4412-ad5c-5067eafe09ea",TRUE,2,10,2
"d2967fa8-b555-456b-b03a-5df6f0bb9cca",TRUE,8,10,2
"4f6c959d-7e47-4743-9261-603287b908e0",TRUE,3,10,2
"45168661-81ff-4e72-ac7c-54cbff9d46ba",TRUE,2,10,2
"9f3c0ca4-5c97-4686-b7a8-ecc9451fbae7",TRUE,2,10,2
"4868d94f-b773-4f8a-84a9-508992a2c9bb",TRUE,2,10,2
"7e621f7b-7580-4fd3-84c4-b723e2214068",TRUE,2,10,2
"2934720d-0c81-45f6-a174-84084cd4f48a",TRUE,2,10,2
"f7722dc9-eff6-4621-85bc-a631c76abb23",TRUE,2,10,2
"938e7e60-d121-4be6-8a24-2c2768676053",TRUE,2,3,2
"0cb3b42e-98c4-44ca-9c45-8bf61d5383c9",TRUE,4,2,2
"7727c4db-a4e2-4817-ae3b-515c1c5a1dae",TRUE,2,10,2
"f4130a11-494c-488f-838e-e9788bfe2f02",TRUE,2,10,2
"595f7be9-f19a-4bca-b3d9-ae7f9780d32b",TRUE,2,8,2
"eacf0901-c5b6-4326-a03b-ae6b013c56d9",TRUE,2,10,2
"d0a968a0-f5e2-4641-ad3f-1b0f02019c3c",TRUE,2,10,2
"b55353e5-1d48-4f27-9619-091a108a9bf7",TRUE,2,10,2
"5ea269eb-a09b-4e8d-9202-504634471f40",TRUE,2,10,2
"f314d80f-8269-4ed2-83e2-ec32f45aa965",TRUE,2,10,2
"9a2c760f-3c20-4761-8f53-4b1d87ebe87a",TRUE,2,2,2
"200a48a9-ee32-42f0-b2bc-950a96224c7a",TRUE,2,10,2
"8bc0aae8-d462-4feb-99f2-3005287d1fad",TRUE,4,7,2
"39450432-e5d3-45cd-86d4-8c30579ce2fd",TRUE,2,10,2
"5de093ab-fd13-4afc-959e-bf2368fec187",TRUE,2,10,2
"aed1fdf2-fee1-4110-a724-ac6acf5a7f58",TRUE,2,10,2
"0f07ca71-16b5-4ce7-988f-0d62148dc6c8",TRUE,2,10,2
"d52f3f83-0b44-4921-8dc9-0fcff6250051",TRUE,3,10,2
"7e46f8d1-64ff-486b-80a4-9559a7a8bf6d",TRUE,3,1,2
"02fc4088-d047-4f70-b66f-3184dea973df",TRUE,2,10,2
"65067855-cd28-4504-905a-42807e3274c1",TRUE,2,1,2
"e030a480-0e4e-463a-87c2-f8299c347a96",TRUE,2,10,2
"88e52084-01c1-4397-af36-1c6ba5445696",TRUE,2,10,2
"4f01dc31-4fe5-4a16-91d0-89c73b8f6000",TRUE,1,2,2
"bceab6d9-2c10-4d79-9364-4362a291b9be",TRUE,2,2,2
"abe814d0-5151-4655-b9d1-ad22cff976b5",TRUE,2,10,2
"0c03dccc-6fe5-48f6-bc02-3fe46f36c282",TRUE,2,10,2
"8acaeb34-ba38-408f-80de-fd1d20c19fd1",TRUE,2,4,2
"9eb661c9-5e1f-454c-ad23-b9d997209722",TRUE,4,10,2
"7e03c7a2-18b5-4e16-ac01-28e1742472d0",TRUE,2,10,2
"8484b170-2bbc-41b4-9344-593eaf04fd92",TRUE,6,10,2
"c9c8edaa-97ce-44e5-b2b4-28b49c4b101c",TRUE,2,10,2
"96057fc1-4072-49b2-a7b9-05fe5e8a7f8a",TRUE,7,10,2
"66fe13df-2768-4ede-96e1-07367a31c768",TRUE,2,10,2
"2bba1e5f-f40e-4e8d-932c-3e872c9a8692",TRUE,2,2,2
"0c763a5b-8449-4b46-8d58-791759e25dea",TRUE,8,8,2
"883dd001-8a95-4738-a8a5-292135bcdb36",TRUE,5,9,2
"4b4040d8-caf6-4a52-89a3-e45fa3c6be19",TRUE,8,8,2
"10bc3c67-9094-4344-a0b3-be677282e333",TRUE,5,5,2
"9383ee73-537a-4cc0-8894-974477854d45",TRUE,5,9,2
"e14d0e37-74a7-4d30-88ce-393d21c9fdf2",TRUE,5,2,2
"7f8c12f0-a97c-458e-81d4-ef4945612524",TRUE,8,8,2
"989c8040-e07d-48d4-8bc5-90ca20d797ab",TRUE,5,6,2
"97040160-5268-42ad-91c3-f8b1ed1c1843",TRUE,1,2,2
"a3706de0-4f9d-407c-9345-88d44d6094d5",TRUE,4,7,2
"c27c9b95-d18d-4caf-8f79-acf0e165d526",TRUE,4,2,2
"e84cb911-648c-4f2f-9646-5eeca4932bb4",TRUE,5,9,2
"a3074dad-9c6b-47fb-b31f-52e953967c3b",TRUE,1,3,2
"eec77eeb-e99d-4a15-995e-07dca39fdf08",TRUE,3,1,2
"d0d77283-7f1e-4262-a2f0-f3d58f3e6f9d",TRUE,5,6,2
"567ffb1e-9d1c-4f51-a2db-e93f0328849a",TRUE,1,2,2
"98a20236-22dc-4da8-916f-272a7bed7434",TRUE,3,5,2
"2013e677-81ec-4ffe-be65-e381874b9a80",TRUE,1,2,2
"1c9a9b37-6ab0-402f-87ac-3de2e2356247",TRUE,5,9,2
"f792762b-516d-42a8-a492-b6f6fd0e2759",TRUE,1,7,2
"a414e6c5-4e36-456b-82cf-5654ace20293",TRUE,8,8,2
"964a2024-217a-49c7-aa51-87447da2cee9",TRUE,3,3,2
"077d4966-00ba-4d8d-84a6-af38e6221b3c",TRUE,1,2,2
"647d8be4-1192-4c27-a986-34345e3cba41",TRUE,7,6,2
"dd3797ad-a91b-4a26-80af-85599d26dc36",TRUE,5,9,2
"8e0fc294-daac-4d67-a1ad-e8eb90feea70",TRUE,8,8,2
"258aa456-abf6-48f3-94d3-c859c56436fa",TRUE,4,6,2
"e280354c-3df7-44e1-a8a8-9c7f225c2c28",TRUE,4,2,2
"10e2a7d2-37b1-4109-9415-c73912540426",TRUE,8,8,2
"fa12af74-320d-455b-b60b-83c5ab782970",TRUE,4,2,2
"4324c9c5-0e86-4e27-bde2-bf22d069a264",TRUE,4,7,2
"e6d8fd44-16cc-4e3b-a0c3-9b1a1f07ba83",TRUE,8,2,2
"6bff811c-5ba7-4631-a695-b98740c0cd08",TRUE,4,3,2
"0d9e1202-d61e-4098-a749-f26106f6083a",TRUE,5,9,2
"2b515f6e-ea6d-464f-89ec-4c1577c61f48",TRUE,4,7,2
"6a517365-6a88-4e86-a668-34a81aaa87f6",TRUE,1,2,2
"087ca883-b25b-4482-bc51-6e6b2c6804aa",TRUE,5,5,2
"cead4b12-32fd-4864-a503-42629b6b8617",TRUE,4,7,2
"2fe7dd42-18cb-4d4c-b806-8f410f116594",TRUE,5,2,2
"65b2f308-ccdc-4886-adaf-64cebfb8285b",TRUE,4,3,2
"f779ab12-7708-4af8-bfdd-d0f6ab4a6e7b",TRUE,4,7,2
"8e69a694-168c-4408-8470-5dfaff515edf",TRUE,1,2,2
"66c26da8-4f50-4aea-8e55-f6d4d7451c88",TRUE,5,9,2
"22c5cbb4-0226-4801-b233-d397af865cc7",TRUE,3,1,2
"83a71571-9a2b-47e4-a3c5-ea96cb8ffc3e",TRUE,4,2,2
"79c70510-b7d5-4a70-bde6-4ddbc1a7fa88",TRUE,4,7,2
"d30bfb15-cc29-42ba-9ff9-85a4c233a61b",TRUE,5,5,2
"eaafe976-aebf-4526-aae1-2b421c4a351b",TRUE,5,9,2
"928702aa-7360-4bd1-b027-81604f348475",TRUE,3,2,2
"39de5bc3-7fb5-43fc-86fc-b253297b7108",TRUE,3,1,2
"f696abb5-d939-4f28-8cb0-5b3af98fa863",TRUE,8,2,2
"69505280-3ad6-44d3-9f7d-a29546f6e987",TRUE,3,8,2
"88b83439-13ad-4a02-b54d-184a24bb64b2",TRUE,3,1,2
"50cd3d59-b15f-4997-bfee-0b69f3545a50",TRUE,1,3,2
"e63e7c84-31aa-4308-b5cb-a5347e748754",TRUE,3,9,2
"e6daa78d-ca9a-4e3b-9e6c-a92d7d2e890f",TRUE,4,7,2
"8ef02b99-8500-49ae-9fb1-fd34b9ca3a08",TRUE,5,1,2
"68b96fc2-6b8c-452e-bc60-2e2a85ad4e46",TRUE,8,1,2
"fe05ac7a-a70a-4e34-a2d8-d44007dd12a7",TRUE,3,3,2
"7955eee6-5b69-4cb9-af76-dfedc2cf6dea",TRUE,4,7,2
"a2805094-8114-4499-8f93-67cf0d660570",TRUE,6,5,2
"bd80453c-524d-455f-98b6-a71a87b58df6",TRUE,3,1,2
"c11885c3-8417-4d5e-87a1-df07352d6502",TRUE,3,1,2
"da61b96f-14e0-4def-8c52-4aabc3318a29",TRUE,5,9,2
"0b5d797a-3ff6-4429-b58b-514de6d94983",TRUE,6,9,2
"eaa1eb47-6f87-4705-be3d-18fd6f973874",TRUE,3,1,2
"a775768d-9b63-436c-98b5-8777dc233226",TRUE,1,9,2
"9bb36511-ddd9-41c4-9808-5915c67a0306",TRUE,4,7,2
"14136116-8447-45bc-84c1-cb9774e6650f",TRUE,5,1,2
"4011b971-f55f-42eb-8ba9-e9b2b69d5b74",TRUE,4,1,2
"d93b74d5-effc-4cec-8006-71bc18c55efe",TRUE,1,2,2
"a4937e01-06a5-435b-bba1-84da68ffd83f",TRUE,8,8,2
"7e38c778-04c6-4aaf-91d3-85dc660c18b6",TRUE,4,6,2
"90f27421-7f43-4352-8a71-560f6db01767",TRUE,1,2,2
"d87130d4-3d3f-42e7-8390-404b7585e482",TRUE,5,9,2
"e6a5973f-9f9c-4e67-98ba-354f0147279b",TRUE,4,7,2
"9da138d5-8471-40dd-9442-f6e8a85eae97",TRUE,8,8,2
"6d7855b6-6d5a-4e2f-a3da-98be52651100",TRUE,5,9,2
"1f9bbae3-200f-43c3-9033-738c55530b2b",TRUE,3,1,2
"019ab980-2bb9-4cd1-a6c7-346bb85c0e69",TRUE,4,7,2
"f5c75c22-49b5-44b4-99e0-19dd023acc09",TRUE,6,9,2
"828ecbe7-4236-41e5-a937-465a47d524be",TRUE,7,6,2
"8f89ab84-b237-4349-ab84-89f0ee3fd438",TRUE,3,7,2
"0f34736a-0834-4b64-8b5c-d97017e18b97",TRUE,8,8,2
"a35bf9a8-da07-4986-b581-35328613608e",TRUE,4,7,2
"217cff06-754c-4821-9493-b112b6c8a73d",TRUE,1,2,2
"8e288cc9-f546-4783-9d54-dbb14e0319d8",TRUE,4,7,2
"b2ef813a-a351-4695-8b5c-4d868ffd5ad8",TRUE,5,2,2
"59aef76b-784f-4dbd-ba97-3215e7a4f10b",TRUE,8,8,2
"0a9856dd-8dbb-4ee4-aa52-7059c964b817",TRUE,6,9,2
"f99cde32-57bc-4a1a-b932-22a1eba2e798",TRUE,4,2,2
"3b16fd4c-ccbe-4b67-a972-0c7ad4fce7d6",TRUE,8,8,2
"c0234104-6e65-43cd-aaa9-90c5dbbcb675",TRUE,4,7,2
"57fd5bcc-977f-4f30-b43d-36c23c550575",TRUE,8,8,2
"1b6bbd64-5981-4550-96d8-84ba630fe0eb",TRUE,5,5,2
"84675aab-393b-4889-b753-22ec583e7e1d",TRUE,5,6,2
"993d3cf0-c2f5-4da0-b9d2-ddb0bac755e9",TRUE,4,2,2
"93166109-832c-45e5-a551-69292354d485",TRUE,3,2,2
"16fc5d1b-8a38-4cf9-b9be-d91ff35fc18c",TRUE,1,2,2
"ea392b33-d85b-4429-97e9-62ae7dc4a30b",TRUE,6,9,2
"f8491461-e804-43ee-a57f-0c3c84a1251e",TRUE,1,7,2
"49944e6e-d71d-4aa5-b1df-e73d9936dc12",TRUE,8,8,2
"cba884cd-3e6e-4ee6-91b1-87e6334e129a",TRUE,3,1,2
"77b2d4e3-125b-4699-ad58-ab7223fc2c52",TRUE,4,8,2
"1fb10334-3b6b-41a9-be1f-a9dd851f0156",TRUE,3,1,2
"ec0a9fe8-8eb8-4165-a31e-7c4a4c32762d",TRUE,4,7,2
"86329b8d-5578-4e4b-bb2e-71f4996d007e",TRUE,1,2,2
"76ba6d72-f82d-44c2-9f8f-199564de64fb",TRUE,8,8,2
"5725eb44-e41c-4a09-b5f6-fa8c7ad67e67",TRUE,3,1,2
"aa3a40ae-371b-4549-8358-5ff3fb63c405",TRUE,3,2,2
"fb68bab1-88b3-48d6-8f42-66d60c6dd12f",TRUE,4,7,2
"80141206-c286-42b1-a4f0-95057f666ec5",TRUE,5,5,2
"80bf428e-a5c9-4982-8d19-160ce8654b8a",TRUE,4,7,2
"f2c9aab7-d259-4b70-b540-0d7b4530d7a9",TRUE,5,4,2
"3ed701ec-b9e1-4fad-bb6e-c295a5d67833",TRUE,1,1,2
"cad217e4-7bc1-4e62-8448-70fe8ac26089",TRUE,1,2,2
"fe8df1a9-eca9-4157-bdb9-584b62a7743e",TRUE,5,9,2
"50859af8-5af4-4e7f-a530-73b56d2dc7a6",TRUE,8,8,2
"614db73d-1bd9-4b5a-9726-e3dae5a72e63",TRUE,4,2,2
"48264682-64d3-4baa-8d8f-2fcb74214265",TRUE,4,3,2
"5e96ebc2-5f3d-4f6e-bd20-a59ad3057885",TRUE,3,8,2
"77c2224c-6ca3-4f08-90cb-2a3ae4b10ff0",TRUE,5,9,2
"b4275e75-f165-4d6a-80d7-fb91b56ff22c",TRUE,8,8,2
"93f02706-a58b-4d44-bf5e-bdcda6357fe0",TRUE,1,2,2
"7752d020-8c8f-43ae-9c52-a77446ca0aa3",TRUE,4,2,2
"f942cf69-0a89-4e05-942a-5edb32c6f2c0",TRUE,1,2,2
"eb8bb87b-ef77-44cd-8049-e8b89675ca01",TRUE,4,2,2
"6d0ae8e9-713a-4b9b-9cc1-2a98c5959edf",TRUE,4,5,2
"9e4bca7d-d2e6-43c4-804a-0797d9fbde0a",TRUE,1,8,2
"881c0f5c-5b38-49ae-b202-78cb9e6dee0a",TRUE,4,2,2
"17988661-999b-4982-a198-94d43621febd",TRUE,5,5,2
"7c147e34-0917-4fd9-89bc-f4c60b586182",TRUE,4,8,2
"f3a73cee-d60a-48cd-bb7f-e20580000c96",TRUE,7,6,2
"4b3e86b7-be6c-430f-a949-cbb7fcadf574",TRUE,3,2,2
"f6bdae9e-22a0-410c-a7db-0f53b09d93f4",TRUE,3,5,2
"5fb759f5-18d2-491d-b4d5-83d67831b908",TRUE,4,7,2
"22959059-3ea9-44de-a9ce-34a5eb9a9c40",TRUE,5,4,2
"fd675579-a873-4b30-b978-ec3eefff7079",TRUE,8,8,2
"de9998a9-00d4-4c9f-a099-92165e10c1bd",TRUE,5,9,2
"0709851f-cf5d-4d05-a453-cbd8b682c982",TRUE,3,9,2
"08d05758-dad8-4c4d-af13-d1126d1bc808",TRUE,6,9,2
"2a0d2dfb-7fe2-47cd-8859-52b18fdd59db",TRUE,5,1,2
"3c71c0ed-3f1e-40ea-be6f-e8fbc3c9b278",TRUE,3,7,2
"8aecb36d-9dd9-4722-b02b-698d2b0a0958",TRUE,4,1,2
"60b9ed2a-a5a7-4d55-b308-2772c69dbe8f",TRUE,1,2,2
"c6ed0925-c180-4fe8-9a4d-673566c8e749",TRUE,5,4,2
"d78dad13-fa7d-4bda-b88b-c6bbee242a02",TRUE,3,8,2
"a1b7637b-f3cd-470a-aeb9-f0b0b111c344",TRUE,5,9,2
"9b963fd5-b31d-4668-b7ce-34034bb30109",TRUE,1,2,2
"c47fec28-70d5-498e-844b-36583b29dd4d",TRUE,8,8,2
"2253a354-723e-4f3c-abca-1b0b569c75db",TRUE,3,1,2
"f3029973-a313-4a95-8b60-39b7664f5568",TRUE,3,1,2
"deaf6e7f-1085-4bde-8366-840cd32b1f6b",TRUE,5,4,2
"94258c47-f394-4b45-aea3-2526fca04ff2",TRUE,4,2,2
"a016f79f-478a-4e3f-8fed-88e92d4e0e16",TRUE,5,2,2
"b60df798-1ab1-448d-bfa9-f1117b8261af",TRUE,3,3,2
"1d30fc24-2e58-4abe-a48a-3c8fc465e02a",TRUE,1,8,2
"efe9525e-c583-491c-99b1-10e31c7a1c21",TRUE,5,6,2
"40c294f6-0d53-4126-a739-cf484d4e3490",TRUE,4,3,2
"6fa23c7a-9a60-4db6-939b-2fdde3627854",TRUE,6,9,2
"7b889d54-a3f0-4954-b6d1-18d0d41f5db4",TRUE,5,3,2
"e5d10de9-3d85-4962-839a-0501eab4eb67",TRUE,4,7,2
"de3ad863-eff9-4d93-9ac4-964696449cc4",TRUE,1,2,2
"5f84e3c3-e4b4-4d46-b93c-7232ba76725b",TRUE,5,3,2
"387defa1-644b-4000-9b2a-e889e3d97077",TRUE,6,9,2
"aa09ac99-f678-4381-95d5-572867e53fc4",TRUE,4,4,2
"a5a6efca-73ce-4c9b-a72e-75fb90ed3779",TRUE,6,9,2
"2ab1ac57-9cfc-4484-a9dd-200ef8a4a350",TRUE,3,1,2
"89463d2e-2b71-4614-9bc4-ec1aac387e90",TRUE,8,8,2
"10afd6b2-127d-4069-8461-3b7d15cf96e7",TRUE,8,2,2
"df248ae7-3235-441c-a541-6d2438b5b351",TRUE,4,7,2
"defde821-a630-432a-ab98-67711fc7f5f7",TRUE,1,2,2
"056897cc-78ab-4303-9433-8927965dbe8f",TRUE,5,9,2
"c8deec83-d15a-443f-bdcf-d050b0df7a28",TRUE,4,4,2
"877ac010-d66e-42c4-a540-71663ab5ac9c",TRUE,8,8,2
"1d82bb11-dfa5-4771-b692-430ed7a5321e",TRUE,4,5,2
"493420fd-dd4a-4e42-8041-f2cbb333767c",TRUE,6,9,2
"e6780419-150e-4fd0-9ad0-f3cfdd1a7622",TRUE,7,8,2
"34315a8b-6229-4148-a3da-aea1d2645b26",TRUE,4,7,2
"7d6f8e12-6b62-432c-a8c6-889ef0799f5a",TRUE,4,8,2
"b2d80b20-e173-4b55-b48c-eb302abcf798",TRUE,3,1,2
"50ecf210-c3c2-493c-a3f0-ccfe0098a7f6",TRUE,5,2,2
"27b112f3-695b-4eed-a75d-e3e8f6b378c7",TRUE,3,1,2
"dc48708c-8d4c-4169-b28f-ba2fd54af1e5",TRUE,4,2,2
"2a35c795-a9cb-49e6-a8bc-c34e01219538",TRUE,5,9,2
"271f61fb-5693-42bf-b0c3-3a869140defc",TRUE,3,1,2
"13512016-9934-4330-9c25-8a8386f59538",TRUE,1,3,2
"014716cd-35e3-49d4-bdca-d0c52484afe2",TRUE,4,2,2
"2a9794c0-ee35-47fb-b838-8c62608e0e2e",TRUE,4,7,2
"2eed55cd-054b-4c6b-8f1d-df346c627a83",TRUE,7,8,2
"2eed55cd-054b-4c6b-8f1d-df346c627a83",TRUE,7,8,2
"e26f3d2e-58aa-42c8-bc8a-c454943adb8f",TRUE,4,7,2
"88c57a88-53cb-4563-a890-da2c30be882c",TRUE,3,7,2
"a7565c4e-d706-4110-b4c3-76a1fc4b5757",TRUE,3,1,2
"eb4556c0-772b-406a-a0dc-6e2567a30003",TRUE,3,1,2
"43fc4840-3d6b-4417-95eb-a145c8f3fbe3",TRUE,1,7,2
"f7ab8096-117a-499a-b6f7-82a1a3e0a4ec",TRUE,6,9,2
"fcb793a7-2232-4568-aa39-4e278e199637",TRUE,5,5,2
"cbbca9ef-4721-4c4e-baa4-e12ce4c94ca5",TRUE,3,6,2
"3eae25a5-d9dd-44b5-a3ce-76b13a6adbe0",TRUE,8,8,2
"cf5b19a2-8ffa-49d6-a7ef-0d45bd9d7250",TRUE,4,7,2
"c8a14928-c7a2-4703-9ae5-34f6adfe6294",TRUE,4,7,2
"ef081942-a6ee-4668-9611-10e6e1fe7c32",TRUE,4,2,2
"b2690b1b-5607-44bc-8eb6-a0117eb4e667",TRUE,1,7,2
"7e74fce3-544a-4ea3-b96a-87646f500dfe",TRUE,1,2,2
"6f3c6e70-a98f-490b-ac82-1e88f0d107d9",TRUE,3,6,2
"e11cfd24-2c4f-45c2-8a9a-b2f8ed81bdb4",TRUE,8,8,2
"bf178dbc-fd7f-444a-b9b6-cc3e39ee8052",TRUE,3,2,2
"9875a03f-1486-4f1c-a857-a42f03372e40",TRUE,7,6,2
"7a76f108-d033-4ed4-9087-4fed113319b4",TRUE,3,3,2
"445b1b91-f68b-4e2e-9669-c54bc67b379f",TRUE,8,8,2
"6b02e7ed-ce9b-4e10-b68a-5fd55fd835d1",TRUE,4,7,2
"b77d1515-b665-4405-be69-a76954af77ea",TRUE,6,9,2
"bf22c090-412b-4b3e-b3b6-7c4c43bdd008",TRUE,4,7,2
"5fba6afb-539d-4128-867e-e848e4ab4e08",TRUE,3,1,2
"baba8533-3240-439e-9763-0f679a7e8bb0",TRUE,3,1,2
"17732263-759d-4b1f-8388-06325bab6c6f",TRUE,7,6,2
"13593e5d-0811-4fb2-aa93-a6ccc7b3175a",TRUE,3,1,2
"5f7a6211-9c4c-43f0-982a-3e729a2b76fa",TRUE,8,8,2
"0f90aa43-33c2-43c0-bc44-485f21bf031a",TRUE,3,8,2
"0360ec92-6a05-4300-b260-4ee745db3904",TRUE,5,4,2
"7407bb53-6b07-44a2-96ca-050cc80d733c",TRUE,8,8,2
"0723ee0c-2994-483b-b415-b9e2ff018b12",TRUE,8,8,2
"2abeab91-ad1d-42bd-bd6f-2600308fb33e",TRUE,5,9,2
"8799384c-6617-4797-a751-a1d4a9547cc6",TRUE,5,9,2
"24070692-ee18-41cb-92f1-1cef57ed4a40",TRUE,3,1,2
"0ce8d6fd-6907-4f7a-b81a-b0310e49868c",TRUE,4,7,2
"37e3208a-12b9-4713-98ff-37af5cd42608",TRUE,1,8,2
"c7b2301b-6604-4f85-abbe-cf383b42c9cd",TRUE,4,7,2
"3b13aa16-2669-4d43-93d8-a81a478aee15",TRUE,1,2,2
"cc9a24e2-0842-4c14-9bd6-67ae66952bcc",TRUE,8,8,2
"c003db23-6f8b-4f6b-896e-6babbbc2442e",TRUE,8,8,2
"da049267-5852-4131-8c39-84b12fbf89fe",TRUE,3,2,2
"e17863c1-a4e1-4428-8bf0-317c143974ac",TRUE,6,9,2
"9e4d592b-b5c1-4e45-bc99-3014c6a0c8f1",TRUE,4,7,2
"bcebdfcb-001d-4625-9140-4bf91ff054ab",TRUE,3,8,2
"393616d2-921d-4b9c-9f24-700306e3fb97",TRUE,8,8,2
"cca90609-5182-4044-9129-b2cbc9a2c951",TRUE,5,3,2
"68587db1-8400-429e-afa1-b23a2900f9d6",TRUE,1,2,2
"4b94fe04-3eba-44b6-a8da-b9c5c8d2f5ad",TRUE,7,6,2
"90e0ac9d-2905-4654-aaca-c39d30d5c9ae",TRUE,4,8,2
"b545cf28-a973-42f8-964a-044250be67c6",TRUE,7,6,2
"aaabf2aa-2a3a-4463-8817-99966905ec30",TRUE,1,2,2
"9b36a0de-9866-49e7-b4d6-99d971731948",TRUE,4,7,2
"83070372-e7d3-44ad-802b-b1fc09fe8f2f",TRUE,1,1,2
"9ef3b815-3c9b-447c-993b-00c2cc547f49",TRUE,3,2,2
"7094aed7-8038-436a-b199-1cf1b5253f9b",TRUE,1,7,2
"271ce716-3f9a-4e8b-956f-0126237af78e",TRUE,1,2,2
"41a650f1-d3a0-49a1-8fcb-326c3eb0f382",TRUE,6,6,2
"48306d7e-bc6b-433a-b2f6-83774957334d",TRUE,6,9,2
"84a5abe6-b050-4376-9b3d-0f323fa70163",TRUE,1,2,2
"44fef72e-b824-432b-97fc-ae73848c9bc0",TRUE,3,1,2
"b8542357-1259-496b-a9a2-85d4711b486a",TRUE,1,2,2
"c78779bd-c799-48e0-a270-890b7cdbb820",TRUE,3,7,2
"c4a6fde3-fb52-4fda-9332-ae2211e7fafe",TRUE,4,7,2
"c417d715-f254-4302-bd39-250b677d49e1",TRUE,4,7,2
"1d38c875-65ea-4012-885f-ce2eeebb362b",TRUE,5,9,2
"27d58172-26a5-48d6-9916-a12a0c2cb589",TRUE,6,9,2
"92a018a1-edc5-4322-945b-ab3b0ed3344e",TRUE,6,9,2
"52af1446-00ed-4b61-8ba0-5899c21a055a",TRUE,1,2,2
"150c327a-8588-4f68-a2f7-4735ca09f95e",TRUE,1,2,2
"50263808-7d84-4a9f-944b-2c38098e1704",TRUE,8,8,2
"c5f2f750-1f7c-49cd-8d54-4cbe1eb80fe5",TRUE,4,2,2
"7ae27362-0286-4114-a122-fb9bf24e2466",TRUE,4,7,2
"ee53d61d-5137-484e-a40f-089d941389af",TRUE,8,8,2
"f3f74967-c12e-49ed-b9d6-f13b24e6abb2",TRUE,1,2,2
"1c4c3079-88f0-43f5-8dd4-066decc69ebf",TRUE,5,3,2
"2bc9a04a-438c-4497-8854-bbd751efa9d1",FALSE,NA,NA,NA
"718d282b-071a-406e-9b8c-0d5672d5d6c2",TRUE,3,1,2
"91a0b259-53be-4d0a-9e24-7ef8857462bf",TRUE,8,8,2
"c0e1d5c2-a396-41b3-99e4-d0cf36eb192b",TRUE,1,8,2
"236562db-f722-4245-9dcc-c5652932f5c4",TRUE,6,9,2
"06ab699b-b234-46d5-998c-e7bbee603bdc",TRUE,5,9,2
"bbb437fe-9e3e-4978-8248-2cbb56f79bd6",TRUE,5,9,2
"26037526-0a99-4671-acdf-7218078630a2",TRUE,4,2,2
"34f4da66-07b9-478e-90a6-2b23a4502336",TRUE,8,8,2
"6ab13f2e-d1e7-467a-ac29-b5532f945c26",TRUE,8,8,2
"50907b8d-7c39-431e-8a4f-a95303f8df1d",TRUE,1,2,2
"74748718-1839-4796-b28c-6089bf09190b",TRUE,6,9,2
"74748718-1839-4796-b28c-6089bf09190b",TRUE,6,9,2
"3d316ef2-bcec-4592-a9e9-7d2515ce94be",TRUE,1,2,2
"6ed276b1-5e7a-46ab-9184-baef6b7c7562",TRUE,1,2,2
"15bf654a-4c19-4ea7-a643-7db6fa6036f5",TRUE,1,2,2
"2f1e1554-85f8-4774-82db-8e1740826179",TRUE,4,7,2
"56cfab27-af1e-4be3-9cb4-128ab2258f39",TRUE,4,7,2
"f36c27b0-8c42-4ccc-ad0f-949910191193",TRUE,1,2,2
"8a2e0abc-f5ec-4a36-9c3a-5f1ca90d063d",TRUE,6,9,2
"075ca41b-3f80-4001-9d2a-d6ed900f6139",TRUE,1,2,2
"37e3dc4c-1937-4ae5-8108-ab95602409f9",TRUE,3,1,2
"fa5213f3-c4b3-4b6a-80c9-661470734cba",TRUE,4,2,2
"3ea13eec-0432-490d-8d7d-cf97f37a8a41",TRUE,7,6,2
"81c92175-22ca-4b35-a8ae-e5fb637bada6",TRUE,5,4,2
"d1995b1f-b2c0-4e40-a708-13ae50769edb",FALSE,NA,NA,NA
"9de5d8ea-6371-419f-a5bd-109cbe4627d8",TRUE,1,6,2
"1f81f470-8b10-4019-9ce3-4084e769a620",TRUE,4,8,2
"4626618c-c1b2-406b-b345-5ddecaaec6f5",TRUE,1,1,2
"609ef194-3df2-4b89-a6a8-f71a63ae77b0",TRUE,8,8,2
"ec48acbf-06a0-4ed7-9797-c1f3367ddede",TRUE,8,8,2
"46dc35e5-21a3-43c9-9a88-4f6f6506f1f7",TRUE,8,8,2
"897a30a4-a1c6-4aa3-9238-6ace682d5612",TRUE,3,9,2
"096d6e43-cfb4-4f4d-8792-28733819fe0c",TRUE,5,6,2
"b8c1f074-07fe-4f8b-922b-618655b8703e",TRUE,5,3,2
"f99528dc-0ac7-475c-af16-27ddf0eff096",TRUE,7,2,2
"922a10ac-a534-4102-bf44-407841d69083",TRUE,7,6,2
"5607bbdf-18d1-43dd-9ae5-e2cd4cdca381",TRUE,1,2,2
"61a69328-94c6-457d-84d9-f7f2f339d86f",TRUE,3,1,2
"fcada94c-d679-4b13-bea7-751cd13edee3",TRUE,3,7,2
"734798be-c469-4a80-96f6-e9b2229cdc25",TRUE,1,2,2
"734798be-c469-4a80-96f6-e9b2229cdc25",TRUE,1,2,2
"7f19cf45-f391-4f21-80dd-b0d273e7f79b",TRUE,5,5,2
"7f19cf45-f391-4f21-80dd-b0d273e7f79b",TRUE,5,5,2
"7c0348c6-8149-4c69-b226-c8d234675a44",TRUE,1,2,2
"824e29c9-c464-4940-b8f7-a3af4f432c0e",TRUE,5,9,2
"d160dbdc-c4c9-4b3b-b307-969e5f46ff30",TRUE,4,7,2
"9add27e3-10a8-40c6-9af6-97bdb3923772",TRUE,3,7,2
"0babadf4-19c9-4034-8f49-636854e17e55",TRUE,4,3,2
"7aa9c745-d0ac-4e06-9c42-25720df9cba8",TRUE,1,8,2
"46a362a6-e947-482b-8183-5239a8bb0a7c",TRUE,1,7,2
"0be2bcd3-dd8b-4e1d-94e9-51fc3ca356df",TRUE,8,2,2
"c4448d1d-0c54-4962-bdfc-4e06057ce7b1",TRUE,6,9,2
"ba101e70-c4c7-42d0-923a-9e5e63078c5d",TRUE,5,1,2
"0ea808b8-70dc-4f1b-9d71-3d9b1eeee3e7",TRUE,3,1,2
"13bfd5ec-9468-4199-bd51-c2a3efe94a91",TRUE,1,8,2
"f0975226-feea-45fb-8d2a-533bbfc80d4a",TRUE,8,8,2
"04e84eec-565f-4364-808d-8281b6bc6532",TRUE,5,3,2
"b2a4f5e5-78b3-4f9f-a9c0-abcececa77d1",TRUE,3,1,2
"95b2a1cc-aa2c-434e-87f7-7e62d93603a3",TRUE,7,6,2
"10eb57a9-62ff-4e22-ae33-90080f68b4f3",TRUE,5,4,2
"0a46505c-9fec-4758-bfda-2dc69ec5109c",TRUE,4,7,2
"033ea379-ecf1-4329-9c92-ecbcba31c804",TRUE,8,8,2
"c1b633c8-df3f-4aa0-9bd1-6646be234d80",TRUE,7,6,2
"6b681a96-99ae-483d-895f-fad33f7a3d1b",TRUE,8,8,2
"809705ec-502c-48e0-8481-dab62f50f63e",TRUE,1,2,2
"cafeca1f-bdd4-4169-b925-2454df983a04",TRUE,4,7,2
"7b844bfc-129b-472b-8811-d284f11a5848",TRUE,4,5,2
"04b63120-206c-42dd-a6c4-13acbfd5a8aa",TRUE,5,8,2
"69828226-e47a-4fdd-ae24-39262c0eb784",TRUE,8,8,2
"98382b6e-8431-438a-b441-002481e4a36f",TRUE,5,9,2
"13ce7a8d-321b-4d2f-bd46-4a14e8031489",TRUE,6,9,2
"d9fba39f-1fd2-4a5f-811f-f2abb63f2341",TRUE,3,1,2
"5425b895-baff-48c5-9922-2193b050403b",TRUE,3,2,2
"7c593942-8911-4a9e-a7cd-fe1397b07ae2",TRUE,1,2,2
"e6fb90d2-cd25-43a7-9c23-3f068975b89a",TRUE,1,2,2
"5edb4a48-08c2-4a3e-8d07-69f5a40e0f1a",TRUE,8,2,2
"567fc81b-4c1c-4c8c-ae10-86b0d260e5ac",TRUE,4,2,2
"426b04ff-80ab-4518-8b2a-4178f3aca493",TRUE,4,7,2
"2db756fd-1942-4b71-b105-d0924494d760",TRUE,6,9,2
"2fcaf345-610e-4391-b35b-16e2865e93d6",TRUE,3,1,2
"9ffad3c4-7d7c-4793-955c-1fac5281148b",TRUE,5,9,2
"eb7e4e5c-3413-4630-af42-8191f9be6047",TRUE,3,1,2
"529fcb8e-15d6-4403-814c-a52736358a97",TRUE,7,6,2
"1341cce7-e989-42b0-8716-bf70ecf38016",TRUE,5,9,2
"ed7abeb6-2f98-4c3e-941a-22b7b21f72ad",TRUE,4,7,2
"f4d74104-24e2-4c0f-aff3-3ea5ae514584",TRUE,5,4,2
"2a928e32-6599-419a-86a0-1c08b2affd9e",TRUE,3,9,2
"d32f6fd2-d406-4c01-9992-52956ecddb76",TRUE,5,3,2
"c002f42d-d39b-4dec-99f3-969a6a61d29e",TRUE,4,7,2
"c4de5bbb-e113-4954-bfd9-14b08aeabcb0",TRUE,4,5,2
"619e3438-ef2a-4169-9ff7-ad5da0e00630",TRUE,7,6,2
"dc34f023-7357-4ce8-a57f-6ffcaba5c523",TRUE,5,4,2
"6f32eb30-6faa-4d2c-94ff-d00fe37a56c0",TRUE,3,1,2
"74a38336-3267-4579-a0ad-eb69999eb2a4",TRUE,8,8,2
"e800f620-0ffc-43bb-906f-d6481b8a5cb2",TRUE,3,1,2
"3fbd1051-eeb5-4eaa-b70a-daab062f962c",TRUE,3,9,2
"07f58f93-f866-48e7-87c8-add388100591",TRUE,1,2,2
"cbaa76bf-8e76-4b53-ad0a-1a2aae5c099b",TRUE,1,2,2
"f963dbf6-3928-4ab5-9f57-416c1dba569b",TRUE,6,9,2
"a5265c53-d123-4316-a6d0-f4821b37ba58",TRUE,7,6,2
"062c38f1-41b6-4b3b-8820-6cd9697ba54b",TRUE,3,1,2
"858e54cb-1407-40cf-b649-2604eea5d292",TRUE,3,1,2
"a21daf41-ee87-4381-a627-eb22c32f4e94",TRUE,8,8,2
"c9caca38-5de6-4c9c-8c22-9d24ec7bddc6",TRUE,3,1,2
"feee1b1b-f711-478a-b25e-9e10cdc0196a",TRUE,3,2,2
"df43a645-ec92-4e7c-a261-a694b992499a",TRUE,4,3,2
"d9e0954a-4d11-4872-a84a-ee85c135c5c9",TRUE,1,2,2
"0c136585-4c42-4d7a-818e-717f3017490e",TRUE,1,2,2
"b80a080f-5d8e-461d-8c15-6057320fdac3",TRUE,8,8,2
"ebf859f6-0457-4334-b695-b8d1bfb92ac8",TRUE,3,1,2
"85e2f64f-b9cf-4c40-81ac-77b525c95e62",TRUE,8,8,2
"196bdc32-c904-4820-bdcc-5ebdd8e412ef",TRUE,8,8,2
"370debc3-814b-49b2-9d47-66b632d235ce",TRUE,5,9,2
"32a9982f-b9e7-42e4-bc7c-93651ace9bf6",TRUE,1,3,2
"8954932c-daf3-4755-a1d5-c827d25186c8",TRUE,4,5,2
"20b1d1a3-c75d-4fa8-826c-a0f9db588d35",TRUE,5,9,2
"7e751649-ece8-4345-9354-abc18cc5771c",TRUE,7,6,2
"9151c88c-1da8-43fb-9a6a-87396ef17022",TRUE,3,2,2
"da4ac7e6-033e-4776-a3a2-7cdf3b57bceb",TRUE,1,2,2
"134375ef-38bd-41e0-8273-b386ac2afc79",TRUE,3,1,2
"6aaa3f5b-bb4d-4463-95b9-870e8d8a3e84",TRUE,4,3,2
"5df41fa7-30de-4f8f-8d9d-5a095140f4aa",TRUE,5,4,2
"130f02e6-4ac0-44bb-974d-cde7483afa80",TRUE,4,7,2
"175e0b08-b996-45bc-a34a-f75144bd056c",TRUE,7,6,2
"4b1e37b6-ccc3-4f2a-94e1-4a2fae7c0cf8",TRUE,3,2,2
"9af2b4a9-68a1-433c-9b41-f27ffd97d13b",TRUE,8,8,2
"4277a3da-95e2-42ad-85b9-97fbd8ecc2b4",TRUE,7,8,2
"2eb0cfed-0a79-4c97-89d1-62517db29cb1",TRUE,3,3,2
"d36eedba-3633-45cb-b614-b3408116ea37",TRUE,1,2,2
"8e659873-71ff-49ea-be91-900dbadb4747",TRUE,8,8,2
"f37823b6-30ac-408f-8bc4-2c861a48d779",TRUE,4,7,2
"b4cb61bc-a7f8-46b7-80ab-10426b030d4c",TRUE,3,1,2
"ad57bc67-24e5-4041-854d-21648f0d2fbd",TRUE,5,3,2
"e8aecf66-c3cf-4937-8477-732b3430a201",TRUE,4,7,2
"b7f8c73e-d681-4644-b849-d9927af5bc2c",TRUE,5,7,2
"10fc0cac-a957-44ad-94c8-46f465be2970",TRUE,3,1,2
"365a12de-3c3d-4424-b74d-8467b5876895",TRUE,5,9,2
"c77ac169-700f-4582-90f3-d25dcac65e2d",TRUE,6,9,2
"b7d7c3af-ef82-4f26-984f-dfd37033dfd6",TRUE,5,5,2
"080b0946-5e2d-4746-8569-377e124a8767",TRUE,5,4,2
"1920ace2-f848-47ba-b885-1676e3f3c4ff",TRUE,4,2,2
"6c1374ac-2fc2-41dc-85a3-4d3efa5ecd41",TRUE,4,7,2
"260db07e-7b8d-4fe4-bc50-e57f6bb8de7c",TRUE,8,8,2
"ec483f23-3c55-4182-9683-6388bcb4d48d",TRUE,5,7,2
"63cfb1c5-38fb-49d2-8e40-1bcdc95576b2",TRUE,1,2,2
"f5e34461-159a-449e-841c-ed3d30e80d99",TRUE,4,3,2
"3098c818-c990-4601-9ad4-c7fdf7131347",TRUE,4,5,2
"d063d2c7-1822-4f39-8f3e-5aa3eaf90225",TRUE,1,5,2
"0b070a50-9297-4fc5-9b1e-4ad1c8d83de8",TRUE,1,2,2
"defa25e9-e9c2-4a34-a703-9e0a279bae14",TRUE,1,2,2
"85cd33fb-3c15-419f-b457-1a6c5e8b2a31",TRUE,8,8,2
"5b3c3e96-eeee-45e8-b8a6-04f19ccef178",TRUE,5,4,2
"936f62e8-3a95-4723-9e8a-b03cf39bfdcb",TRUE,5,9,2
"1631b61c-6065-4c20-9781-d02c097671b6",TRUE,5,9,2
"bbac9366-9317-45f3-8abb-56f2841c7571",TRUE,7,6,2
"cdd8324c-7095-487a-87e6-9b8f3c4d2f8b",TRUE,5,4,2
"d2debd0f-b894-491b-85ad-c666392cb6a8",TRUE,7,6,2
"64bd1cc1-0619-4c87-a102-4dc35f1dacbe",TRUE,5,6,2
"97bf6b11-7592-46ed-91b0-19c4b9588721",TRUE,7,6,2
"5b8bb2ff-473a-45ee-b3e2-baf3d7884350",TRUE,4,5,2
"e0a05f3b-f1ab-4171-b167-8a49fb089bf3",TRUE,4,7,2
"b4d4e156-1837-4528-8740-c7820c55074a",TRUE,5,9,2
"aece0419-f139-459d-be6b-291731a6d014",TRUE,8,8,2
"91ab2296-73a1-422d-9ffa-8de29fe1f9cb",TRUE,7,6,2
"b613b463-019f-4b48-a66b-d98682a4078d",TRUE,5,4,2
"870b038f-1e72-4b66-ad33-916923ff21fd",TRUE,5,9,2
"563271da-914f-4166-ada1-cde48395e513",TRUE,6,9,2
"3cc98094-cacd-4ae4-b02f-d2c7ad23400a",TRUE,5,3,2
"6021b55c-bd8a-441b-8a53-92e2960e1729",TRUE,5,5,2
"524d6166-3760-480d-ba8b-d21d6f73cf11",TRUE,4,2,2
"d40b5262-4171-4609-a48c-912494c7cd97",TRUE,1,8,2
"a46c9a56-2a0e-4327-be77-dcbc50053be4",TRUE,8,8,2
"97c55349-e246-4795-b078-37274ddc24e7",TRUE,8,8,2
"37815880-a2aa-4348-9443-453367486217",TRUE,5,5,2
"ad40b94a-5509-4aff-9549-b428bea921d0",TRUE,3,1,2
"c8d0daae-535d-4dc1-8988-6eba9c4b093f",TRUE,4,7,2
"3863b29d-d1d1-4038-80ed-bfb800827047",TRUE,1,2,2
"972ab947-f5a4-4d2d-a5ce-71905a796e3d",TRUE,8,8,2
"80195aa4-8440-4f70-9abb-d6006335d085",TRUE,8,6,2
"e6cf8229-4c32-4fd5-8696-ae9231a379ee",TRUE,8,8,2
"4252f1ca-02e6-4ac9-8511-e9ef4d1816e1",TRUE,8,8,2
"07490f65-3f71-4020-a8f5-7fca5c08bb4d",TRUE,1,2,2
"6e60c509-7949-481c-8cfc-276de57ed7ec",TRUE,1,8,2
"a3a54b68-8f00-4076-9beb-4058654f4f12",TRUE,6,6,2
"85268184-a81a-40d2-8ab0-16077cd97809",TRUE,4,7,2
"1e0e9f0d-437b-43d6-b60d-e2ec2a21e2d8",TRUE,5,3,2
"f5909ef1-80cb-4e54-83b4-3eaa8d3af2c7",TRUE,1,2,2
"c9069379-b704-44ce-b231-9b582ccb8b38",TRUE,5,4,2
"f998aae7-6e2f-4c0d-8b5d-44c542de6ac2",TRUE,4,7,2
"3f45fd1d-8ee4-47cc-8bcd-96a9c91ad7b7",TRUE,4,7,2
"94d3489d-2eb0-4842-9c36-e24745edb7d9",TRUE,1,5,2
"3dd03e2c-6b24-49c0-99e8-27f1cbf6896a",TRUE,3,1,2
"a3230eac-4acb-4b5b-91e4-a1c7c60f585d",TRUE,4,7,2
"b4e45e35-60e6-4c7f-82be-e8bc019f467e",TRUE,8,8,2
"f30b2601-f88b-4a1f-b812-78f8d5d00391",TRUE,4,7,2
"8946fa33-5206-487f-835b-a6d5f55a5351",TRUE,7,6,2
"b8883fba-d692-49de-b2fd-f7a6af3c2920",TRUE,3,1,2
"85e4df9b-b0fc-45de-995f-c5ab00ebf2be",TRUE,4,2,2
"2d49678e-c9f9-4a50-968f-4d5045814a4c",TRUE,4,7,2
"1856e6bb-a47a-4f79-a6d2-12a0636dc85e",TRUE,5,2,2
"bdb7e732-b1fe-4c60-92ee-1f4df378c722",TRUE,1,2,2
"16a6df8b-114c-4868-99df-01575bf2474c",TRUE,5,6,2
"c725ca0b-9784-496e-ae6a-8a98678269b7",TRUE,4,7,2
"405eb5cb-a3a1-41a8-b2df-596de81bcc04",TRUE,4,8,2
"b152d34d-c34b-49cc-9bfe-41303f9e407a",TRUE,5,1,2
"c3edf2ba-f9c5-4dce-8c5c-4e69e7613d69",TRUE,5,3,2
"bef0a4a6-5526-462a-b695-5c7afcbbe9f6",TRUE,3,8,2
"712ee48c-18a1-41fb-b71e-500ca4203cf0",TRUE,1,2,2
"be683e39-d686-4dac-9d65-ea1a46902b05",TRUE,4,7,2
"2045a625-a8fa-4b2d-b4c5-f88af612fc0a",TRUE,1,1,2
"d049c6b7-75aa-4ee6-adb1-8f87e4aa21e8",TRUE,5,4,2
"cd93806e-96ca-4066-8420-ae312256e3b8",TRUE,4,7,2
"41f33e5c-09a2-4d5c-8a51-4f9406840741",TRUE,5,9,2
"169c3391-a590-4cfd-96c1-7106b9fcff2b",TRUE,1,6,2
"06b0e0f5-03da-4d53-bc9a-3d0fae7470f5",TRUE,6,9,2
"e51657bb-4947-4199-be5c-a5ae89d1e094",TRUE,1,2,2
"d4215a05-fa19-42e3-91a9-4b9d13af2ca8",TRUE,3,1,2
"d58352e0-3298-47cc-9e43-468772dfce02",TRUE,8,8,2
"30ca0fde-1574-4baa-b73f-0e83780e562f",TRUE,7,8,2
"2a46a303-52bd-4b49-b817-fc0c65b154f9",TRUE,1,2,2
"94a32076-ffb3-4182-a2d6-04bce3e206c1",TRUE,4,7,2
"1d64fc76-769b-40e0-a301-456b3a065358",TRUE,1,2,2
"9c2e52a0-c074-4920-b140-a0aee855363e",TRUE,1,2,2
"d7ffa8be-3573-4c2d-a03c-229b45424842",TRUE,3,2,2
"1bc938b4-2baf-4826-82c9-5cf2f6864439",TRUE,1,2,2
"0f9be4d6-614b-4df4-accd-682885a75984",TRUE,5,4,2
"9d0cdc36-1257-4fa4-ba2e-b73a1774be56",TRUE,8,8,2
"6ae80176-4396-4fc5-8614-6b256b464c1f",TRUE,8,8,2
"e577cc0b-ca16-47f3-bba7-a27f7e926c73",TRUE,8,8,2
"8511b011-746a-49bb-b06c-9c35e7bebf35",TRUE,8,8,2
"8e6f964b-f74e-49d8-bdb4-e5ff8e56bae0",TRUE,4,2,2
"0020962a-6179-4ce1-941f-0a71cd08eb38",TRUE,5,3,2
"3c7969db-2b46-41b9-bdac-f38c11778f60",TRUE,5,6,2
"fface068-77e6-4e9f-864d-2ea0b24fcc64",TRUE,1,2,2
"adb42073-cf40-4146-9ec8-c0dd794bd740",TRUE,4,7,2
"d3d048f4-1b94-4ae1-b6bd-17df61d1295f",TRUE,5,4,2
"badfefc8-96cf-44c4-9386-d31893d13cc6",TRUE,7,6,2
"66f59983-4574-4a99-ac85-4861fb087c7c",TRUE,6,6,2
"036acb45-a651-4d2e-acb3-ad324c86221e",TRUE,7,6,2
"43558d91-6f61-4923-9ac2-834215847406",TRUE,8,8,2
"444f7d82-9346-437e-aec7-4450f4469346",TRUE,7,6,2
"e99ca74e-ecf2-4b2f-91a8-f87e13e428e2",TRUE,8,6,2
"8cf3a643-777d-429b-89a0-58eb8230bc35",TRUE,3,7,2
"8da466af-807d-444d-865d-719820f0e09f",TRUE,4,7,2
"f49c1eca-71a2-45cc-a9a4-d924abaddd98",TRUE,5,3,2
"d508b15c-2acf-4746-b9f9-48460c0e71cc",TRUE,4,7,2
"8263d6bf-4c7d-46d8-85f8-5c220d4e3d14",TRUE,5,5,2
"7be10965-940e-42f4-8b30-b6f7b2b05ea9",TRUE,3,7,2
"699bad46-d61c-460c-8475-a8680d3da36d",TRUE,3,7,2
"b105e7af-78ba-44b6-afcb-f7d3c0270a97",TRUE,5,9,2
"a7e5f2f8-ed57-40c8-a7e6-4745670b97a1",TRUE,5,9,2
"ce359041-edbb-49e4-8ff2-21391aadf713",TRUE,1,2,2
"57721cf4-13a1-45d2-8299-12561eafec10",TRUE,5,3,2
"02bd5ad3-ab27-4e56-a900-5ca2b6459733",TRUE,8,8,2
"b56ac3ca-b700-474e-861e-1eaf411b81d1",TRUE,6,9,2
"c99fe812-8ad0-4da2-85b8-4a9589d33db4",TRUE,3,2,2
"4ce31fe7-aae5-4943-93dd-4ba2211627c3",TRUE,3,3,2
"ac31ec02-1a03-4caf-8a75-727f0777e2ca",TRUE,3,2,2
"55625eea-67df-4a3f-9727-7b506cba8d52",TRUE,4,7,2
"596ea092-36c6-478f-be72-8f3618fd9ef9",TRUE,3,7,2
"f4fed130-d9e8-42ba-97db-428726018ab1",TRUE,8,8,2
"c4f75461-2819-474c-913a-764e5b54d456",TRUE,1,2,2
"8255a383-02db-46e7-befe-a3e3ec4ee922",TRUE,4,4,2
"408d201f-ad63-42e6-a65d-e51b33818bc8",TRUE,5,4,2
"25956989-4552-4625-b9e3-cba1c0672c7e",TRUE,7,6,2
"0d62e36e-da19-44a3-9948-cdee851c6757",TRUE,5,8,2
"c59bd72a-d21f-46cf-aac7-f2c2fb803d3e",TRUE,5,4,2
"6bb5e45e-009c-4bde-b107-9e945bb8b5c5",TRUE,3,2,2
"2f991815-971d-4844-906d-70141ad8fa80",TRUE,5,9,2
"1e3c9463-51c1-42e5-a249-bc8c887071f3",TRUE,1,2,2
"4f6be193-3ba7-4d7e-a1c7-d5dc361f707c",TRUE,4,2,2
"12670883-aff4-4fa1-85ac-4d0791b94506",TRUE,8,2,2
"645c0b2e-b337-4153-ab66-0e6d331dc757",TRUE,8,8,2
"5c8c96a6-e892-4d83-88e2-e71408cd1650",TRUE,4,2,2
"bfc3d413-ecab-4b5a-a6b5-2094a49d6915",TRUE,4,2,2
"1a759857-2435-4793-b644-a15a76d954b6",TRUE,3,1,2
"53ccbe5c-84d8-40e6-88ed-179d6d0d5ec5",TRUE,3,7,2
"3b2fa59d-f91d-4dcb-8721-98a2a494e5bf",TRUE,1,7,2
"e908756a-e26d-4df1-b8ef-e70da3fd95f4",TRUE,8,8,2
"69b176d3-504a-4656-bf35-13127f2278e4",TRUE,1,2,2
"db6f8912-5a5a-443c-910d-55ba4643e9ea",TRUE,4,4,2
"e339760b-23c2-4ea2-a7b1-d5f99ec1a210",TRUE,5,7,2
"dbcb077d-58cf-413a-9678-ef0e54cd1a18",TRUE,1,8,2
"61fba8c6-79b6-4761-9f40-a636ff23bac9",TRUE,3,1,2
"abe7eca1-4333-46d5-850b-e2f59d29420c",TRUE,5,9,2
"b8b09d7b-be12-46bf-8270-501760f3d241",TRUE,3,3,2
"b6e762b7-1809-44bd-acec-05480889ef74",TRUE,5,6,2
"f9e1e754-1672-46f6-a2bb-71536911999e",TRUE,1,2,2
"76e80a47-1fec-4e23-bd32-de2625fbac4b",TRUE,1,2,2
"222650e6-754f-42e7-9f80-94db5ee7d3ad",TRUE,8,2,2
"def73243-6587-4aab-820f-46fafd5b19e6",TRUE,4,7,2
"7edbb134-c901-40ab-b5c9-3fb4947a1c7c",TRUE,4,7,2
"546ddf59-7956-4578-a80e-8e8fc32fdf43",TRUE,7,6,2
"67ac9d5d-9fb1-4399-ba04-f3bbfc1c4cef",TRUE,8,8,2
"9c32cfe1-ba3d-4f19-836a-30aa866a4323",TRUE,7,6,2
"b7a8ad8d-1ec5-4c98-9614-08bb4044cc6a",TRUE,4,7,2
"49df16b8-0693-41f1-92d4-93f7a577ddc3",TRUE,5,4,2
"0d4b136f-0a84-44f0-9192-c7996597238e",TRUE,3,2,2
"a5287340-d5b9-4d46-80fa-f301e33796bd",TRUE,4,8,2
"166bd4c2-fa95-4fdf-bc9a-1b144679a492",TRUE,4,10,2
"10f6e990-3ec6-4ecc-9cfa-f2bffe4548bd",TRUE,4,5,2
"cdca4774-2e66-4530-995f-58a6c236e4c9",TRUE,8,7,2
"6beed20c-bb9d-4038-8f6a-5289ff04b795",TRUE,5,6,2
"f3bd6deb-2a80-4593-991a-58a690401f5f",TRUE,6,9,2
"91029d5b-558b-49dc-86f7-b8247763ff93",TRUE,7,2,2
"57cc554c-18e8-4207-bc59-176d2fb784b0",TRUE,4,2,2
"b80b2e34-6ce1-4e8d-85b9-55e56649a8cc",TRUE,4,7,2
"95031cf9-966d-4bb1-aacf-ad86184b9887",TRUE,5,4,2
"2f78709c-1759-47d7-83b4-58d993e6c87a",TRUE,5,3,2
"208bde8d-2887-49a4-8030-edf3bacc4b84",TRUE,5,5,2
"52e00ec9-cd99-439c-aa9b-4ff1b0a774e0",TRUE,6,9,2
"975b6a95-e5f5-4dd2-85b5-eb0917c606cb",TRUE,1,1,2
"bf606b63-b870-4a15-b565-ac98a1add18c",TRUE,4,8,2
"95b55397-f332-477d-b088-0efebc91df0f",TRUE,1,3,2
"5c6976f2-cf1b-4f6b-875c-cb6a0f6fe2b2",TRUE,6,9,2
"47427c17-df6c-41bd-988e-7e553cc8a77b",TRUE,5,4,2
"a099aee9-e6d3-4942-8e8d-2336d1d4ceca",TRUE,3,8,2
"05e3f9fa-ce3c-43e5-a4a7-a754f9e90502",TRUE,8,8,2
"a19c051e-8576-49ab-a901-3b928381e453",TRUE,6,9,2
"8fd6a438-7a7d-4567-821e-3d67e31f1097",TRUE,3,1,2
"e08cf0e2-6598-4f5b-9764-862fc0cd55f9",TRUE,4,2,2
"2cc70c15-415c-4a2d-ad6b-59bd7462a1fa",TRUE,5,9,2
"6a279fcb-2f80-4537-bb5f-4cc40b2d69d5",TRUE,3,1,2
"6805a869-41ea-435b-95c2-42f3cbc4417c",TRUE,4,1,2
"c1ca248b-e973-47d0-bdab-60a09366f28b",TRUE,4,7,2
"79e9b4ae-f0b0-4a72-9a55-88a6f920c050",TRUE,5,9,2
"e024b50d-9823-4dc6-97dc-b460f26d6a27",TRUE,1,2,2
"5835af1b-31e6-4093-93f3-eeafbbd9003d",TRUE,4,7,2
"44765d0d-a5cd-4938-b5d4-9a372dc77fb4",TRUE,3,1,2
"ee13b3b9-197b-4619-a017-e631cc0be257",TRUE,5,6,2
"c301fd88-d9dd-4835-bc32-d35614ecc446",TRUE,8,8,2
"e33c3689-6187-4b5b-a8c7-9767d5827a03",TRUE,7,8,2
"0c5866b4-1789-431b-86a9-cb0a8fcfc5fa",TRUE,1,4,2
"99e19627-fb23-4094-b792-c499afe69455",TRUE,8,8,2
"b94ad114-17a4-426c-bf1d-0d97b1b4d208",TRUE,1,2,2
"1a108313-6594-4bed-802c-0f2bbfdfde78",TRUE,8,8,2
"f13e4812-c933-4a68-a352-4bbe277e6ce4",TRUE,1,7,2
"ba2a8bdc-77cc-46ed-8e0d-ef0c3e83e9d3",TRUE,1,2,2
"1f6d4383-3ffe-446e-974c-bcdb4e12b7de",TRUE,6,9,2
"9d11db44-f05b-423b-8c81-8c3fc3263c3d",TRUE,3,9,2
"01a251c8-e11a-4867-a06b-fe6cca78a500",TRUE,1,1,2
"5d62eb91-bf62-4544-8a1e-6064be77e950",TRUE,8,8,2
"fe5007d2-12e3-491b-9222-016715346c04",TRUE,5,3,2
"8cfa9878-c6aa-4353-80d5-a8601492de90",TRUE,5,3,2
"305b1d72-f01a-4365-9891-703befa8f1bb",TRUE,5,9,2
"ffc334c3-c2eb-4b20-9800-87e513f729a2",TRUE,3,1,2
"a2fadaac-bea0-4c69-8792-585c0f5c30ed",TRUE,1,8,2
"8aefe0db-afcd-4655-8e53-35300eb1e103",TRUE,1,2,2
"faad58c0-1b10-4049-ba38-a5f462e10784",TRUE,4,7,2
"258f4d2c-1b87-46b0-b63e-91c21b3aab41",TRUE,5,4,2
"d6ea1117-7173-4ebb-9697-83efd93140b1",TRUE,3,1,2
"02442b00-bfe0-4ac4-88ae-0a98b8f83c27",TRUE,1,6,2
"02442b00-bfe0-4ac4-88ae-0a98b8f83c27",TRUE,1,6,2
"455fb9d5-98f3-4550-8977-d771152ae25d",TRUE,4,1,2
"1c9735b0-2c93-40f2-9866-47eeb4affd9a",TRUE,8,7,2
"da397a68-04c2-4370-8ed6-ee70911f04aa",TRUE,5,3,2
"0977b9d1-d8c5-4743-9f39-97edc6eeb5b4",TRUE,1,7,2
"0637d657-8e3f-4480-9af9-6f21e12c59d1",TRUE,4,7,2
"dc3dbc0c-244f-40c9-b702-86278544545c",TRUE,1,7,2
"71dd4cf4-f752-47fc-9e85-bd4b110da86b",TRUE,1,2,2
"00b3fd5e-ee04-4569-a7b7-6f9bbdf58665",TRUE,7,8,2
"e9c6a2ec-d69c-4fb4-bca8-1531f4857918",TRUE,1,4,2
"57c489b1-1cf3-49f0-901c-125f344a2887",TRUE,3,1,2
"ef65f191-e85d-4f2b-a207-15ac7c67c2fe",TRUE,4,7,2
"c4d4b530-b033-440f-82f2-e17001e73612",TRUE,4,6,2
"2ae4c643-03df-4c27-a19b-03619991de61",TRUE,4,7,2
"28ff8038-b4a3-4007-aaa2-7455dceec3e1",TRUE,5,4,2
"e2e1fba8-9e23-4784-9b93-0ce63a008e24",TRUE,1,2,2
"bd41e0c3-be74-4ff2-adc3-689049bd5cf1",TRUE,3,1,2
"9ea29613-4be3-4990-9228-b5b83a2d4b07",TRUE,8,8,2
