file,job_title,company,start_date
/Users/emilpalikot/Research/AI-Recruiter/data/linkedin/htmls_2/--andrew-gray.html,,,
/Users/emilpalikot/Research/AI-Recruiter/data/linkedin/htmls_2/-85652832.html,,,
/Users/emilpalikot/Research/AI-Recruiter/data/linkedin/htmls_2/-mr-deepak-gaur.html,,,
/Users/emilpalikot/Research/AI-Recruiter/data/linkedin/htmls_2/-noor-ul-ain-.html,,,
/Users/emilpalikot/Research/AI-Recruiter/data/linkedin/htmls_2/-ritikmehta-.html,,,
/Users/emilpalikot/Research/AI-Recruiter/data/linkedin/htmls_2/-yadav-1aa01a34a.html,,,
/Users/emilpalikot/Research/AI-Recruiter/data/linkedin/htmls_2/00sukhjeet00.html,,,
/Users/emilpalikot/Research/AI-Recruiter/data/linkedin/htmls_2/1252122ab.html,,,
/Users/emilpalikot/Research/AI-Recruiter/data/linkedin/htmls_2/:.html,,,
/Users/emilpalikot/Research/AI-Recruiter/data/linkedin/htmls_2/KennethKuffler.html,,,
/Users/emilpalikot/Research/AI-Recruiter/data/linkedin/htmls_2/NA.html,,,
/Users/emilpalikot/Research/AI-Recruiter/data/linkedin/htmls_2/a-str-o.html,Dirk TundermanDirk Tunderman,Dirk Tunderman,
/Users/emilpalikot/Research/AI-Recruiter/data/linkedin/htmls_2/aadarsh-sharma.html,,,
/Users/emilpalikot/Research/AI-Recruiter/data/linkedin/htmls_2/aafreen-nsio.html,,,
/Users/emilpalikot/Research/AI-Recruiter/data/linkedin/htmls_2/aakanksha-bamniya-4bb94b292.html,,,
/Users/emilpalikot/Research/AI-Recruiter/data/linkedin/htmls_2/aanshi-lahoti-2a735421b.html,,,
/Users/emilpalikot/Research/AI-Recruiter/data/linkedin/htmls_2/aaron-socher.html,Formula One Points ChartFormula One Points Chart,ProjectsProjects,
/Users/emilpalikot/Research/AI-Recruiter/data/linkedin/htmls_2/aaron-wilson-77408432a.html,,,
/Users/emilpalikot/Research/AI-Recruiter/data/linkedin/htmls_2/aarti-kataria-994b4a233.html,,,
/Users/emilpalikot/Research/AI-Recruiter/data/linkedin/htmls_2/aasri-c-9243a0338.html,,,
/Users/emilpalikot/Research/AI-Recruiter/data/linkedin/htmls_2/abanoub-kamil-4a5188227.html,,,
/Users/emilpalikot/Research/AI-Recruiter/data/linkedin/htmls_2/abdeen-abdelrahman.html,,,
/Users/emilpalikot/Research/AI-Recruiter/data/linkedin/htmls_2/abdelrahman-mohamed-915352289.html,The masterThe master,ProjectsProjects,
/Users/emilpalikot/Research/AI-Recruiter/data/linkedin/htmls_2/abdi-abera-1b1583229.html,,,
/Users/emilpalikot/Research/AI-Recruiter/data/linkedin/htmls_2/abdul-haleem-a-685475139.html,,,
/Users/emilpalikot/Research/AI-Recruiter/data/linkedin/htmls_2/abdul-hannan-9801a5346.html,,,
/Users/emilpalikot/Research/AI-Recruiter/data/linkedin/htmls_2/abdul-wahab-897463278.html,,,
/Users/emilpalikot/Research/AI-Recruiter/data/linkedin/htmls_2/abdulaziz-kamara-issm-nsgs-rmf-a0a1082a0.html,,,
/Users/emilpalikot/Research/AI-Recruiter/data/linkedin/htmls_2/abdullah-jamil01.html,,,
/Users/emilpalikot/Research/AI-Recruiter/data/linkedin/htmls_2/abdullatifkhayat.html,,,
/Users/emilpalikot/Research/AI-Recruiter/data/linkedin/htmls_2/abdulmalik-abdulrosheed-51272a344.html,,,
/Users/emilpalikot/Research/AI-Recruiter/data/linkedin/htmls_2/abhay-chauhan-7529b4254.html,,,
/Users/emilpalikot/Research/AI-Recruiter/data/linkedin/htmls_2/abhi-abhi-451227241.html,,,
/Users/emilpalikot/Research/AI-Recruiter/data/linkedin/htmls_2/abhi-bachu.html,,,
/Users/emilpalikot/Research/AI-Recruiter/data/linkedin/htmls_2/abhijay-sharma-223683218.html,,,
/Users/emilpalikot/Research/AI-Recruiter/data/linkedin/htmls_2/abhinabak1998.html,,,
/Users/emilpalikot/Research/AI-Recruiter/data/linkedin/htmls_2/abhinav-bharath-228097259.html,,,
/Users/emilpalikot/Research/AI-Recruiter/data/linkedin/htmls_2/abhinav-kokkadan.html,,,
/Users/emilpalikot/Research/AI-Recruiter/data/linkedin/htmls_2/abhinay-pawar-42a380237.html,,,
/Users/emilpalikot/Research/AI-Recruiter/data/linkedin/htmls_2/abhipurnea.html,,,
/Users/emilpalikot/Research/AI-Recruiter/data/linkedin/htmls_2/abhishek-kumar-a67298217.html,,,
/Users/emilpalikot/Research/AI-Recruiter/data/linkedin/htmls_2/abhishek-mandilkar-30145a1ab.html,,,
/Users/emilpalikot/Research/AI-Recruiter/data/linkedin/htmls_2/abhishek-romade-18536b328.html,,,
/Users/emilpalikot/Research/AI-Recruiter/data/linkedin/htmls_2/abhishek-singh-982008b0.html,,,
/Users/emilpalikot/Research/AI-Recruiter/data/linkedin/htmls_2/abhyuday911.html,,,
/Users/emilpalikot/Research/AI-Recruiter/data/linkedin/htmls_2/abigalepfingsten.html,,,
/Users/emilpalikot/Research/AI-Recruiter/data/linkedin/htmls_2/abinaya-narayanan.html,,,
/Users/emilpalikot/Research/AI-Recruiter/data/linkedin/htmls_2/achraf-el-kouch-a43256258.html,Dirk TundermanDirk Tunderman,Dirk Tunderman,
/Users/emilpalikot/Research/AI-Recruiter/data/linkedin/htmls_2/adamvenord.html,,,
/Users/emilpalikot/Research/AI-Recruiter/data/linkedin/htmls_2/adarsh-rai-7876111a4.html,,,
/Users/emilpalikot/Research/AI-Recruiter/data/linkedin/htmls_2/adina-oros.html,,,
/Users/emilpalikot/Research/AI-Recruiter/data/linkedin/htmls_2/aditya-pol-4766012b0.html,,,
/Users/emilpalikot/Research/AI-Recruiter/data/linkedin/htmls_2/aditya-singh-4b2a46258.html,,,
/Users/emilpalikot/Research/AI-Recruiter/data/linkedin/htmls_2/adnan-kahveci-8404b2218.html,,,
/Users/emilpalikot/Research/AI-Recruiter/data/linkedin/htmls_2/adnnable.html,,,
/Users/emilpalikot/Research/AI-Recruiter/data/linkedin/htmls_2/afaf-nossier-53a968252.html,,,
/Users/emilpalikot/Research/AI-Recruiter/data/linkedin/htmls_2/afaq-arif45.html,,,
/Users/emilpalikot/Research/AI-Recruiter/data/linkedin/htmls_2/ahishree-rai-p-416772212.html,,,
/Users/emilpalikot/Research/AI-Recruiter/data/linkedin/htmls_2/ahmad-alsayed-3a08a51a2.html,,,
/Users/emilpalikot/Research/AI-Recruiter/data/linkedin/htmls_2/ahmadalbast.html,,,
/Users/emilpalikot/Research/AI-Recruiter/data/linkedin/htmls_2/ahmed-elshobaky-a57918283.html,,,
/Users/emilpalikot/Research/AI-Recruiter/data/linkedin/htmls_2/ahmed-ragab-9723581b8.html,,,
/Users/emilpalikot/Research/AI-Recruiter/data/linkedin/htmls_2/ahmed-salah-emam-08540a322.html,,,
/Users/emilpalikot/Research/AI-Recruiter/data/linkedin/htmls_2/ahmedgaafer.html,,,
/Users/emilpalikot/Research/AI-Recruiter/data/linkedin/htmls_2/ahsan-siddiq.html,,,
/Users/emilpalikot/Research/AI-Recruiter/data/linkedin/htmls_2/ahsanwarsi.html,New You Challenge (React Native)New You Challenge (React Native),ProjectsProjects,
/Users/emilpalikot/Research/AI-Recruiter/data/linkedin/htmls_2/aishwarya-katta-60a707326.html,Truist FinancialTruist Financial,ProjectsProjects,
/Users/emilpalikot/Research/AI-Recruiter/data/linkedin/htmls_2/ajayraj-a-r.html,,,
/Users/emilpalikot/Research/AI-Recruiter/data/linkedin/htmls_2/ajith-kv.html,Indian Ocean General Assurance (IOGA)Indian Ocean General Assurance (IOGA),ProjectsProjects,
/Users/emilpalikot/Research/AI-Recruiter/data/linkedin/htmls_2/akash-dasgupta-00140916a.html,,,
/Users/emilpalikot/Research/AI-Recruiter/data/linkedin/htmls_2/akash-gottiparthi.html,,,
/Users/emilpalikot/Research/AI-Recruiter/data/linkedin/htmls_2/akash-kumar-6a57641b7.html,,,
/Users/emilpalikot/Research/AI-Recruiter/data/linkedin/htmls_2/akash-selvaganesan-569b6b219.html,,,
/Users/emilpalikot/Research/AI-Recruiter/data/linkedin/htmls_2/akash-shrivastava-651835227.html,,,
/Users/emilpalikot/Research/AI-Recruiter/data/linkedin/htmls_2/akashkatiyar08.html,,,
/Users/emilpalikot/Research/AI-Recruiter/data/linkedin/htmls_2/akhila-gopisetty-93729133b.html,,,
/Users/emilpalikot/Research/AI-Recruiter/data/linkedin/htmls_2/akhilesh-pandey-370b621b2.html,,,
/Users/emilpalikot/Research/AI-Recruiter/data/linkedin/htmls_2/akkhilesh-r-p-716a63230.html,,,
/Users/emilpalikot/Research/AI-Recruiter/data/linkedin/htmls_2/akshat-raj-bharti-23385420b.html,,,
/Users/emilpalikot/Research/AI-Recruiter/data/linkedin/htmls_2/akshay-kadam-5206b0253.html,,,
/Users/emilpalikot/Research/AI-Recruiter/data/linkedin/htmls_2/akshayprataps.html,,,
/Users/emilpalikot/Research/AI-Recruiter/data/linkedin/htmls_2/al-hammad.html,,,
/Users/emilpalikot/Research/AI-Recruiter/data/linkedin/htmls_2/al-sultan-a10b551ab.html,,,
/Users/emilpalikot/Research/AI-Recruiter/data/linkedin/htmls_2/alberttran1.html,,,
/Users/emilpalikot/Research/AI-Recruiter/data/linkedin/htmls_2/alecejones.html,,,
/Users/emilpalikot/Research/AI-Recruiter/data/linkedin/htmls_2/alejandraelizabeth.html,,,
/Users/emilpalikot/Research/AI-Recruiter/data/linkedin/htmls_2/alejo-end.html,EcoBridgeEcoBridge,ProjectsProjects,
/Users/emilpalikot/Research/AI-Recruiter/data/linkedin/htmls_2/alexander-manns-788b9718b.html,,,
/Users/emilpalikot/Research/AI-Recruiter/data/linkedin/htmls_2/alexander-shemanskyi-b503b012b.html,,,
/Users/emilpalikot/Research/AI-Recruiter/data/linkedin/htmls_2/alexander-shemanskyi-b503b012b_AUTHWALL.html,,,
/Users/emilpalikot/Research/AI-Recruiter/data/linkedin/htmls_2/alexandra-kirsanova.html,,,
/Users/emilpalikot/Research/AI-Recruiter/data/linkedin/htmls_2/alexandria-roberts-57a3b8182.html,,,
/Users/emilpalikot/Research/AI-Recruiter/data/linkedin/htmls_2/alexgzhang92.html,,,
/Users/emilpalikot/Research/AI-Recruiter/data/linkedin/htmls_2/alfiya-siddiqui-71b8aa124.html,,,
/Users/emilpalikot/Research/AI-Recruiter/data/linkedin/htmls_2/alfredosalzillo.html,,,
/Users/emilpalikot/Research/AI-Recruiter/data/linkedin/htmls_2/ali-raza-saqib.html,,,
/Users/emilpalikot/Research/AI-Recruiter/data/linkedin/htmls_2/aliev-alekper-4492aa192.html,,,
/Users/emilpalikot/Research/AI-Recruiter/data/linkedin/htmls_2/alisha-muskaan-301508246.html,,,
/Users/emilpalikot/Research/AI-Recruiter/data/linkedin/htmls_2/almeidaphilipe.html,iNBOx Shoes - e-commerce plataforma Magento | WebsiteiNBOx Shoes - e-commerce plataforma Magento | Website,ProjectsProjects,
/Users/emilpalikot/Research/AI-Recruiter/data/linkedin/htmls_2/alvrich.html,,,
/Users/emilpalikot/Research/AI-Recruiter/data/linkedin/htmls_2/alyssa-g-woodruff.html,,,
/Users/emilpalikot/Research/AI-Recruiter/data/linkedin/htmls_2/aman-hardaha-399b52118.html,Services L.I.V.E.Services L.I.V.E.,ProjectsProjects,
/Users/emilpalikot/Research/AI-Recruiter/data/linkedin/htmls_2/amarnathdas11031990.html,,,
/Users/emilpalikot/Research/AI-Recruiter/data/linkedin/htmls_2/ameer-hamza-555243331.html,,,
/Users/emilpalikot/Research/AI-Recruiter/data/linkedin/htmls_2/amey-jadhav-6a677b28a.html,,,
/Users/emilpalikot/Research/AI-Recruiter/data/linkedin/htmls_2/ameyak17.html,,,
/Users/emilpalikot/Research/AI-Recruiter/data/linkedin/htmls_2/amiamitswe.html,,,
/Users/emilpalikot/Research/AI-Recruiter/data/linkedin/htmls_2/aminul007bd.html,,,
/Users/emilpalikot/Research/AI-Recruiter/data/linkedin/htmls_2/amit-durugkar.html,,,
/Users/emilpalikot/Research/AI-Recruiter/data/linkedin/htmls_2/amit-paltankar-a014781b9.html,,,
/Users/emilpalikot/Research/AI-Recruiter/data/linkedin/htmls_2/ampagowni-shashank-a7588a249.html,,,
/Users/emilpalikot/Research/AI-Recruiter/data/linkedin/htmls_2/amrees-ahmad-khan-33a8962a0.html,,,
/Users/emilpalikot/Research/AI-Recruiter/data/linkedin/htmls_2/amritesh-verma.html,ContilioContilio,ProjectsProjects,
/Users/emilpalikot/Research/AI-Recruiter/data/linkedin/htmls_2/ana-maria-bargau.html,,,
/Users/emilpalikot/Research/AI-Recruiter/data/linkedin/htmls_2/anand-khune-a399132aa.html,,,
/Users/emilpalikot/Research/AI-Recruiter/data/linkedin/htmls_2/anand-vardhan-singh-11552318b.html,,,
/Users/emilpalikot/Research/AI-Recruiter/data/linkedin/htmls_2/anas-alazmeh-9a97642a5.html,,,
/Users/emilpalikot/Research/AI-Recruiter/data/linkedin/htmls_2/andresmanotas.html,,,
/Users/emilpalikot/Research/AI-Recruiter/data/linkedin/htmls_2/andrii-semeniuk-32937933b.html,,,
/Users/emilpalikot/Research/AI-Recruiter/data/linkedin/htmls_2/angela-atanasova-angelova-31995a143.html,,,
/Users/emilpalikot/Research/AI-Recruiter/data/linkedin/htmls_2/anguyen118.html,,,
/Users/emilpalikot/Research/AI-Recruiter/data/linkedin/htmls_2/aniketsinha2002.html,Prospectra AI - Real-time insights from social-media chaos (PASSION PROJECT)Prospectra AI - Real-time insights from social-media chaos (PASSION PROJECT),ProjectsProjects,
/Users/emilpalikot/Research/AI-Recruiter/data/linkedin/htmls_2/anish-peshwe-89a562222.html,,,
/Users/emilpalikot/Research/AI-Recruiter/data/linkedin/htmls_2/anissabelkheir.html,TRIPTYK WebsiteTRIPTYK Website,ProjectsProjects,
/Users/emilpalikot/Research/AI-Recruiter/data/linkedin/htmls_2/anjum-aqeel-shah-49a049297.html,The masterThe master,ProjectsProjects,
/Users/emilpalikot/Research/AI-Recruiter/data/linkedin/htmls_2/ankammarao-kunchapu-85b52a196.html,,,
/Users/emilpalikot/Research/AI-Recruiter/data/linkedin/htmls_2/ankit-chaudhary-9035b5195.html,,,
/Users/emilpalikot/Research/AI-Recruiter/data/linkedin/htmls_2/ankit-kumar-9a78b91a0.html,,,
/Users/emilpalikot/Research/AI-Recruiter/data/linkedin/htmls_2/ankita-modak-9289331a8.html,,,
/Users/emilpalikot/Research/AI-Recruiter/data/linkedin/htmls_2/ankitakolekar27.html,,,
/Users/emilpalikot/Research/AI-Recruiter/data/linkedin/htmls_2/ankitray0308.html,,,
/Users/emilpalikot/Research/AI-Recruiter/data/linkedin/htmls_2/ankush14.html,,,
/Users/emilpalikot/Research/AI-Recruiter/data/linkedin/htmls_2/ankushkumar0007.html,Bark N BiteBark N Bite,ProjectsProjects,
/Users/emilpalikot/Research/AI-Recruiter/data/linkedin/htmls_2/anna-sokolova-.html,,,
/Users/emilpalikot/Research/AI-Recruiter/data/linkedin/htmls_2/anshika-.html,,,
/Users/emilpalikot/Research/AI-Recruiter/data/linkedin/htmls_2/anshika-chauhan-9a9183237.html,,,
/Users/emilpalikot/Research/AI-Recruiter/data/linkedin/htmls_2/anthony-thomas-6b8843345.html,,,
/Users/emilpalikot/Research/AI-Recruiter/data/linkedin/htmls_2/anton--byshok.html,,,
/Users/emilpalikot/Research/AI-Recruiter/data/linkedin/htmls_2/anuragdeol.html,,,
/Users/emilpalikot/Research/AI-Recruiter/data/linkedin/htmls_2/anusha-sanchi-2561552a4.html,,,
/Users/emilpalikot/Research/AI-Recruiter/data/linkedin/htmls_2/anusha-tuladhar.html,,,
/Users/emilpalikot/Research/AI-Recruiter/data/linkedin/htmls_2/anushka-jindal.html,,,
/Users/emilpalikot/Research/AI-Recruiter/data/linkedin/htmls_2/anvarbekziyodov.html,,,
/Users/emilpalikot/Research/AI-Recruiter/data/linkedin/htmls_2/aparna-bathula.html,,,
/Users/emilpalikot/Research/AI-Recruiter/data/linkedin/htmls_2/aparna-manjalavil-19939326b.html,,,
/Users/emilpalikot/Research/AI-Recruiter/data/linkedin/htmls_2/apexa-bhanderi-59a2a01b3.html,,,
/Users/emilpalikot/Research/AI-Recruiter/data/linkedin/htmls_2/arati-talekar-320a9b179.html,,,
/Users/emilpalikot/Research/AI-Recruiter/data/linkedin/htmls_2/aref-adnane.html,,,
/Users/emilpalikot/Research/AI-Recruiter/data/linkedin/htmls_2/arthur-martin-868521252.html,,,
/Users/emilpalikot/Research/AI-Recruiter/data/linkedin/htmls_2/arun-kumar-a79579210.html,,,
/Users/emilpalikot/Research/AI-Recruiter/data/linkedin/htmls_2/arvinnikzad.html,,,
/Users/emilpalikot/Research/AI-Recruiter/data/linkedin/htmls_2/arya-baranwal-b1774424b.html,,,
/Users/emilpalikot/Research/AI-Recruiter/data/linkedin/htmls_2/arya-chittappurath.html,,,
/Users/emilpalikot/Research/AI-Recruiter/data/linkedin/htmls_2/aryan-pundir.html,,,
/Users/emilpalikot/Research/AI-Recruiter/data/linkedin/htmls_2/aryangupta0.html,,,
/Users/emilpalikot/Research/AI-Recruiter/data/linkedin/htmls_2/asabeneh.html,The masterThe master,ProjectsProjects,
/Users/emilpalikot/Research/AI-Recruiter/data/linkedin/htmls_2/asandile-nkala-37b635256.html,,,
/Users/emilpalikot/Research/AI-Recruiter/data/linkedin/htmls_2/ashishbahar.html,,,
/Users/emilpalikot/Research/AI-Recruiter/data/linkedin/htmls_2/ashishkumaryadav708494.html,,,
/Users/emilpalikot/Research/AI-Recruiter/data/linkedin/htmls_2/ashok-nautiyal-9b4932252.html,,,
/Users/emilpalikot/Research/AI-Recruiter/data/linkedin/htmls_2/ashraf-diab.html,F&D Engineering WebsiteF&D Engineering Website,ProjectsProjects,
/Users/emilpalikot/Research/AI-Recruiter/data/linkedin/htmls_2/ashwanth-t-s-111269323.html,,,
/Users/emilpalikot/Research/AI-Recruiter/data/linkedin/htmls_2/ashwinikashyap.html,,,
/Users/emilpalikot/Research/AI-Recruiter/data/linkedin/htmls_2/asif-ali-khoso-253967219.html,,,
/Users/emilpalikot/Research/AI-Recruiter/data/linkedin/htmls_2/asthanema.html,,,
/Users/emilpalikot/Research/AI-Recruiter/data/linkedin/htmls_2/atelesjr.html,IBM Internal Account (RM&W)IBM Internal Account (RM&W),ProjectsProjects,
/Users/emilpalikot/Research/AI-Recruiter/data/linkedin/htmls_2/aung-pyae-sone.html,,,
/Users/emilpalikot/Research/AI-Recruiter/data/linkedin/htmls_2/avularohith.html,,,
/Users/emilpalikot/Research/AI-Recruiter/data/linkedin/htmls_2/ayaz-khan-8188a9204.html,,,
/Users/emilpalikot/Research/AI-Recruiter/data/linkedin/htmls_2/aysepalut.html,,,
/Users/emilpalikot/Research/AI-Recruiter/data/linkedin/htmls_2/ayush-kumar-946138223.html,,,
/Users/emilpalikot/Research/AI-Recruiter/data/linkedin/htmls_2/ayush-raj74.html,,,
/Users/emilpalikot/Research/AI-Recruiter/data/linkedin/htmls_2/ayush-shukla-453760221.html,,,
/Users/emilpalikot/Research/AI-Recruiter/data/linkedin/htmls_2/ayush-singh-a577522b6.html,,,
/Users/emilpalikot/Research/AI-Recruiter/data/linkedin/htmls_2/ayush-srivastava-368060233.html,,,
/Users/emilpalikot/Research/AI-Recruiter/data/linkedin/htmls_2/ayushhthakur.html,,,
/Users/emilpalikot/Research/AI-Recruiter/data/linkedin/htmls_2/ayushshrestha627890.html,,,
/Users/emilpalikot/Research/AI-Recruiter/data/linkedin/htmls_2/azka-amjad-4aa916136.html,,,
/Users/emilpalikot/Research/AI-Recruiter/data/linkedin/htmls_2/azruddin-shaikh-461490256.html,,,
/Users/emilpalikot/Research/AI-Recruiter/data/linkedin/htmls_2/bajram-vehapi-6895a132a.html,,,
/Users/emilpalikot/Research/AI-Recruiter/data/linkedin/htmls_2/bakkamunthala-sumanth-9b823a309.html,,,
/Users/emilpalikot/Research/AI-Recruiter/data/linkedin/htmls_2/bala-ch.html,,,
/Users/emilpalikot/Research/AI-Recruiter/data/linkedin/htmls_2/balaji-admane-dem1.html,,,
/Users/emilpalikot/Research/AI-Recruiter/data/linkedin/htmls_2/bartolomeus-delphito.html,eParts Product Information Management SystemeParts Product Information Management System,ProjectsProjects,
/Users/emilpalikot/Research/AI-Recruiter/data/linkedin/htmls_2/bathulaprakash.html,,,
/Users/emilpalikot/Research/AI-Recruiter/data/linkedin/htmls_2/benard-maina-4aa9ba2b3.html,,,
/Users/emilpalikot/Research/AI-Recruiter/data/linkedin/htmls_2/beverly-mateo-426b58219.html,,,
/Users/emilpalikot/Research/AI-Recruiter/data/linkedin/htmls_2/bhagya-srinivasu-aripaka-475274263.html,,,
/Users/emilpalikot/Research/AI-Recruiter/data/linkedin/htmls_2/bhakti-mehta-ui.html,,,
/Users/emilpalikot/Research/AI-Recruiter/data/linkedin/htmls_2/bhanu-prakash-792a99349.html,,,
/Users/emilpalikot/Research/AI-Recruiter/data/linkedin/htmls_2/bharat-sharma-891736214.html,,,
/Users/emilpalikot/Research/AI-Recruiter/data/linkedin/htmls_2/bharathi-bosigari-bb349b216.html,,,
/Users/emilpalikot/Research/AI-Recruiter/data/linkedin/htmls_2/bharathikannan-r.html,,,
/Users/emilpalikot/Research/AI-Recruiter/data/linkedin/htmls_2/bhaskar-praveen.html,,,
/Users/emilpalikot/Research/AI-Recruiter/data/linkedin/htmls_2/bhavya-lakshmi-ms.html,,,
/Users/emilpalikot/Research/AI-Recruiter/data/linkedin/htmls_2/bhuvanesh-kopparapu-0b51a4280.html,,,
/Users/emilpalikot/Research/AI-Recruiter/data/linkedin/htmls_2/bilalkhan1071.html,,,
/Users/emilpalikot/Research/AI-Recruiter/data/linkedin/htmls_2/biplab-mandal-778985271.html,,,
/Users/emilpalikot/Research/AI-Recruiter/data/linkedin/htmls_2/bogomil-vasilev-375a0b301.html,,,
/Users/emilpalikot/Research/AI-Recruiter/data/linkedin/htmls_2/bradfordmance.html,,,
/Users/emilpalikot/Research/AI-Recruiter/data/linkedin/htmls_2/braggi-bozzeta-navarro-90b68816b.html,,,
/Users/emilpalikot/Research/AI-Recruiter/data/linkedin/htmls_2/brennan-mckinney-4a658b31b.html,,,
/Users/emilpalikot/Research/AI-Recruiter/data/linkedin/htmls_2/brenton-beltrami.html,,,
/Users/emilpalikot/Research/AI-Recruiter/data/linkedin/htmls_2/briangh.html,,,
/Users/emilpalikot/Research/AI-Recruiter/data/linkedin/htmls_2/brunaflor.html,,,
/Users/emilpalikot/Research/AI-Recruiter/data/linkedin/htmls_2/bryan-donfack-a3038a200.html,,,
/Users/emilpalikot/Research/AI-Recruiter/data/linkedin/htmls_2/bryan-gordon-9ab303220.html,The masterThe master,ProjectsProjects,
/Users/emilpalikot/Research/AI-Recruiter/data/linkedin/htmls_2/bryanyoo5433.html,,,
/Users/emilpalikot/Research/AI-Recruiter/data/linkedin/htmls_2/cagri-yardimci-92673a30.html,,,
/Users/emilpalikot/Research/AI-Recruiter/data/linkedin/htmls_2/carlo-boffetti-0b45a9261.html,,,
/Users/emilpalikot/Research/AI-Recruiter/data/linkedin/htmls_2/carlosperezcruz.html,,,
/Users/emilpalikot/Research/AI-Recruiter/data/linkedin/htmls_2/casey-mwangi-802006214.html,,,
/Users/emilpalikot/Research/AI-Recruiter/data/linkedin/htmls_2/chalumuri-parvathi-097b6b232.html,,,
/Users/emilpalikot/Research/AI-Recruiter/data/linkedin/htmls_2/chandini-kondinolu-972601209.html,,,
/Users/emilpalikot/Research/AI-Recruiter/data/linkedin/htmls_2/chandra-sinha21.html,,,
/Users/emilpalikot/Research/AI-Recruiter/data/linkedin/htmls_2/charan-ev-.html,,,
/Users/emilpalikot/Research/AI-Recruiter/data/linkedin/htmls_2/charbel-karam-45bb63112.html,,,
/Users/emilpalikot/Research/AI-Recruiter/data/linkedin/htmls_2/charbel-nohra04.html,,,
/Users/emilpalikot/Research/AI-Recruiter/data/linkedin/htmls_2/chauhan-himanshu-b128b2308.html,,,
/Users/emilpalikot/Research/AI-Recruiter/data/linkedin/htmls_2/chazno.html,,,
/Users/emilpalikot/Research/AI-Recruiter/data/linkedin/htmls_2/chibykes-dev.html,The masterThe master,ProjectsProjects,
/Users/emilpalikot/Research/AI-Recruiter/data/linkedin/htmls_2/chidera-chukwuka.html,,,
/Users/emilpalikot/Research/AI-Recruiter/data/linkedin/htmls_2/chioma-ugwuodo-940900217.html,,,
/Users/emilpalikot/Research/AI-Recruiter/data/linkedin/htmls_2/chirag-singh-programmer.html,,,
/Users/emilpalikot/Research/AI-Recruiter/data/linkedin/htmls_2/chris-fleming-732b94348.html,,,
/Users/emilpalikot/Research/AI-Recruiter/data/linkedin/htmls_2/christian-stevens-34367110b.html,,,
/Users/emilpalikot/Research/AI-Recruiter/data/linkedin/htmls_2/chulijimmi.html,,,
/Users/emilpalikot/Research/AI-Recruiter/data/linkedin/htmls_2/cl118.html,,,
/Users/emilpalikot/Research/AI-Recruiter/data/linkedin/htmls_2/clucasalcantara.html,,,
/Users/emilpalikot/Research/AI-Recruiter/data/linkedin/htmls_2/contact-ajay.html,,,
/Users/emilpalikot/Research/AI-Recruiter/data/linkedin/htmls_2/cristian021195.html,,,
/Users/emilpalikot/Research/AI-Recruiter/data/linkedin/htmls_2/csiscomartinez.html,,,
/Users/emilpalikot/Research/AI-Recruiter/data/linkedin/htmls_2/dan-basinski-69a45a79.html,,,
/Users/emilpalikot/Research/AI-Recruiter/data/linkedin/htmls_2/dandayya-babu-pepakayala.html,,,
/Users/emilpalikot/Research/AI-Recruiter/data/linkedin/htmls_2/daniel-chibuogwu.html,,,
/Users/emilpalikot/Research/AI-Recruiter/data/linkedin/htmls_2/daniel-njoroge-942686317.html,,,
/Users/emilpalikot/Research/AI-Recruiter/data/linkedin/htmls_2/daniel-oladapo-2b19682a3.html,,,
/Users/emilpalikot/Research/AI-Recruiter/data/linkedin/htmls_2/daniel-otoo-bb6370160.html,,,
/Users/emilpalikot/Research/AI-Recruiter/data/linkedin/htmls_2/danieldaddi.html,,,
/Users/emilpalikot/Research/AI-Recruiter/data/linkedin/htmls_2/danieljpost.html,,,
/Users/emilpalikot/Research/AI-Recruiter/data/linkedin/htmls_2/danylo-proskurovskyi-633174348.html,,,
/Users/emilpalikot/Research/AI-Recruiter/data/linkedin/htmls_2/daramola-samuel-2aa5772b7.html,,,
/Users/emilpalikot/Research/AI-Recruiter/data/linkedin/htmls_2/darsha-naik-163685203.html,,,
/Users/emilpalikot/Research/AI-Recruiter/data/linkedin/htmls_2/dashawn-scurry.html,,,
/Users/emilpalikot/Research/AI-Recruiter/data/linkedin/htmls_2/david-candelaria-frontend-engineer.html,,,
/Users/emilpalikot/Research/AI-Recruiter/data/linkedin/htmls_2/david-henao-bustamante.html,,,
/Users/emilpalikot/Research/AI-Recruiter/data/linkedin/htmls_2/david-torres-a9095353.html,,,
/Users/emilpalikot/Research/AI-Recruiter/data/linkedin/htmls_2/debasish-chandra20.html,,,
/Users/emilpalikot/Research/AI-Recruiter/data/linkedin/htmls_2/deekshitha-sabavath-1290212a9.html,,,
/Users/emilpalikot/Research/AI-Recruiter/data/linkedin/htmls_2/deekshithar.html,,,
/Users/emilpalikot/Research/AI-Recruiter/data/linkedin/htmls_2/deepak-maurya112.html,,,
/Users/emilpalikot/Research/AI-Recruiter/data/linkedin/htmls_2/deepaktr20.html,,,
/Users/emilpalikot/Research/AI-Recruiter/data/linkedin/htmls_2/deepanshraj-12d03.html,,,
/Users/emilpalikot/Research/AI-Recruiter/data/linkedin/htmls_2/dejan-durlevic-37a75a274.html,,,
/Users/emilpalikot/Research/AI-Recruiter/data/linkedin/htmls_2/den-kostenevich.html,,,
/Users/emilpalikot/Research/AI-Recruiter/data/linkedin/htmls_2/deni-ths.html,,,
/Users/emilpalikot/Research/AI-Recruiter/data/linkedin/htmls_2/derick-allen-460877346.html,,,
/Users/emilpalikot/Research/AI-Recruiter/data/linkedin/htmls_2/desiree-fernandes-7080b8246.html,,,
/Users/emilpalikot/Research/AI-Recruiter/data/linkedin/htmls_2/desmond-adenola.html,,,
/Users/emilpalikot/Research/AI-Recruiter/data/linkedin/htmls_2/dev-raghav-somani.html,AI Based Railway Reservation SystemAI Based Railway Reservation System,ProjectsProjects,
/Users/emilpalikot/Research/AI-Recruiter/data/linkedin/htmls_2/devashishpandey1407.html,,,
/Users/emilpalikot/Research/AI-Recruiter/data/linkedin/htmls_2/developervinit.html,,,
/Users/emilpalikot/Research/AI-Recruiter/data/linkedin/htmls_2/devin-leonard-719528345.html,,,
/Users/emilpalikot/Research/AI-Recruiter/data/linkedin/htmls_2/devnandan-yadav-2211301b0.html,Avishkar tech solutionsAvishkar tech solutions,OrganizationsOrganizations,
/Users/emilpalikot/Research/AI-Recruiter/data/linkedin/htmls_2/devpaulodvo.html,,,
/Users/emilpalikot/Research/AI-Recruiter/data/linkedin/htmls_2/devyn-q.html,,,
/Users/emilpalikot/Research/AI-Recruiter/data/linkedin/htmls_2/dgtlmonk.html,,,
/Users/emilpalikot/Research/AI-Recruiter/data/linkedin/htmls_2/dhameemanzaari.html,,,
/Users/emilpalikot/Research/AI-Recruiter/data/linkedin/htmls_2/dhruvikn.html,Cue ScoreboardCue Scoreboard,ProjectsProjects,
/Users/emilpalikot/Research/AI-Recruiter/data/linkedin/htmls_2/diana-araceli-murillo-condori-98b3651aa.html,,,
/Users/emilpalikot/Research/AI-Recruiter/data/linkedin/htmls_2/dibyakanta-barik-658b51211.html,,,
/Users/emilpalikot/Research/AI-Recruiter/data/linkedin/htmls_2/digambar-sanas-a14643321.html,,,
/Users/emilpalikot/Research/AI-Recruiter/data/linkedin/htmls_2/dilipkumarjakhar.html,,,
/Users/emilpalikot/Research/AI-Recruiter/data/linkedin/htmls_2/dimitri-kokhtashvili-6a816a297.html,My-Portfoglio websiteMy-Portfoglio website,ProjectsProjects,
/Users/emilpalikot/Research/AI-Recruiter/data/linkedin/htmls_2/div-the-dev.html,,,
/Users/emilpalikot/Research/AI-Recruiter/data/linkedin/htmls_2/divya-bhavar-56a33624a.html,,,
/Users/emilpalikot/Research/AI-Recruiter/data/linkedin/htmls_2/divya-mariya-raphy-489b2817b.html,"RX Renewal, Walgreens USARX Renewal, Walgreens USA",ProjectsProjects,
/Users/emilpalikot/Research/AI-Recruiter/data/linkedin/htmls_2/divya-srivastava-2a956799.html,,,
/Users/emilpalikot/Research/AI-Recruiter/data/linkedin/htmls_2/divyashree-nadiger-07507b73.html,,,
/Users/emilpalikot/Research/AI-Recruiter/data/linkedin/htmls_2/divyasree-nagarajupalli.html,,,
/Users/emilpalikot/Research/AI-Recruiter/data/linkedin/htmls_2/dktesuyogpatil.html,,,
/Users/emilpalikot/Research/AI-Recruiter/data/linkedin/htmls_2/dmytro-manaienko-39a812215.html,,,
/Users/emilpalikot/Research/AI-Recruiter/data/linkedin/htmls_2/dmytro-stoianov.html,,,
/Users/emilpalikot/Research/AI-Recruiter/data/linkedin/htmls_2/dominik-h-380153128.html,,,
/Users/emilpalikot/Research/AI-Recruiter/data/linkedin/htmls_2/douglas-c-flair.html,,,
/Users/emilpalikot/Research/AI-Recruiter/data/linkedin/htmls_2/douglas-camargo-4858a5178.html,,,
/Users/emilpalikot/Research/AI-Recruiter/data/linkedin/htmls_2/drakshi-chopra.html,,,
/Users/emilpalikot/Research/AI-Recruiter/data/linkedin/htmls_2/duvvala-bhavani-6a5815200.html,,,
/Users/emilpalikot/Research/AI-Recruiter/data/linkedin/htmls_2/dvs-chaitanya.html,Foam Concrete for Paving TechnologyFoam Concrete for Paving Technology,ProjectsProjects,
/Users/emilpalikot/Research/AI-Recruiter/data/linkedin/htmls_2/dyaneswaran-namasivayam.html,,,
/Users/emilpalikot/Research/AI-Recruiter/data/linkedin/htmls_2/dzunicuthberts.html,,,
/Users/emilpalikot/Research/AI-Recruiter/data/linkedin/htmls_2/eamonndh.html,,,
/Users/emilpalikot/Research/AI-Recruiter/data/linkedin/htmls_2/eddy-patrick.html,,,
/Users/emilpalikot/Research/AI-Recruiter/data/linkedin/htmls_2/edgar.html,,,
/Users/emilpalikot/Research/AI-Recruiter/data/linkedin/htmls_2/edmundoalvarez.html,PDS WebPDS Web,ProjectsProjects,
/Users/emilpalikot/Research/AI-Recruiter/data/linkedin/htmls_2/edri-villagr%C3%A1n-98a747340.html,,,
/Users/emilpalikot/Research/AI-Recruiter/data/linkedin/htmls_2/eighton-lee-antonio-paulse-502b96275.html,The masterThe master,ProjectsProjects,
/Users/emilpalikot/Research/AI-Recruiter/data/linkedin/htmls_2/eiske.html,,,
/Users/emilpalikot/Research/AI-Recruiter/data/linkedin/htmls_2/ekta-indo.html,,,
/Users/emilpalikot/Research/AI-Recruiter/data/linkedin/htmls_2/elah-lee-dekel-bb5878b5.html,,,
/Users/emilpalikot/Research/AI-Recruiter/data/linkedin/htmls_2/elinorsou.html,AI Low Code PlatformAI Low Code Platform,ProjectsProjects,
/Users/emilpalikot/Research/AI-Recruiter/data/linkedin/htmls_2/elmirmammadli.html,Ecomail | Email and omni-channel marketing platformEcomail | Email and omni-channel marketing platform,ProjectsProjects,
/Users/emilpalikot/Research/AI-Recruiter/data/linkedin/htmls_2/elrich-chen-188702304.html,,,
/Users/emilpalikot/Research/AI-Recruiter/data/linkedin/htmls_2/elyaplace.html,,,
/Users/emilpalikot/Research/AI-Recruiter/data/linkedin/htmls_2/emiliadrm.html,,,
/Users/emilpalikot/Research/AI-Recruiter/data/linkedin/htmls_2/emmanouil-smyrnakis.html,,,
/Users/emilpalikot/Research/AI-Recruiter/data/linkedin/htmls_2/enio-nava.html,,,
/Users/emilpalikot/Research/AI-Recruiter/data/linkedin/htmls_2/ephraim-ramdinthara-7b9266291.html,,,
/Users/emilpalikot/Research/AI-Recruiter/data/linkedin/htmls_2/er-pooja-sharma.html,Bench AccountingBench Accounting,OrganizationsOrganizations,
/Users/emilpalikot/Research/AI-Recruiter/data/linkedin/htmls_2/er-sana-khan.html,,,
/Users/emilpalikot/Research/AI-Recruiter/data/linkedin/htmls_2/ericlombo.html,,,
/Users/emilpalikot/Research/AI-Recruiter/data/linkedin/htmls_2/ericwtech.html,,,
/Users/emilpalikot/Research/AI-Recruiter/data/linkedin/htmls_2/erik-nilsson-571957253.html,,,
/Users/emilpalikot/Research/AI-Recruiter/data/linkedin/htmls_2/esraa-saied-4655a411b.html,,,
/Users/emilpalikot/Research/AI-Recruiter/data/linkedin/htmls_2/essam-konafa-589310286.html,,,
/Users/emilpalikot/Research/AI-Recruiter/data/linkedin/htmls_2/everett-white.html,,,
/Users/emilpalikot/Research/AI-Recruiter/data/linkedin/htmls_2/evgeniia-kalinichenko.html,,,
/Users/emilpalikot/Research/AI-Recruiter/data/linkedin/htmls_2/fahad-zakir.html,,,
/Users/emilpalikot/Research/AI-Recruiter/data/linkedin/htmls_2/faisal-ahmed-7ba310246.html,,,
/Users/emilpalikot/Research/AI-Recruiter/data/linkedin/htmls_2/faisol-bello-b16940159.html,,,
/Users/emilpalikot/Research/AI-Recruiter/data/linkedin/htmls_2/faizan-kazmi.html,,,
/Users/emilpalikot/Research/AI-Recruiter/data/linkedin/htmls_2/falinezhao.html,,,
/Users/emilpalikot/Research/AI-Recruiter/data/linkedin/htmls_2/farid-jalil-lora-66a882266.html,,,
/Users/emilpalikot/Research/AI-Recruiter/data/linkedin/htmls_2/faruq-kureshi-1273b1183.html,,,
/Users/emilpalikot/Research/AI-Recruiter/data/linkedin/htmls_2/fatema-khanom-53a44a256.html,,,
/Users/emilpalikot/Research/AI-Recruiter/data/linkedin/htmls_2/fatemeh-web-dev.html,,,
/Users/emilpalikot/Research/AI-Recruiter/data/linkedin/htmls_2/fathima-desai-7b0460241.html,,,
/Users/emilpalikot/Research/AI-Recruiter/data/linkedin/htmls_2/fathy-abdellah-972437341.html,,,
/Users/emilpalikot/Research/AI-Recruiter/data/linkedin/htmls_2/fayzanbhatti.html,,,
/Users/emilpalikot/Research/AI-Recruiter/data/linkedin/htmls_2/fecoded.html,The masterThe master,ProjectsProjects,
/Users/emilpalikot/Research/AI-Recruiter/data/linkedin/htmls_2/femi-ajao-85171b31.html,,,
/Users/emilpalikot/Research/AI-Recruiter/data/linkedin/htmls_2/fernando-thomas-villanueva-sanchez-01b089229.html,,,
/Users/emilpalikot/Research/AI-Recruiter/data/linkedin/htmls_2/fhage-tigley.html,,,
/Users/emilpalikot/Research/AI-Recruiter/data/linkedin/htmls_2/fiorentino-aurelio-putra-8723472ab.html,,,
/Users/emilpalikot/Research/AI-Recruiter/data/linkedin/htmls_2/fishstix.html,The masterThe master,ProjectsProjects,
/Users/emilpalikot/Research/AI-Recruiter/data/linkedin/htmls_2/fpalacios10.html,The masterThe master,ProjectsProjects,
/Users/emilpalikot/Research/AI-Recruiter/data/linkedin/htmls_2/fredi16.html,,,
/Users/emilpalikot/Research/AI-Recruiter/data/linkedin/htmls_2/frontenddeveloper-supratip.html,,,
/Users/emilpalikot/Research/AI-Recruiter/data/linkedin/htmls_2/gabriel-de-sousa-carvalho.html,,,
/Users/emilpalikot/Research/AI-Recruiter/data/linkedin/htmls_2/galiaberkovich-264148213.html,,,
/Users/emilpalikot/Research/AI-Recruiter/data/linkedin/htmls_2/ganesh-chavan-44a920325.html,,,
/Users/emilpalikot/Research/AI-Recruiter/data/linkedin/htmls_2/ganji-vasu-547945b2.html,,,
/Users/emilpalikot/Research/AI-Recruiter/data/linkedin/htmls_2/gargi-sharma-3231181a0.html,,,
/Users/emilpalikot/Research/AI-Recruiter/data/linkedin/htmls_2/gaurav-raj9.html,,,
/Users/emilpalikot/Research/AI-Recruiter/data/linkedin/htmls_2/gaurav-vairalkar.html,,,
/Users/emilpalikot/Research/AI-Recruiter/data/linkedin/htmls_2/gdharmik9.html,,,
/Users/emilpalikot/Research/AI-Recruiter/data/linkedin/htmls_2/gentrit-hoti-681278346.html,,,
/Users/emilpalikot/Research/AI-Recruiter/data/linkedin/htmls_2/george-boktor.html,Controller app for autonomous RC carController app for autonomous RC car,ProjectsProjects,
/Users/emilpalikot/Research/AI-Recruiter/data/linkedin/htmls_2/george-yakubu-0a52a8176.html,,,
/Users/emilpalikot/Research/AI-Recruiter/data/linkedin/htmls_2/gergarsal.html,,,
/Users/emilpalikot/Research/AI-Recruiter/data/linkedin/htmls_2/german-tagliaferri-241b1838.html,,,
/Users/emilpalikot/Research/AI-Recruiter/data/linkedin/htmls_2/giorgi-shavtvalishvili.html,Trust Generative AITrust Generative AI,ProjectsProjects,
/Users/emilpalikot/Research/AI-Recruiter/data/linkedin/htmls_2/gonçalo-torres-61065a23b.html,,,
/Users/emilpalikot/Research/AI-Recruiter/data/linkedin/htmls_2/gothanda-raman-261513274.html,,,
/Users/emilpalikot/Research/AI-Recruiter/data/linkedin/htmls_2/gourav-pavankar-4b145a29a.html,,,
/Users/emilpalikot/Research/AI-Recruiter/data/linkedin/htmls_2/gouravpandey09.html,,,
/Users/emilpalikot/Research/AI-Recruiter/data/linkedin/htmls_2/gouse-basha-611501323.html,,,
/Users/emilpalikot/Research/AI-Recruiter/data/linkedin/htmls_2/govind-vishwakarma-2157a7258.html,,,
/Users/emilpalikot/Research/AI-Recruiter/data/linkedin/htmls_2/gregory-reeves3.html,,,
/Users/emilpalikot/Research/AI-Recruiter/data/linkedin/htmls_2/grishon-nganga.html,,,
/Users/emilpalikot/Research/AI-Recruiter/data/linkedin/htmls_2/gupta98.html,,,
/Users/emilpalikot/Research/AI-Recruiter/data/linkedin/htmls_2/gustavo-beltran-711795342.html,,,
/Users/emilpalikot/Research/AI-Recruiter/data/linkedin/htmls_2/habib-qureshi.html,,,
/Users/emilpalikot/Research/AI-Recruiter/data/linkedin/htmls_2/hafiz-azan-8145042aa.html,,,
/Users/emilpalikot/Research/AI-Recruiter/data/linkedin/htmls_2/hamda-mohammed-78623b232.html,,,
/Users/emilpalikot/Research/AI-Recruiter/data/linkedin/htmls_2/hammam-aljbour-1126ab347.html,,,
/Users/emilpalikot/Research/AI-Recruiter/data/linkedin/htmls_2/hana-v.html,The masterThe master,ProjectsProjects,
/Users/emilpalikot/Research/AI-Recruiter/data/linkedin/htmls_2/hanna-yurkevich.html,,,
/Users/emilpalikot/Research/AI-Recruiter/data/linkedin/htmls_2/hanzala-darahi-6655ba327.html,,,
/Users/emilpalikot/Research/AI-Recruiter/data/linkedin/htmls_2/harbir-singh.html,,,
/Users/emilpalikot/Research/AI-Recruiter/data/linkedin/htmls_2/hari-hara-manibalan-s-585157215.html,,,
/Users/emilpalikot/Research/AI-Recruiter/data/linkedin/htmls_2/hariharan34.html,,,
/Users/emilpalikot/Research/AI-Recruiter/data/linkedin/htmls_2/harini-n-883b72255.html,,,
/Users/emilpalikot/Research/AI-Recruiter/data/linkedin/htmls_2/harish-g-83b14a235.html,,,
/Users/emilpalikot/Research/AI-Recruiter/data/linkedin/htmls_2/harn1sh.html,,,
/Users/emilpalikot/Research/AI-Recruiter/data/linkedin/htmls_2/harsh-singh-ba0803206.html,,,
/Users/emilpalikot/Research/AI-Recruiter/data/linkedin/htmls_2/harshalpohare.html,,,
/Users/emilpalikot/Research/AI-Recruiter/data/linkedin/htmls_2/harshgaur0709.html,,,
/Users/emilpalikot/Research/AI-Recruiter/data/linkedin/htmls_2/harshita-singh-492b36227.html,,,
/Users/emilpalikot/Research/AI-Recruiter/data/linkedin/htmls_2/harshitha-velumakanne-29b46720b.html,,,
/Users/emilpalikot/Research/AI-Recruiter/data/linkedin/htmls_2/hasan-k-017734212.html,,,
/Users/emilpalikot/Research/AI-Recruiter/data/linkedin/htmls_2/hassan-abdulhamid-853921340.html,,,
/Users/emilpalikot/Research/AI-Recruiter/data/linkedin/htmls_2/hassan-khalid-ba3483348.html,,,
/Users/emilpalikot/Research/AI-Recruiter/data/linkedin/htmls_2/hassanabdullahfullstackdev.html,,,
/Users/emilpalikot/Research/AI-Recruiter/data/linkedin/htmls_2/hatim-patanwala.html,,,
/Users/emilpalikot/Research/AI-Recruiter/data/linkedin/htmls_2/hema-maneedi-9015aa251.html,,,
/Users/emilpalikot/Research/AI-Recruiter/data/linkedin/htmls_2/hemal-joshi.html,,,
/Users/emilpalikot/Research/AI-Recruiter/data/linkedin/htmls_2/hemalatha-s-fullstackdeveloper.html,,,
/Users/emilpalikot/Research/AI-Recruiter/data/linkedin/htmls_2/henry-dearn-94ab91191.html,,,
/Users/emilpalikot/Research/AI-Recruiter/data/linkedin/htmls_2/henry-enamorado-b0227a1ba.html,,,
/Users/emilpalikot/Research/AI-Recruiter/data/linkedin/htmls_2/hermandev.html,,,
/Users/emilpalikot/Research/AI-Recruiter/data/linkedin/htmls_2/hhssnn.html,,,
/Users/emilpalikot/Research/AI-Recruiter/data/linkedin/htmls_2/hiba-youssef-baa716262.html,,,
/Users/emilpalikot/Research/AI-Recruiter/data/linkedin/htmls_2/hinacarlo.html,,,
/Users/emilpalikot/Research/AI-Recruiter/data/linkedin/htmls_2/hitanshu-shah-21272017a.html,,,
/Users/emilpalikot/Research/AI-Recruiter/data/linkedin/htmls_2/hossein-developer.html,,,
/Users/emilpalikot/Research/AI-Recruiter/data/linkedin/htmls_2/huseyinsaritas.html,,,
/Users/emilpalikot/Research/AI-Recruiter/data/linkedin/htmls_2/i-am-sujeet.html,,,
/Users/emilpalikot/Research/AI-Recruiter/data/linkedin/htmls_2/i-am-udit.html,,,
/Users/emilpalikot/Research/AI-Recruiter/data/linkedin/htmls_2/iamarshadul.html,,,
/Users/emilpalikot/Research/AI-Recruiter/data/linkedin/htmls_2/iasylbek.html,,,
/Users/emilpalikot/Research/AI-Recruiter/data/linkedin/htmls_2/idris-babalola-171918223.html,,,
/Users/emilpalikot/Research/AI-Recruiter/data/linkedin/htmls_2/iediong.html,,,
/Users/emilpalikot/Research/AI-Recruiter/data/linkedin/htmls_2/ifeanyi-okoye-31477923b.html,,,
/Users/emilpalikot/Research/AI-Recruiter/data/linkedin/htmls_2/ikenna-richard.html,,,
/Users/emilpalikot/Research/AI-Recruiter/data/linkedin/htmls_2/iman-fatima-811905266.html,,,
/Users/emilpalikot/Research/AI-Recruiter/data/linkedin/htmls_2/imrajashish.html,,,
/Users/emilpalikot/Research/AI-Recruiter/data/linkedin/htmls_2/indimeco.html,,,
/Users/emilpalikot/Research/AI-Recruiter/data/linkedin/htmls_2/instasif.html,,,
/Users/emilpalikot/Research/AI-Recruiter/data/linkedin/htmls_2/ir-aninda.html,,,
/Users/emilpalikot/Research/AI-Recruiter/data/linkedin/htmls_2/irphan-k-9ba8a825b.html,,,
/Users/emilpalikot/Research/AI-Recruiter/data/linkedin/htmls_2/irshad-konnola.html,,,
/Users/emilpalikot/Research/AI-Recruiter/data/linkedin/htmls_2/isaac-onek-825b23262.html,,,
/Users/emilpalikot/Research/AI-Recruiter/data/linkedin/htmls_2/isaiah-coleman-807067161.html,,,
/Users/emilpalikot/Research/AI-Recruiter/data/linkedin/htmls_2/itishree-parida-a39360277.html,,,
/Users/emilpalikot/Research/AI-Recruiter/data/linkedin/htmls_2/itsNitinGupta.html,Movie Ticketing Platform - Entertainment IndustryMovie Ticketing Platform - Entertainment Industry,ProjectsProjects,
/Users/emilpalikot/Research/AI-Recruiter/data/linkedin/htmls_2/itxdarks.html,,,
/Users/emilpalikot/Research/AI-Recruiter/data/linkedin/htmls_2/ivan-chor.html,,,
/Users/emilpalikot/Research/AI-Recruiter/data/linkedin/htmls_2/ivan-quarcoopome-2b779a2b2.html,,,
/Users/emilpalikot/Research/AI-Recruiter/data/linkedin/htmls_2/ivan-s-petkov.html,,,
/Users/emilpalikot/Research/AI-Recruiter/data/linkedin/htmls_2/iykes-design-233375348.html,,,
/Users/emilpalikot/Research/AI-Recruiter/data/linkedin/htmls_2/jackson-collins-ikpe-187a58138.html,,,
/Users/emilpalikot/Research/AI-Recruiter/data/linkedin/htmls_2/jacobkunz.html,,,
/Users/emilpalikot/Research/AI-Recruiter/data/linkedin/htmls_2/jacobtodd.html,The European Debt Crisis - Perspectives and the role extreme changes in CDS spreads play in pricing systemic riskThe European Debt Crisis - Perspectives and the role extreme changes in CDS spreads play in pricing systemic risk,ProjectsProjects,
/Users/emilpalikot/Research/AI-Recruiter/data/linkedin/htmls_2/jaekim96.html,,,
/Users/emilpalikot/Research/AI-Recruiter/data/linkedin/htmls_2/jai-deep-singh.html,,,
/Users/emilpalikot/Research/AI-Recruiter/data/linkedin/htmls_2/jaikrishna-janjanam-6772a2284.html,,,
/Users/emilpalikot/Research/AI-Recruiter/data/linkedin/htmls_2/james-lee-in.html,,,
/Users/emilpalikot/Research/AI-Recruiter/data/linkedin/htmls_2/jan-antensteiner.html,,,
/Users/emilpalikot/Research/AI-Recruiter/data/linkedin/htmls_2/jan-golder-92b41099.html,,,
/Users/emilpalikot/Research/AI-Recruiter/data/linkedin/htmls_2/janine-kruse-b26388269.html,,,
/Users/emilpalikot/Research/AI-Recruiter/data/linkedin/htmls_2/jatin-gupta-49a013262.html,,,
/Users/emilpalikot/Research/AI-Recruiter/data/linkedin/htmls_2/jawed-ahamad-294902164.html,,,
/Users/emilpalikot/Research/AI-Recruiter/data/linkedin/htmls_2/jaya-patidar-39b7381aa.html,,,
/Users/emilpalikot/Research/AI-Recruiter/data/linkedin/htmls_2/jayanthi-yellampalli-952229234.html,,,
/Users/emilpalikot/Research/AI-Recruiter/data/linkedin/htmls_2/jayashree-t-b64911161.html,,,
/Users/emilpalikot/Research/AI-Recruiter/data/linkedin/htmls_2/jayati-rastogi-778aaa244.html,,,
/Users/emilpalikot/Research/AI-Recruiter/data/linkedin/htmls_2/jcallejo.html,,,
/Users/emilpalikot/Research/AI-Recruiter/data/linkedin/htmls_2/jena-zzubaydi.html,,,
/Users/emilpalikot/Research/AI-Recruiter/data/linkedin/htmls_2/jeraldin-gerard-778897345.html,,,
/Users/emilpalikot/Research/AI-Recruiter/data/linkedin/htmls_2/jeremiah-omoregbee-429819239.html,,,
/Users/emilpalikot/Research/AI-Recruiter/data/linkedin/htmls_2/jes%C3%BAs-abraham-g%C3%B3mez-recoder-078497130.html,,,
/Users/emilpalikot/Research/AI-Recruiter/data/linkedin/htmls_2/jhon-esneider-alvarez-b494b2339.html,,,
/Users/emilpalikot/Research/AI-Recruiter/data/linkedin/htmls_2/jidapa.html,,,
/Users/emilpalikot/Research/AI-Recruiter/data/linkedin/htmls_2/jie-mia-jiang.html,Social Network Application with Heterogeneous DatabasesSocial Network Application with Heterogeneous Databases,ProjectsProjects,
/Users/emilpalikot/Research/AI-Recruiter/data/linkedin/htmls_2/jinan-zahaika.html,,,
/Users/emilpalikot/Research/AI-Recruiter/data/linkedin/htmls_2/jinesh-jain-88b484243.html,,,
/Users/emilpalikot/Research/AI-Recruiter/data/linkedin/htmls_2/jitendra-gupta-25188b20.html,,,
/Users/emilpalikot/Research/AI-Recruiter/data/linkedin/htmls_2/jl-lin-199bb12a.html,,,
/Users/emilpalikot/Research/AI-Recruiter/data/linkedin/htmls_2/joao-barres.html,,,
/Users/emilpalikot/Research/AI-Recruiter/data/linkedin/htmls_2/joaopedromatias.html,The masterThe master,ProjectsProjects,
/Users/emilpalikot/Research/AI-Recruiter/data/linkedin/htmls_2/job-kinyua-b534941a0.html,,,
/Users/emilpalikot/Research/AI-Recruiter/data/linkedin/htmls_2/jobayer-hossen-dev.html,,,
/Users/emilpalikot/Research/AI-Recruiter/data/linkedin/htmls_2/john-fa.html,,,
/Users/emilpalikot/Research/AI-Recruiter/data/linkedin/htmls_2/john-jomton.html,,,
/Users/emilpalikot/Research/AI-Recruiter/data/linkedin/htmls_2/johnatan-andres-arango-rodriguez.html,,,
/Users/emilpalikot/Research/AI-Recruiter/data/linkedin/htmls_2/jomari-reyes-73947b191.html,,,
/Users/emilpalikot/Research/AI-Recruiter/data/linkedin/htmls_2/jorge-luis-corea-rueda-014033ba.html,,,
/Users/emilpalikot/Research/AI-Recruiter/data/linkedin/htmls_2/jos%C3%A9-antonio-cabello-p%C3%A9rez-779201177.html,,,
/Users/emilpalikot/Research/AI-Recruiter/data/linkedin/htmls_2/jos%C3%A9-pereira-011263230.html,,,
/Users/emilpalikot/Research/AI-Recruiter/data/linkedin/htmls_2/jose-andres-rodriguez-valencia-4b7b3b331.html,,,
/Users/emilpalikot/Research/AI-Recruiter/data/linkedin/htmls_2/jose-morais-machie.html,,,
/Users/emilpalikot/Research/AI-Recruiter/data/linkedin/htmls_2/jose-roberto-perez-jimenez.html,,,
/Users/emilpalikot/Research/AI-Recruiter/data/linkedin/htmls_2/jose-vash.html,App UISApp UIS,ProjectsProjects,
/Users/emilpalikot/Research/AI-Recruiter/data/linkedin/htmls_2/josemosqueraeduardo.html,,,
/Users/emilpalikot/Research/AI-Recruiter/data/linkedin/htmls_2/josephpeter-j.html,,,
/Users/emilpalikot/Research/AI-Recruiter/data/linkedin/htmls_2/josh-mardis-a37744310.html,,,
/Users/emilpalikot/Research/AI-Recruiter/data/linkedin/htmls_2/joshua-mata-senior-fullstack1592.html,,,
/Users/emilpalikot/Research/AI-Recruiter/data/linkedin/htmls_2/js-mohammed-hafeez-58a275224.html,,,
/Users/emilpalikot/Research/AI-Recruiter/data/linkedin/htmls_2/juan-daniel-rodriguez-arevalo-802623283.html,,,
/Users/emilpalikot/Research/AI-Recruiter/data/linkedin/htmls_2/juan-francisco-chavajay.html,,,
/Users/emilpalikot/Research/AI-Recruiter/data/linkedin/htmls_2/juanmacarmona05.html,,,
/Users/emilpalikot/Research/AI-Recruiter/data/linkedin/htmls_2/judhistir-behera-07999025a.html,The masterThe master,ProjectsProjects,
/Users/emilpalikot/Research/AI-Recruiter/data/linkedin/htmls_2/jugunu-singh-48732b258.html,Farmopti Landing pageFarmopti Landing page,ProjectsProjects,
/Users/emilpalikot/Research/AI-Recruiter/data/linkedin/htmls_2/juliet-owanku-57552a1b3.html,,,
/Users/emilpalikot/Research/AI-Recruiter/data/linkedin/htmls_2/justinariem.html,,,
/Users/emilpalikot/Research/AI-Recruiter/data/linkedin/htmls_2/jyoti-verma-885ab0215.html,,,
/Users/emilpalikot/Research/AI-Recruiter/data/linkedin/htmls_2/kaleem-ullah-dev.html,,,
/Users/emilpalikot/Research/AI-Recruiter/data/linkedin/htmls_2/karol-szpek.html,,,
/Users/emilpalikot/Research/AI-Recruiter/data/linkedin/htmls_2/karthika-ravichandran-16956b279.html,,,
/Users/emilpalikot/Research/AI-Recruiter/data/linkedin/htmls_2/kartika-chauhan-6b2a3611b.html,,,
/Users/emilpalikot/Research/AI-Recruiter/data/linkedin/htmls_2/kartikey0402.html,The masterThe master,ProjectsProjects,
/Users/emilpalikot/Research/AI-Recruiter/data/linkedin/htmls_2/kartikeysharma16.html,,,
/Users/emilpalikot/Research/AI-Recruiter/data/linkedin/htmls_2/kasam-bhusal.html,,,
/Users/emilpalikot/Research/AI-Recruiter/data/linkedin/htmls_2/kasey-bourdier-94263a28b.html,PDS WebPDS Web,ProjectsProjects,
/Users/emilpalikot/Research/AI-Recruiter/data/linkedin/htmls_2/kaungzinthant100.html,,,
/Users/emilpalikot/Research/AI-Recruiter/data/linkedin/htmls_2/kaveri-gond.html,,,
/Users/emilpalikot/Research/AI-Recruiter/data/linkedin/htmls_2/kavyagaur.html,,,
/Users/emilpalikot/Research/AI-Recruiter/data/linkedin/htmls_2/kedir-seid-4b7a5a31b.html,,,
/Users/emilpalikot/Research/AI-Recruiter/data/linkedin/htmls_2/kelly-gitau-81658827b.html,Prospectra AI - Real-time insights from social-media chaos (PASSION PROJECT)Prospectra AI - Real-time insights from social-media chaos (PASSION PROJECT),ProjectsProjects,
/Users/emilpalikot/Research/AI-Recruiter/data/linkedin/htmls_2/kemigisha-zanerah-152aa9233.html,,,
/Users/emilpalikot/Research/AI-Recruiter/data/linkedin/htmls_2/kessington-ose-iyoha-a0265b291.html,,,
/Users/emilpalikot/Research/AI-Recruiter/data/linkedin/htmls_2/kevinjwong0.html,,,
/Users/emilpalikot/Research/AI-Recruiter/data/linkedin/htmls_2/keyashah0801.html,,,
/Users/emilpalikot/Research/AI-Recruiter/data/linkedin/htmls_2/khadija-gougou-774083234.html,,,
/Users/emilpalikot/Research/AI-Recruiter/data/linkedin/htmls_2/khutso-siema-a4b162b3.html,,,
/Users/emilpalikot/Research/AI-Recruiter/data/linkedin/htmls_2/kibe-elvis.html,,,
/Users/emilpalikot/Research/AI-Recruiter/data/linkedin/htmls_2/kinnari-buch.html,,,
/Users/emilpalikot/Research/AI-Recruiter/data/linkedin/htmls_2/kipngetich-marisa-b4279930a.html,,,
/Users/emilpalikot/Research/AI-Recruiter/data/linkedin/htmls_2/kiran-ganesh-6a7595336.html,,,
/Users/emilpalikot/Research/AI-Recruiter/data/linkedin/htmls_2/kishanpatel3339.html,,,
/Users/emilpalikot/Research/AI-Recruiter/data/linkedin/htmls_2/kofi-shang.html,,,
/Users/emilpalikot/Research/AI-Recruiter/data/linkedin/htmls_2/konshadjis.html,,,
/Users/emilpalikot/Research/AI-Recruiter/data/linkedin/htmls_2/koushikvem.html,,,
/Users/emilpalikot/Research/AI-Recruiter/data/linkedin/htmls_2/kousik-kumar-p-3a1190262.html,,,
/Users/emilpalikot/Research/AI-Recruiter/data/linkedin/htmls_2/krishna-preethi-chitrala.html,,,
/Users/emilpalikot/Research/AI-Recruiter/data/linkedin/htmls_2/kritagya-mishra-95169a142.html,Gemini AIGemini AI,ProjectsProjects,
/Users/emilpalikot/Research/AI-Recruiter/data/linkedin/htmls_2/kshitij-ghodekar.html,,,
/Users/emilpalikot/Research/AI-Recruiter/data/linkedin/htmls_2/kumaran-s.html,,,
/Users/emilpalikot/Research/AI-Recruiter/data/linkedin/htmls_2/kunal-charde.html,ParchaaParchaa,ProjectsProjects,
/Users/emilpalikot/Research/AI-Recruiter/data/linkedin/htmls_2/kunal-raut-3a927a1a7.html,,,
/Users/emilpalikot/Research/AI-Recruiter/data/linkedin/htmls_2/kushali-harish-481000168.html,Crypto LensCrypto Lens,ProjectsProjects,
/Users/emilpalikot/Research/AI-Recruiter/data/linkedin/htmls_2/kutman-bekbolotov-a5a025280.html,,,
/Users/emilpalikot/Research/AI-Recruiter/data/linkedin/htmls_2/kvarutar.html,,,
/Users/emilpalikot/Research/AI-Recruiter/data/linkedin/htmls_2/kyleghurst.html,,,
/Users/emilpalikot/Research/AI-Recruiter/data/linkedin/htmls_2/lachoub-hanane-8a524a28a.html,,,
/Users/emilpalikot/Research/AI-Recruiter/data/linkedin/htmls_2/laghumarapu-rangasai-kumar-49604a2b0.html,,,
/Users/emilpalikot/Research/AI-Recruiter/data/linkedin/htmls_2/lakshaybhushan.html,The masterThe master,ProjectsProjects,
/Users/emilpalikot/Research/AI-Recruiter/data/linkedin/htmls_2/lakshyadeepgogoi.html,Text EditorText Editor,ProjectsProjects,
/Users/emilpalikot/Research/AI-Recruiter/data/linkedin/htmls_2/lalit-pagare-dev.html,,,
/Users/emilpalikot/Research/AI-Recruiter/data/linkedin/htmls_2/lalitkumarjangid.html,,,
/Users/emilpalikot/Research/AI-Recruiter/data/linkedin/htmls_2/lehi-quincho.html,Mapa Virtual del Potencial Turístico Natural y Arquitectónico con Sistema de Recomendación Fuzzy para la Provincia de Arequipa – PerúMapa Virtual del Potencial Turístico Natural y Arquitectónico con Sistema de Recomendación Fuzzy para la Provincia de Arequipa – Perú,ProjectsProjects,
/Users/emilpalikot/Research/AI-Recruiter/data/linkedin/htmls_2/leonel-linares-615165345.html,,,
/Users/emilpalikot/Research/AI-Recruiter/data/linkedin/htmls_2/lerato-motsabi-74a950296.html,,,
/Users/emilpalikot/Research/AI-Recruiter/data/linkedin/htmls_2/leshaebriscoe.html,,,
/Users/emilpalikot/Research/AI-Recruiter/data/linkedin/htmls_2/leticiapassos.html,,,
/Users/emilpalikot/Research/AI-Recruiter/data/linkedin/htmls_2/likhith-serkad-jayakumar-0629a4175.html,,,
/Users/emilpalikot/Research/AI-Recruiter/data/linkedin/htmls_2/lipsa-mallick-71bb68288.html,,,
/Users/emilpalikot/Research/AI-Recruiter/data/linkedin/htmls_2/liru-zhao-400674290.html,,,
/Users/emilpalikot/Research/AI-Recruiter/data/linkedin/htmls_2/lohita-suvvari.html,,,
/Users/emilpalikot/Research/AI-Recruiter/data/linkedin/htmls_2/lokesh-kumar-manda-89894a229.html,,,
/Users/emilpalikot/Research/AI-Recruiter/data/linkedin/htmls_2/lokesh-p-s-57111a165.html,,,
/Users/emilpalikot/Research/AI-Recruiter/data/linkedin/htmls_2/lozhachevskayan.html,rabota.uarabota.ua,ProjectsProjects,
/Users/emilpalikot/Research/AI-Recruiter/data/linkedin/htmls_2/lubna-hajhussein-6968721b4.html,Basetoolkit Library (It Is Just Magic)Basetoolkit Library (It Is Just Magic),ProjectsProjects,
/Users/emilpalikot/Research/AI-Recruiter/data/linkedin/htmls_2/luis-carlos-holguin-perez.html,The masterThe master,ProjectsProjects,
/Users/emilpalikot/Research/AI-Recruiter/data/linkedin/htmls_2/luisemz.html,,,
/Users/emilpalikot/Research/AI-Recruiter/data/linkedin/htmls_2/madhav-karavadiya.html,,,
/Users/emilpalikot/Research/AI-Recruiter/data/linkedin/htmls_2/madhavi-pasupuleti-99b519230.html,,,
/Users/emilpalikot/Research/AI-Recruiter/data/linkedin/htmls_2/madhu-kumari-a63224317.html,,,
/Users/emilpalikot/Research/AI-Recruiter/data/linkedin/htmls_2/maharalberca.html,,,
/Users/emilpalikot/Research/AI-Recruiter/data/linkedin/htmls_2/mahesh-c-823b83348.html,,,
/Users/emilpalikot/Research/AI-Recruiter/data/linkedin/htmls_2/mahmoud-elabady-272b61239.html,,,
/Users/emilpalikot/Research/AI-Recruiter/data/linkedin/htmls_2/mahmoud-medhat-84166a205.html,,,
/Users/emilpalikot/Research/AI-Recruiter/data/linkedin/htmls_2/malihe-ghaderi.html,,,
/Users/emilpalikot/Research/AI-Recruiter/data/linkedin/htmls_2/mallikharjun-v-a32b6a111.html,,,
/Users/emilpalikot/Research/AI-Recruiter/data/linkedin/htmls_2/mamdouh-mohammed.html,website templatewebsite template,ProjectsProjects,
/Users/emilpalikot/Research/AI-Recruiter/data/linkedin/htmls_2/manikanth-babu-vattalwar-a1255354.html,,,
/Users/emilpalikot/Research/AI-Recruiter/data/linkedin/htmls_2/manish-mahto-b18539b9.html,,,
/Users/emilpalikot/Research/AI-Recruiter/data/linkedin/htmls_2/manisha-singh-75643219.html,Humana IDEHumana IDE,ProjectsProjects,
/Users/emilpalikot/Research/AI-Recruiter/data/linkedin/htmls_2/manoj-kumar-nalla-906541232.html,,,
/Users/emilpalikot/Research/AI-Recruiter/data/linkedin/htmls_2/manojd9818.html,,,
/Users/emilpalikot/Research/AI-Recruiter/data/linkedin/htmls_2/manpreet1997.html,,,
/Users/emilpalikot/Research/AI-Recruiter/data/linkedin/htmls_2/mansi-piyush-vaghasiya-2a7450193.html,,,
/Users/emilpalikot/Research/AI-Recruiter/data/linkedin/htmls_2/manuel-carreras-b05414265.html,,,
/Users/emilpalikot/Research/AI-Recruiter/data/linkedin/htmls_2/mar-335a20206.html,,,
/Users/emilpalikot/Research/AI-Recruiter/data/linkedin/htmls_2/marcelito-cosicol-19288b22b.html,,,
/Users/emilpalikot/Research/AI-Recruiter/data/linkedin/htmls_2/marcus-ray-69204b347.html,,,
/Users/emilpalikot/Research/AI-Recruiter/data/linkedin/htmls_2/mareedu-roshini.html,,,
/Users/emilpalikot/Research/AI-Recruiter/data/linkedin/htmls_2/maria-front-end.html,,,
/Users/emilpalikot/Research/AI-Recruiter/data/linkedin/htmls_2/mark-see-2a58b6117.html,,,
/Users/emilpalikot/Research/AI-Recruiter/data/linkedin/htmls_2/mark-soniel-loka.html,,,
/Users/emilpalikot/Research/AI-Recruiter/data/linkedin/htmls_2/mark-westerbeck.html,,,
/Users/emilpalikot/Research/AI-Recruiter/data/linkedin/htmls_2/maryna-rymkevich.html,,,
/Users/emilpalikot/Research/AI-Recruiter/data/linkedin/htmls_2/mason-freer.html,,,
/Users/emilpalikot/Research/AI-Recruiter/data/linkedin/htmls_2/mateen-web-developer.html,Referral Management SystemReferral Management System,ProjectsProjects,
/Users/emilpalikot/Research/AI-Recruiter/data/linkedin/htmls_2/mathiasmramba.html,,,
/Users/emilpalikot/Research/AI-Recruiter/data/linkedin/htmls_2/matiflores.html,,,
/Users/emilpalikot/Research/AI-Recruiter/data/linkedin/htmls_2/matt-barn.html,Past-ExperiencePast-Experience,ProjectsProjects,
/Users/emilpalikot/Research/AI-Recruiter/data/linkedin/htmls_2/matt-mannings.html,,,
/Users/emilpalikot/Research/AI-Recruiter/data/linkedin/htmls_2/matt-wall-a1910b290.html,,,
/Users/emilpalikot/Research/AI-Recruiter/data/linkedin/htmls_2/mattjsperry.html,,,
/Users/emilpalikot/Research/AI-Recruiter/data/linkedin/htmls_2/max-shylov.html,,,
/Users/emilpalikot/Research/AI-Recruiter/data/linkedin/htmls_2/maxwell-haron.html,,,
/Users/emilpalikot/Research/AI-Recruiter/data/linkedin/htmls_2/mayank-bohra-173837140.html,Stehlcorp ERPStehlcorp ERP,ProjectsProjects,
/Users/emilpalikot/Research/AI-Recruiter/data/linkedin/htmls_2/mayur-kalia-04b959198.html,,,
/Users/emilpalikot/Research/AI-Recruiter/data/linkedin/htmls_2/md-asif-anjum-0aa18a1a8.html,AI-chatbotAI-chatbot,ProjectsProjects,
/Users/emilpalikot/Research/AI-Recruiter/data/linkedin/htmls_2/md-moizuddin.html,,,
/Users/emilpalikot/Research/AI-Recruiter/data/linkedin/htmls_2/md-nesad-30b5bb286.html,,,
/Users/emilpalikot/Research/AI-Recruiter/data/linkedin/htmls_2/md-zarif-ul-huq.html,BracU RS ELA Activity RegistrationBracU RS ELA Activity Registration,ProjectsProjects,
/Users/emilpalikot/Research/AI-Recruiter/data/linkedin/htmls_2/mechineni-sushanthi-7258931ab.html,,,
/Users/emilpalikot/Research/AI-Recruiter/data/linkedin/htmls_2/meet-upadhyay-7258a21a5.html,,,
/Users/emilpalikot/Research/AI-Recruiter/data/linkedin/htmls_2/mehedi-hassan-a66b041a1.html,,,
/Users/emilpalikot/Research/AI-Recruiter/data/linkedin/htmls_2/meherthatavarthi.html,,,
/Users/emilpalikot/Research/AI-Recruiter/data/linkedin/htmls_2/mehrab-m-217929136.html,,,
/Users/emilpalikot/Research/AI-Recruiter/data/linkedin/htmls_2/mellan123.html,,,
/Users/emilpalikot/Research/AI-Recruiter/data/linkedin/htmls_2/mengting-yao.html,,,
/Users/emilpalikot/Research/AI-Recruiter/data/linkedin/htmls_2/mercy-john-b97640193.html,,,
/Users/emilpalikot/Research/AI-Recruiter/data/linkedin/htmls_2/messagemeformoredetails.html,,,
/Users/emilpalikot/Research/AI-Recruiter/data/linkedin/htmls_2/michael-sun-4978937a.html,,,
/Users/emilpalikot/Research/AI-Recruiter/data/linkedin/htmls_2/michael-ward-388591349.html,,,
/Users/emilpalikot/Research/AI-Recruiter/data/linkedin/htmls_2/mideniyi.html,,,
/Users/emilpalikot/Research/AI-Recruiter/data/linkedin/htmls_2/mihaela-yo.html,,,
/Users/emilpalikot/Research/AI-Recruiter/data/linkedin/htmls_2/mike-marodi.html,,,
/Users/emilpalikot/Research/AI-Recruiter/data/linkedin/htmls_2/mmborado.html,,,
/Users/emilpalikot/Research/AI-Recruiter/data/linkedin/htmls_2/mohamed-ali-ayadi.html,,,
/Users/emilpalikot/Research/AI-Recruiter/data/linkedin/htmls_2/mohamed-elouaaly-b6855226a.html,,,
/Users/emilpalikot/Research/AI-Recruiter/data/linkedin/htmls_2/mohamed-taha-9a6869316.html,,,
/Users/emilpalikot/Research/AI-Recruiter/data/linkedin/htmls_2/mohammad-sams-550387276.html,"Walmart Reston, Virginia","Walmart · ContractWalmart · Contract Nov 2020 - Sep 2023 · 2 yrs 11 mosNov 2020 to Sep 2023 · 2 yrs 11 mos Reston, Virginia, United States · RemoteReston, Virginia, United States · Remote",2021-11
/Users/emilpalikot/Research/AI-Recruiter/data/linkedin/htmls_2/mohammed-hamdan-2557221ab.html,,,
/Users/emilpalikot/Research/AI-Recruiter/data/linkedin/htmls_2/mohammed-nifli-b31872292.html,,,
/Users/emilpalikot/Research/AI-Recruiter/data/linkedin/htmls_2/mohanraj-srinivasan.html,Agents On(Live Chat)Agents On(Live Chat),ProjectsProjects,
/Users/emilpalikot/Research/AI-Recruiter/data/linkedin/htmls_2/mohansaikiran.html,,,
/Users/emilpalikot/Research/AI-Recruiter/data/linkedin/htmls_2/mohd-kaif-79124732a.html,,,
/Users/emilpalikot/Research/AI-Recruiter/data/linkedin/htmls_2/mohd-sahil-siddiqui-021a11201.html,,,
/Users/emilpalikot/Research/AI-Recruiter/data/linkedin/htmls_2/mohd-siraj-19733b175.html,,,
/Users/emilpalikot/Research/AI-Recruiter/data/linkedin/htmls_2/moiz-ali-20b280274.html,,,
/Users/emilpalikot/Research/AI-Recruiter/data/linkedin/htmls_2/mollamdbakibillah.html,mediLogmediLog,ProjectsProjects,
/Users/emilpalikot/Research/AI-Recruiter/data/linkedin/htmls_2/monika-gupta-370140131.html,,,
/Users/emilpalikot/Research/AI-Recruiter/data/linkedin/htmls_2/morgan-wong-512a35b6.html,,,
/Users/emilpalikot/Research/AI-Recruiter/data/linkedin/htmls_2/morine-akoth-24596216b.html,,,
/Users/emilpalikot/Research/AI-Recruiter/data/linkedin/htmls_2/mounika-nagireddy-066a64172.html,,,
/Users/emilpalikot/Research/AI-Recruiter/data/linkedin/htmls_2/mousa-othman-4m.html,,,
/Users/emilpalikot/Research/AI-Recruiter/data/linkedin/htmls_2/mrfeld.html,,,
/Users/emilpalikot/Research/AI-Recruiter/data/linkedin/htmls_2/mrunal-patil-305510221.html,,,
/Users/emilpalikot/Research/AI-Recruiter/data/linkedin/htmls_2/mstanielewicz.html,,,
/Users/emilpalikot/Research/AI-Recruiter/data/linkedin/htmls_2/muhamet-humolli.html,,,
/Users/emilpalikot/Research/AI-Recruiter/data/linkedin/htmls_2/muhammad-abdullah-nadeem-1517942a6.html,The masterThe master,ProjectsProjects,
/Users/emilpalikot/Research/AI-Recruiter/data/linkedin/htmls_2/muhammad-diandra-junies-fahriza.html,,,
/Users/emilpalikot/Research/AI-Recruiter/data/linkedin/htmls_2/muhammad-huzaima-a936aa341.html,,,
/Users/emilpalikot/Research/AI-Recruiter/data/linkedin/htmls_2/muhammad-juan.html,,,
/Users/emilpalikot/Research/AI-Recruiter/data/linkedin/htmls_2/muhammad-mirza-al-rasyid-a45526194.html,PDS WebPDS Web,ProjectsProjects,
/Users/emilpalikot/Research/AI-Recruiter/data/linkedin/htmls_2/muhammad-zahid-281054211.html,,,
/Users/emilpalikot/Research/AI-Recruiter/data/linkedin/htmls_2/muhammaduzairr.html,,,
/Users/emilpalikot/Research/AI-Recruiter/data/linkedin/htmls_2/muhammed-shahir-m-s-ab7a6a128.html,The masterThe master,ProjectsProjects,
/Users/emilpalikot/Research/AI-Recruiter/data/linkedin/htmls_2/muhesh-c.html,,,
/Users/emilpalikot/Research/AI-Recruiter/data/linkedin/htmls_2/mujahid-s.html,,,
/Users/emilpalikot/Research/AI-Recruiter/data/linkedin/htmls_2/mukta-kumari.html,,,
/Users/emilpalikot/Research/AI-Recruiter/data/linkedin/htmls_2/mukul-sharma-mm7m262002.html,,,
/Users/emilpalikot/Research/AI-Recruiter/data/linkedin/htmls_2/muniraj-m-014370193.html,,,
/Users/emilpalikot/Research/AI-Recruiter/data/linkedin/htmls_2/muragwa-christian-33a46229a.html,,,
/Users/emilpalikot/Research/AI-Recruiter/data/linkedin/htmls_2/muratcansahinn.html,,,
/Users/emilpalikot/Research/AI-Recruiter/data/linkedin/htmls_2/muthike-chethana-85b122229.html,,,
/Users/emilpalikot/Research/AI-Recruiter/data/linkedin/htmls_2/naga-d-9125632b6.html,,,
/Users/emilpalikot/Research/AI-Recruiter/data/linkedin/htmls_2/namrata-chougule-5a512424b.html,,,
/Users/emilpalikot/Research/AI-Recruiter/data/linkedin/htmls_2/nanda-kishore-a6610123a.html,,,
/Users/emilpalikot/Research/AI-Recruiter/data/linkedin/htmls_2/navakanth-gundaram.html,,,
/Users/emilpalikot/Research/AI-Recruiter/data/linkedin/htmls_2/naveennn.html,,,
/Users/emilpalikot/Research/AI-Recruiter/data/linkedin/htmls_2/navneet-namdev.html,,,
/Users/emilpalikot/Research/AI-Recruiter/data/linkedin/htmls_2/navneetchadha12.html,,,
/Users/emilpalikot/Research/AI-Recruiter/data/linkedin/htmls_2/nayanashree.html,,,
/Users/emilpalikot/Research/AI-Recruiter/data/linkedin/htmls_2/nazgul-b-8a9137321.html,,,
/Users/emilpalikot/Research/AI-Recruiter/data/linkedin/htmls_2/neel-avinash-256a01212.html,,,
/Users/emilpalikot/Research/AI-Recruiter/data/linkedin/htmls_2/neha-kshirsagar-540620285.html,,,
/Users/emilpalikot/Research/AI-Recruiter/data/linkedin/htmls_2/neveen-atik.html,,,
/Users/emilpalikot/Research/AI-Recruiter/data/linkedin/htmls_2/nicholas-nirza.html,,,
/Users/emilpalikot/Research/AI-Recruiter/data/linkedin/htmls_2/nicholas-young-215768322.html,,,
/Users/emilpalikot/Research/AI-Recruiter/data/linkedin/htmls_2/nicolas-berrizbeitia-658212b6.html,The masterThe master,ProjectsProjects,
/Users/emilpalikot/Research/AI-Recruiter/data/linkedin/htmls_2/nicoll-laguna-gonzalez-2b787827a.html,The masterThe master,ProjectsProjects,
/Users/emilpalikot/Research/AI-Recruiter/data/linkedin/htmls_2/nikita-p-337b3819b.html,,,
/Users/emilpalikot/Research/AI-Recruiter/data/linkedin/htmls_2/nikita-sontakke-3ab8321b2.html,,,
/Users/emilpalikot/Research/AI-Recruiter/data/linkedin/htmls_2/nipun-chanaka-0414a8253.html,,,
/Users/emilpalikot/Research/AI-Recruiter/data/linkedin/htmls_2/niteeq-sheik-b2a853177.html,The masterThe master,ProjectsProjects,
/Users/emilpalikot/Research/AI-Recruiter/data/linkedin/htmls_2/nithin-katla.html,,,
/Users/emilpalikot/Research/AI-Recruiter/data/linkedin/htmls_2/nithish-kumar-reddy-muchurami-778aab24b.html,,,
/Users/emilpalikot/Research/AI-Recruiter/data/linkedin/htmls_2/nitin-tambe.html,,,
/Users/emilpalikot/Research/AI-Recruiter/data/linkedin/htmls_2/nitu-kumari-474010261.html,,,
/Users/emilpalikot/Research/AI-Recruiter/data/linkedin/htmls_2/nkemiseng-mohohla-8b1539262.html,,,
/Users/emilpalikot/Research/AI-Recruiter/data/linkedin/htmls_2/noblekhatra.html,Merchant Direct V2Merchant Direct V2,ProjectsProjects,
/Users/emilpalikot/Research/AI-Recruiter/data/linkedin/htmls_2/nomaddiwakar.html,,,
/Users/emilpalikot/Research/AI-Recruiter/data/linkedin/htmls_2/noor-amin-a056552a1.html,,,
/Users/emilpalikot/Research/AI-Recruiter/data/linkedin/htmls_2/noor-mohammed-masood-6b5211246.html,,,
/Users/emilpalikot/Research/AI-Recruiter/data/linkedin/htmls_2/norayrghukasyan.html,,,
/Users/emilpalikot/Research/AI-Recruiter/data/linkedin/htmls_2/ntsika-bottoman-19a6a9167.html,,,
/Users/emilpalikot/Research/AI-Recruiter/data/linkedin/htmls_2/ntuthukodlamini.html,,,
/Users/emilpalikot/Research/AI-Recruiter/data/linkedin/htmls_2/nymisha-k-11634b167.html,,,
/Users/emilpalikot/Research/AI-Recruiter/data/linkedin/htmls_2/nzholdoshov.html,,,
/Users/emilpalikot/Research/AI-Recruiter/data/linkedin/htmls_2/octavian-farau-b6767913b.html,,,
/Users/emilpalikot/Research/AI-Recruiter/data/linkedin/htmls_2/ogunsanwo-david-399817238.html,,,
/Users/emilpalikot/Research/AI-Recruiter/data/linkedin/htmls_2/okeleyevickkk.html,,,
/Users/emilpalikot/Research/AI-Recruiter/data/linkedin/htmls_2/oleksii-tykhonov-09382812a.html,,,
/Users/emilpalikot/Research/AI-Recruiter/data/linkedin/htmls_2/omar-sadiq-aa926378.html,,,
/Users/emilpalikot/Research/AI-Recruiter/data/linkedin/htmls_2/omkar-prabhudesai-5421691a7.html,,,
/Users/emilpalikot/Research/AI-Recruiter/data/linkedin/htmls_2/onkar-pawar-b087b422b.html,,,
/Users/emilpalikot/Research/AI-Recruiter/data/linkedin/htmls_2/oscartaza.html,,,
/Users/emilpalikot/Research/AI-Recruiter/data/linkedin/htmls_2/osman-qazi-b80044348.html,,,
/Users/emilpalikot/Research/AI-Recruiter/data/linkedin/htmls_2/ovaiskhanday.html,,,
/Users/emilpalikot/Research/AI-Recruiter/data/linkedin/htmls_2/oyedaretemiloluwa.html,,,
/Users/emilpalikot/Research/AI-Recruiter/data/linkedin/htmls_2/p-sri-harsha-kumar-732542286.html,,,
/Users/emilpalikot/Research/AI-Recruiter/data/linkedin/htmls_2/padmaja-etta-252999260.html,,,
/Users/emilpalikot/Research/AI-Recruiter/data/linkedin/htmls_2/padmanabha-n-5a2a08185.html,,,
/Users/emilpalikot/Research/AI-Recruiter/data/linkedin/htmls_2/pankaj-gujar-940a1b110.html,,,
/Users/emilpalikot/Research/AI-Recruiter/data/linkedin/htmls_2/pankaj-kumar-jha-9709351b0.html,Stock Market Average CalculatorStock Market Average Calculator,ProjectsProjects,
/Users/emilpalikot/Research/AI-Recruiter/data/linkedin/htmls_2/pankaj-mehra-9411aa178.html,,,
/Users/emilpalikot/Research/AI-Recruiter/data/linkedin/htmls_2/pankaj-sharma-a0b783131.html,,,
/Users/emilpalikot/Research/AI-Recruiter/data/linkedin/htmls_2/paras-negi-ba6525115.html,,,
/Users/emilpalikot/Research/AI-Recruiter/data/linkedin/htmls_2/pareenvaljee.html,,,
/Users/emilpalikot/Research/AI-Recruiter/data/linkedin/htmls_2/paritosh-mishra-091323222.html,,,
/Users/emilpalikot/Research/AI-Recruiter/data/linkedin/htmls_2/parthvgujjar.html,,,
/Users/emilpalikot/Research/AI-Recruiter/data/linkedin/htmls_2/patil-vinay-kumar-reddy-a2456a210.html,,,
/Users/emilpalikot/Research/AI-Recruiter/data/linkedin/htmls_2/patricio-rios.html,MasisaMasisa,ProjectsProjects,
/Users/emilpalikot/Research/AI-Recruiter/data/linkedin/htmls_2/paulo-henrique-ab965a130.html,,,
/Users/emilpalikot/Research/AI-Recruiter/data/linkedin/htmls_2/pavitra-herakal-17392451.html,,,
/Users/emilpalikot/Research/AI-Recruiter/data/linkedin/htmls_2/pebutler3.html,,,
/Users/emilpalikot/Research/AI-Recruiter/data/linkedin/htmls_2/pedro-luis-ortega-aguilar-058569139.html,,,
/Users/emilpalikot/Research/AI-Recruiter/data/linkedin/htmls_2/petekalkimakcam.html,,,
/Users/emilpalikot/Research/AI-Recruiter/data/linkedin/htmls_2/pg03.html,,,
/Users/emilpalikot/Research/AI-Recruiter/data/linkedin/htmls_2/piyush-shukla-ui.html,,,
/Users/emilpalikot/Research/AI-Recruiter/data/linkedin/htmls_2/pooja_sonawane_682b6121b.html,,,
/Users/emilpalikot/Research/AI-Recruiter/data/linkedin/htmls_2/pottella-sneha-latha-628764340.html,,,
/Users/emilpalikot/Research/AI-Recruiter/data/linkedin/htmls_2/prabhash-singh-89bba6157.html,,,
/Users/emilpalikot/Research/AI-Recruiter/data/linkedin/htmls_2/prachi-deep-790b541a4.html,,,
/Users/emilpalikot/Research/AI-Recruiter/data/linkedin/htmls_2/prafull-dhadkar.html,,,
/Users/emilpalikot/Research/AI-Recruiter/data/linkedin/htmls_2/pragnasya-s-5aa603209.html,,,
/Users/emilpalikot/Research/AI-Recruiter/data/linkedin/htmls_2/prakhar-shrivastava-55a520274.html,,,
/Users/emilpalikot/Research/AI-Recruiter/data/linkedin/htmls_2/praneeth-reddy-kotha.html,,,
/Users/emilpalikot/Research/AI-Recruiter/data/linkedin/htmls_2/prashant-raj007.html,,,
/Users/emilpalikot/Research/AI-Recruiter/data/linkedin/htmls_2/prashantkr2703.html,The masterThe master,ProjectsProjects,
/Users/emilpalikot/Research/AI-Recruiter/data/linkedin/htmls_2/prasun-acharjee-3193b497.html,India's Super BrainIndia's Super Brain,ProjectsProjects,
/Users/emilpalikot/Research/AI-Recruiter/data/linkedin/htmls_2/pratham06.html,,,
/Users/emilpalikot/Research/AI-Recruiter/data/linkedin/htmls_2/pratik-gadge-521405216.html,,,
/Users/emilpalikot/Research/AI-Recruiter/data/linkedin/htmls_2/pratiksha-mhatre.html,,,
/Users/emilpalikot/Research/AI-Recruiter/data/linkedin/htmls_2/pratiksha-sarangdhar-68b92b243.html,,,
/Users/emilpalikot/Research/AI-Recruiter/data/linkedin/htmls_2/pratiksha-singh-187702336.html,,,
/Users/emilpalikot/Research/AI-Recruiter/data/linkedin/htmls_2/praveen-asg.html,,,
/Users/emilpalikot/Research/AI-Recruiter/data/linkedin/htmls_2/praveen-vasa-740a19123.html,,,
/Users/emilpalikot/Research/AI-Recruiter/data/linkedin/htmls_2/preeti-kamble-885544343.html,,,
/Users/emilpalikot/Research/AI-Recruiter/data/linkedin/htmls_2/prerana-nawar.html,,,
/Users/emilpalikot/Research/AI-Recruiter/data/linkedin/htmls_2/preranauppalapati.html,,,
/Users/emilpalikot/Research/AI-Recruiter/data/linkedin/htmls_2/prestone-ong-oro-71ba302a0.html,,,
/Users/emilpalikot/Research/AI-Recruiter/data/linkedin/htmls_2/priya-bisht-9b427a30a.html,,,
/Users/emilpalikot/Research/AI-Recruiter/data/linkedin/htmls_2/priya-dharshini-g-0313022b1.html,,,
/Users/emilpalikot/Research/AI-Recruiter/data/linkedin/htmls_2/priya-kumari-247743348.html,,,
/Users/emilpalikot/Research/AI-Recruiter/data/linkedin/htmls_2/priyabrata-biswal.html,,,
/Users/emilpalikot/Research/AI-Recruiter/data/linkedin/htmls_2/priyanka-biswal-9673361ab.html,,,
/Users/emilpalikot/Research/AI-Recruiter/data/linkedin/htmls_2/priyanshu-hota-138b29226.html,,,
/Users/emilpalikot/Research/AI-Recruiter/data/linkedin/htmls_2/priyanshu-saini-9a65152a8.html,,,
/Users/emilpalikot/Research/AI-Recruiter/data/linkedin/htmls_2/ps1012.html,,,
/Users/emilpalikot/Research/AI-Recruiter/data/linkedin/htmls_2/puhupwas-bind-2166a3170.html,,,
/Users/emilpalikot/Research/AI-Recruiter/data/linkedin/htmls_2/puja-wagh-8a4761201.html,,,
/Users/emilpalikot/Research/AI-Recruiter/data/linkedin/htmls_2/pujithamenda.html,,,
/Users/emilpalikot/Research/AI-Recruiter/data/linkedin/htmls_2/purvesh-pawar-796361129.html,,,
/Users/emilpalikot/Research/AI-Recruiter/data/linkedin/htmls_2/pushpendra-kumar-bais-1187b8161.html,,,
/Users/emilpalikot/Research/AI-Recruiter/data/linkedin/htmls_2/qayyum-oladimeji-552431300.html,AwesomeAwesome,ProjectsProjects,
/Users/emilpalikot/Research/AI-Recruiter/data/linkedin/htmls_2/r%C3%A9ka-t-0090622aa.html,,,
/Users/emilpalikot/Research/AI-Recruiter/data/linkedin/htmls_2/rabiakashif.html,,,
/Users/emilpalikot/Research/AI-Recruiter/data/linkedin/htmls_2/radheshpandey7735761b1.html,,,
/Users/emilpalikot/Research/AI-Recruiter/data/linkedin/htmls_2/rafael-rillo.html,,,
/Users/emilpalikot/Research/AI-Recruiter/data/linkedin/htmls_2/rafhaelhailar.html,,,
/Users/emilpalikot/Research/AI-Recruiter/data/linkedin/htmls_2/ragini-sahu-b5b73222b.html,,,
/Users/emilpalikot/Research/AI-Recruiter/data/linkedin/htmls_2/raheel-shahzad-14a78891.html,,,
/Users/emilpalikot/Research/AI-Recruiter/data/linkedin/htmls_2/rahul-bharadwaj-8a745a209.html,,,
/Users/emilpalikot/Research/AI-Recruiter/data/linkedin/htmls_2/rahul-chougule-8081.html,,,
/Users/emilpalikot/Research/AI-Recruiter/data/linkedin/htmls_2/rahul-kumar-8b39631a9.html,,,
/Users/emilpalikot/Research/AI-Recruiter/data/linkedin/htmls_2/rahul-sagar-mutayala-72aa05191.html,,,
/Users/emilpalikot/Research/AI-Recruiter/data/linkedin/htmls_2/rahulshi.html,VideoGPT: Conversational Video Q&A with RAG and LLMsVideoGPT: Conversational Video Q&A with RAG and LLMs,ProjectsProjects,
/Users/emilpalikot/Research/AI-Recruiter/data/linkedin/htmls_2/raj-patel-663b63210.html,,,
/Users/emilpalikot/Research/AI-Recruiter/data/linkedin/htmls_2/rajan-chaudhary-ab54b71b5.html,,,
/Users/emilpalikot/Research/AI-Recruiter/data/linkedin/htmls_2/rajashri-karad-44a419133.html,,,
/Users/emilpalikot/Research/AI-Recruiter/data/linkedin/htmls_2/rajay-rose.html,Websites ProjectsWebsites Projects,ProjectsProjects,
/Users/emilpalikot/Research/AI-Recruiter/data/linkedin/htmls_2/rajdeepbhullar.html,,,
/Users/emilpalikot/Research/AI-Recruiter/data/linkedin/htmls_2/rajesh-vishwakarma-824242a.html,,,
/Users/emilpalikot/Research/AI-Recruiter/data/linkedin/htmls_2/rajmishra-7.html,,,
/Users/emilpalikot/Research/AI-Recruiter/data/linkedin/htmls_2/rakesh-akkiligunta-5b2915281.html,,,
/Users/emilpalikot/Research/AI-Recruiter/data/linkedin/htmls_2/rakesh-t-ba0905190.html,,,
/Users/emilpalikot/Research/AI-Recruiter/data/linkedin/htmls_2/ramamanaswi.html,,,
/Users/emilpalikot/Research/AI-Recruiter/data/linkedin/htmls_2/rami-zaid-a864a025b.html,,,
/Users/emilpalikot/Research/AI-Recruiter/data/linkedin/htmls_2/ramiz-gamal-390915232.html,,,
/Users/emilpalikot/Research/AI-Recruiter/data/linkedin/htmls_2/ramya-gayala-1448b5231.html,,,
/Users/emilpalikot/Research/AI-Recruiter/data/linkedin/htmls_2/rares-ionescu-9a14b1232.html,,,
/Users/emilpalikot/Research/AI-Recruiter/data/linkedin/htmls_2/rasha702.html,,,
/Users/emilpalikot/Research/AI-Recruiter/data/linkedin/htmls_2/ravalika-nimmanapalli-a78202221.html,,,
/Users/emilpalikot/Research/AI-Recruiter/data/linkedin/htmls_2/ravikiran-gundala-b82b3a1b0.html,,,
/Users/emilpalikot/Research/AI-Recruiter/data/linkedin/htmls_2/ravishankar-sah.html,,,
/Users/emilpalikot/Research/AI-Recruiter/data/linkedin/htmls_2/raymond-rupiah.html,,,
/Users/emilpalikot/Research/AI-Recruiter/data/linkedin/htmls_2/raziuddin-syed-13b629202.html,,,
/Users/emilpalikot/Research/AI-Recruiter/data/linkedin/htmls_2/realnickspiess.html,Portfolio SitePortfolio Site,ProjectsProjects,
/Users/emilpalikot/Research/AI-Recruiter/data/linkedin/htmls_2/reddy-jayasree-68135413b.html,,,
/Users/emilpalikot/Research/AI-Recruiter/data/linkedin/htmls_2/reetpriye.html,The masterThe master,ProjectsProjects,
/Users/emilpalikot/Research/AI-Recruiter/data/linkedin/htmls_2/reshmask.html,,,
/Users/emilpalikot/Research/AI-Recruiter/data/linkedin/htmls_2/reshmask_AUTHWALL.html,,,
/Users/emilpalikot/Research/AI-Recruiter/data/linkedin/htmls_2/rey-echeverri-868a5b346.html,,,
/Users/emilpalikot/Research/AI-Recruiter/data/linkedin/htmls_2/rezakaabi.html,,,
/Users/emilpalikot/Research/AI-Recruiter/data/linkedin/htmls_2/rigoberto-cepeda.html,,,
/Users/emilpalikot/Research/AI-Recruiter/data/linkedin/htmls_2/rinkey-aghicha.html,,,
/Users/emilpalikot/Research/AI-Recruiter/data/linkedin/htmls_2/rishi-s-b90558288.html,,,
/Users/emilpalikot/Research/AI-Recruiter/data/linkedin/htmls_2/ritikbokre.html,,,
/Users/emilpalikot/Research/AI-Recruiter/data/linkedin/htmls_2/rkp2508.html,,,
/Users/emilpalikot/Research/AI-Recruiter/data/linkedin/htmls_2/roalibiten.html,,,
/Users/emilpalikot/Research/AI-Recruiter/data/linkedin/htmls_2/robertaldixon.html,,,
/Users/emilpalikot/Research/AI-Recruiter/data/linkedin/htmls_2/rohankumarsingh63.html,,,
/Users/emilpalikot/Research/AI-Recruiter/data/linkedin/htmls_2/rohit-gupta-5189a6280.html,,,
/Users/emilpalikot/Research/AI-Recruiter/data/linkedin/htmls_2/rohit-soni-037928244.html,,,
/Users/emilpalikot/Research/AI-Recruiter/data/linkedin/htmls_2/roko-dolic-60622a34a.html,,,
/Users/emilpalikot/Research/AI-Recruiter/data/linkedin/htmls_2/roland-umoh.html,,,
/Users/emilpalikot/Research/AI-Recruiter/data/linkedin/htmls_2/ron-brown-tech.html,,,
/Users/emilpalikot/Research/AI-Recruiter/data/linkedin/htmls_2/roshan-kumar-b159a428b.html,,,
/Users/emilpalikot/Research/AI-Recruiter/data/linkedin/htmls_2/roshansingh9641.html,The masterThe master,ProjectsProjects,
/Users/emilpalikot/Research/AI-Recruiter/data/linkedin/htmls_2/roua-slama-3a6265192.html,,,
/Users/emilpalikot/Research/AI-Recruiter/data/linkedin/htmls_2/rugveddhorje.html,,,
/Users/emilpalikot/Research/AI-Recruiter/data/linkedin/htmls_2/ruksarbanu.html,,,
/Users/emilpalikot/Research/AI-Recruiter/data/linkedin/htmls_2/rushikesh-dapke.html,,,
/Users/emilpalikot/Research/AI-Recruiter/data/linkedin/htmls_2/ryan-bullard-039201326.html,,,
/Users/emilpalikot/Research/AI-Recruiter/data/linkedin/htmls_2/ryan-ebanks787.html,,,
/Users/emilpalikot/Research/AI-Recruiter/data/linkedin/htmls_2/ryan-robert-rea.html,,,
/Users/emilpalikot/Research/AI-Recruiter/data/linkedin/htmls_2/s-m-tahmidul-islam-a570b1215.html,,,
/Users/emilpalikot/Research/AI-Recruiter/data/linkedin/htmls_2/saadat-ali-907099285.html,,,
/Users/emilpalikot/Research/AI-Recruiter/data/linkedin/htmls_2/sabari-v-294410305.html,,,
/Users/emilpalikot/Research/AI-Recruiter/data/linkedin/htmls_2/saeid-barzegar.html,,,
/Users/emilpalikot/Research/AI-Recruiter/data/linkedin/htmls_2/sagar-solanki-ba1241183.html,,,
/Users/emilpalikot/Research/AI-Recruiter/data/linkedin/htmls_2/sagarkrishna-yalla-841681289.html,,,
/Users/emilpalikot/Research/AI-Recruiter/data/linkedin/htmls_2/sahil-shingate.html,,,
/Users/emilpalikot/Research/AI-Recruiter/data/linkedin/htmls_2/sai-krishna-reddy-s-p-473106245.html,,,
/Users/emilpalikot/Research/AI-Recruiter/data/linkedin/htmls_2/sai-lakshmi-namagiri-42a08b294.html,,,
/Users/emilpalikot/Research/AI-Recruiter/data/linkedin/htmls_2/sai-priya-n-95ab8823b.html,,,
/Users/emilpalikot/Research/AI-Recruiter/data/linkedin/htmls_2/saibhargav-kommireddy-674007299.html,,,
/Users/emilpalikot/Research/AI-Recruiter/data/linkedin/htmls_2/saieshan-gounden-11299a252.html,,,
/Users/emilpalikot/Research/AI-Recruiter/data/linkedin/htmls_2/saifizubair.html,,,
/Users/emilpalikot/Research/AI-Recruiter/data/linkedin/htmls_2/saikumar-naik-aa7557341.html,,,
/Users/emilpalikot/Research/AI-Recruiter/data/linkedin/htmls_2/sainikhil-avula-3b5a77328.html,,,
/Users/emilpalikot/Research/AI-Recruiter/data/linkedin/htmls_2/sajidkhanpk.html,Back of house | jalebiBack of house | jalebi,ProjectsProjects,
/Users/emilpalikot/Research/AI-Recruiter/data/linkedin/htmls_2/salah-eddine-lhassibi-357212185.html,,,
/Users/emilpalikot/Research/AI-Recruiter/data/linkedin/htmls_2/saltion-satka.html,,,
/Users/emilpalikot/Research/AI-Recruiter/data/linkedin/htmls_2/salvador-zaragoza-garcia-892767206.html,,,
/Users/emilpalikot/Research/AI-Recruiter/data/linkedin/htmls_2/salvevaibhav.html,,,
/Users/emilpalikot/Research/AI-Recruiter/data/linkedin/htmls_2/saman-ayaz-205a191a3.html,,,
/Users/emilpalikot/Research/AI-Recruiter/data/linkedin/htmls_2/samatha-audhari-708532318.html,,,
/Users/emilpalikot/Research/AI-Recruiter/data/linkedin/htmls_2/sambhava-kumar.html,,,
/Users/emilpalikot/Research/AI-Recruiter/data/linkedin/htmls_2/samuel-langenfeld.html,,,
/Users/emilpalikot/Research/AI-Recruiter/data/linkedin/htmls_2/samuel-onyeji-78a141256.html,,,
/Users/emilpalikot/Research/AI-Recruiter/data/linkedin/htmls_2/sandeep-saraf-364977128.html,,,
/Users/emilpalikot/Research/AI-Recruiter/data/linkedin/htmls_2/sandhya-rani05.html,,,
/Users/emilpalikot/Research/AI-Recruiter/data/linkedin/htmls_2/sandhyaranipenta.html,,,
/Users/emilpalikot/Research/AI-Recruiter/data/linkedin/htmls_2/sanga-bharath-765543284.html,,,
/Users/emilpalikot/Research/AI-Recruiter/data/linkedin/htmls_2/sanghyo-k-lee.html,,,
/Users/emilpalikot/Research/AI-Recruiter/data/linkedin/htmls_2/sanjay-somanolla-838177259.html,,,
/Users/emilpalikot/Research/AI-Recruiter/data/linkedin/htmls_2/sankalp-saxena-111137242.html,,,
/Users/emilpalikot/Research/AI-Recruiter/data/linkedin/htmls_2/sanket-kisan-chavhan-930042273.html,,,
/Users/emilpalikot/Research/AI-Recruiter/data/linkedin/htmls_2/santosh-kumar-b911b91b1.html,,,
/Users/emilpalikot/Research/AI-Recruiter/data/linkedin/htmls_2/santoshi-kala-86a338213.html,,,
/Users/emilpalikot/Research/AI-Recruiter/data/linkedin/htmls_2/saptarshi-rudra-3773179a.html,,,
/Users/emilpalikot/Research/AI-Recruiter/data/linkedin/htmls_2/saqib-ishfaq-a535b7109.html,,,
/Users/emilpalikot/Research/AI-Recruiter/data/linkedin/htmls_2/sara-muskan.html,,,
/Users/emilpalikot/Research/AI-Recruiter/data/linkedin/htmls_2/sargsyansevak.html,,,
/Users/emilpalikot/Research/AI-Recruiter/data/linkedin/htmls_2/satya-sai-rajesh-parvatareddy.html,,,
/Users/emilpalikot/Research/AI-Recruiter/data/linkedin/htmls_2/saurabhsonde.html,,,
/Users/emilpalikot/Research/AI-Recruiter/data/linkedin/htmls_2/savitha-h-393600315.html,,,
/Users/emilpalikot/Research/AI-Recruiter/data/linkedin/htmls_2/sayali-takalkar.html,,,
/Users/emilpalikot/Research/AI-Recruiter/data/linkedin/htmls_2/sayantan-roy-390276185.html,,,
/Users/emilpalikot/Research/AI-Recruiter/data/linkedin/htmls_2/sebastian-valencia-21b257a9.html,,,
/Users/emilpalikot/Research/AI-Recruiter/data/linkedin/htmls_2/seda-hayrapetyan.html,,,
/Users/emilpalikot/Research/AI-Recruiter/data/linkedin/htmls_2/sergey-chernushevich-827591219.html,,,
/Users/emilpalikot/Research/AI-Recruiter/data/linkedin/htmls_2/serhiy-hourwitz.html,,,
/Users/emilpalikot/Research/AI-Recruiter/data/linkedin/htmls_2/shagun-sharma-572205101.html,,,
/Users/emilpalikot/Research/AI-Recruiter/data/linkedin/htmls_2/shaheen-ahmad-khan.html,,,
/Users/emilpalikot/Research/AI-Recruiter/data/linkedin/htmls_2/shaik-azeem-valli-8053a4243.html,,,
/Users/emilpalikot/Research/AI-Recruiter/data/linkedin/htmls_2/shaik-mahammad-saleem-5202ab26a.html,,,
/Users/emilpalikot/Research/AI-Recruiter/data/linkedin/htmls_2/shailezh.html,,,
/Users/emilpalikot/Research/AI-Recruiter/data/linkedin/htmls_2/shalaka-dongre-4b7764340.html,,,
/Users/emilpalikot/Research/AI-Recruiter/data/linkedin/htmls_2/shalinigupta-developer.html,,,
/Users/emilpalikot/Research/AI-Recruiter/data/linkedin/htmls_2/shama-tabassum.html,,,
/Users/emilpalikot/Research/AI-Recruiter/data/linkedin/htmls_2/sharani-regonda-a86104151.html,,,
/Users/emilpalikot/Research/AI-Recruiter/data/linkedin/htmls_2/sharanya-menon-24baaa83.html,,,
/Users/emilpalikot/Research/AI-Recruiter/data/linkedin/htmls_2/sharjil-khan-1933359a.html,,,
/Users/emilpalikot/Research/AI-Recruiter/data/linkedin/htmls_2/sharmajitesh01.html,VotermoodVotermood,ProjectsProjects,
/Users/emilpalikot/Research/AI-Recruiter/data/linkedin/htmls_2/shashikant-songirkar-67b663157.html,,,
/Users/emilpalikot/Research/AI-Recruiter/data/linkedin/htmls_2/shashwattiwari10.html,,,
/Users/emilpalikot/Research/AI-Recruiter/data/linkedin/htmls_2/shilpa-puli-229912201.html,,,
/Users/emilpalikot/Research/AI-Recruiter/data/linkedin/htmls_2/shiva-kumarr-thimmaraveni.html,,,
/Users/emilpalikot/Research/AI-Recruiter/data/linkedin/htmls_2/shivamrraj.html,,,
/Users/emilpalikot/Research/AI-Recruiter/data/linkedin/htmls_2/shivamsharma77607.html,,,
/Users/emilpalikot/Research/AI-Recruiter/data/linkedin/htmls_2/shivaniiraicchanddani.html,,,
/Users/emilpalikot/Research/AI-Recruiter/data/linkedin/htmls_2/shivanijpatil.html,,,
/Users/emilpalikot/Research/AI-Recruiter/data/linkedin/htmls_2/shivarangapuram.html,,,
/Users/emilpalikot/Research/AI-Recruiter/data/linkedin/htmls_2/shoaib-bashir-2bb728209.html,,,
/Users/emilpalikot/Research/AI-Recruiter/data/linkedin/htmls_2/shoaib-rasool-193150221.html,,,
/Users/emilpalikot/Research/AI-Recruiter/data/linkedin/htmls_2/shoaib-shaik-12b1022a2.html,,,
/Users/emilpalikot/Research/AI-Recruiter/data/linkedin/htmls_2/shravya-varma-aa4b41249.html,,,
/Users/emilpalikot/Research/AI-Recruiter/data/linkedin/htmls_2/shreela-sapkota-8a28b6213.html,,,
/Users/emilpalikot/Research/AI-Recruiter/data/linkedin/htmls_2/shrestho0.html,,,
/Users/emilpalikot/Research/AI-Recruiter/data/linkedin/htmls_2/shreyanshprakash.html,,,
/Users/emilpalikot/Research/AI-Recruiter/data/linkedin/htmls_2/shreyash-shaha.html,,,
/Users/emilpalikot/Research/AI-Recruiter/data/linkedin/htmls_2/shruthi-kuturu.html,,,
/Users/emilpalikot/Research/AI-Recruiter/data/linkedin/htmls_2/shruti-pandey-7b179a202.html,,,
/Users/emilpalikot/Research/AI-Recruiter/data/linkedin/htmls_2/shruti-uttarkar-208800304.html,,,
/Users/emilpalikot/Research/AI-Recruiter/data/linkedin/htmls_2/shubham-mohite-21858326a.html,,,
/Users/emilpalikot/Research/AI-Recruiter/data/linkedin/htmls_2/shubham-singh-174a3813b.html,,,
/Users/emilpalikot/Research/AI-Recruiter/data/linkedin/htmls_2/shubhamp112.html,,,
/Users/emilpalikot/Research/AI-Recruiter/data/linkedin/htmls_2/shukuralillahibakare.html,,,
/Users/emilpalikot/Research/AI-Recruiter/data/linkedin/htmls_2/shushanth-naliganti-631537300.html,,,
/Users/emilpalikot/Research/AI-Recruiter/data/linkedin/htmls_2/sigbenu-oghenero-85092178.html,,,
/Users/emilpalikot/Research/AI-Recruiter/data/linkedin/htmls_2/simonibalo.html,,,
/Users/emilpalikot/Research/AI-Recruiter/data/linkedin/htmls_2/simonnguthu.html,,,
/Users/emilpalikot/Research/AI-Recruiter/data/linkedin/htmls_2/sindhu-aaa148126.html,,,
/Users/emilpalikot/Research/AI-Recruiter/data/linkedin/htmls_2/singhxmandeep.html,,,
/Users/emilpalikot/Research/AI-Recruiter/data/linkedin/htmls_2/siva-chowdary-66913b231.html,,,
/Users/emilpalikot/Research/AI-Recruiter/data/linkedin/htmls_2/sneha-reddy-486a09322.html,,,
/Users/emilpalikot/Research/AI-Recruiter/data/linkedin/htmls_2/sofia-kotova-1b7757230.html,,,
/Users/emilpalikot/Research/AI-Recruiter/data/linkedin/htmls_2/sohamkalse.html,,,
/Users/emilpalikot/Research/AI-Recruiter/data/linkedin/htmls_2/somashekar-gouda-11960b139.html,,,
/Users/emilpalikot/Research/AI-Recruiter/data/linkedin/htmls_2/somen-kumar-95410917a.html,,,
/Users/emilpalikot/Research/AI-Recruiter/data/linkedin/htmls_2/soni-tanmay.html,Immigration WebsiteImmigration Website,ProjectsProjects,
/Users/emilpalikot/Research/AI-Recruiter/data/linkedin/htmls_2/sonia-gabriela-banea.html,,,
/Users/emilpalikot/Research/AI-Recruiter/data/linkedin/htmls_2/spencer-schibig-7b4324209.html,The masterThe master,ProjectsProjects,
/Users/emilpalikot/Research/AI-Recruiter/data/linkedin/htmls_2/sreehari-sunil-b717981a5.html,,,
/Users/emilpalikot/Research/AI-Recruiter/data/linkedin/htmls_2/sreekar-parsa-23b72831a.html,The masterThe master,ProjectsProjects,
/Users/emilpalikot/Research/AI-Recruiter/data/linkedin/htmls_2/srinivasaraghavkodaganti.html,,,
/Users/emilpalikot/Research/AI-Recruiter/data/linkedin/htmls_2/sswamin1.html,,,
/Users/emilpalikot/Research/AI-Recruiter/data/linkedin/htmls_2/stutipradhan22.html,,,
/Users/emilpalikot/Research/AI-Recruiter/data/linkedin/htmls_2/subarna-kar881596138.html,,,
/Users/emilpalikot/Research/AI-Recruiter/data/linkedin/htmls_2/subashini-subramaniam-71821081.html,The masterThe master,ProjectsProjects,
/Users/emilpalikot/Research/AI-Recruiter/data/linkedin/htmls_2/subhankur-chakrabarty.html,,,
/Users/emilpalikot/Research/AI-Recruiter/data/linkedin/htmls_2/subhashinim44.html,,,
/Users/emilpalikot/Research/AI-Recruiter/data/linkedin/htmls_2/subodh-kumar-singh-react-developer.html,,,
/Users/emilpalikot/Research/AI-Recruiter/data/linkedin/htmls_2/sudarshan-manavalan.html,,,
/Users/emilpalikot/Research/AI-Recruiter/data/linkedin/htmls_2/suhayb-faysal-b524182bb.html,,,
/Users/emilpalikot/Research/AI-Recruiter/data/linkedin/htmls_2/sulloa1.html,,,
/Users/emilpalikot/Research/AI-Recruiter/data/linkedin/htmls_2/sumanth-dondamuri.html,The masterThe master,ProjectsProjects,
/Users/emilpalikot/Research/AI-Recruiter/data/linkedin/htmls_2/supriya-patil-b4bb65156.html,,,
/Users/emilpalikot/Research/AI-Recruiter/data/linkedin/htmls_2/suraj-gurav.html,,,
/Users/emilpalikot/Research/AI-Recruiter/data/linkedin/htmls_2/surbhi-gadhiya.html,,,
/Users/emilpalikot/Research/AI-Recruiter/data/linkedin/htmls_2/surekhasalunkhe19.html,Artificial IntelligenceArtificial Intelligence,ProjectsProjects,
/Users/emilpalikot/Research/AI-Recruiter/data/linkedin/htmls_2/suryachandraputakala.html,,,
/Users/emilpalikot/Research/AI-Recruiter/data/linkedin/htmls_2/susamaswarajnayak.html,,,
/Users/emilpalikot/Research/AI-Recruiter/data/linkedin/htmls_2/susmitha-reddy-b9980b151.html,,,
/Users/emilpalikot/Research/AI-Recruiter/data/linkedin/htmls_2/suyash-shukla-5894202a5.html,car Rental Systencar Rental Systen,ProjectsProjects,
/Users/emilpalikot/Research/AI-Recruiter/data/linkedin/htmls_2/swapnil-tayade-47 a563183.html,,,
/Users/emilpalikot/Research/AI-Recruiter/data/linkedin/htmls_2/swarupap.html,,,
/Users/emilpalikot/Research/AI-Recruiter/data/linkedin/htmls_2/swathi-palaparthi.html,,,
/Users/emilpalikot/Research/AI-Recruiter/data/linkedin/htmls_2/swathy-ram-srinivasan-17b841127.html,,,
/Users/emilpalikot/Research/AI-Recruiter/data/linkedin/htmls_2/swati-mane-40a51218b.html,The masterThe master,ProjectsProjects,
/Users/emilpalikot/Research/AI-Recruiter/data/linkedin/htmls_2/swetha-amaragonda-927305253.html,,,
/Users/emilpalikot/Research/AI-Recruiter/data/linkedin/htmls_2/swetha-s-8a2b07209.html,,,
/Users/emilpalikot/Research/AI-Recruiter/data/linkedin/htmls_2/syed-absar-qadri-83321823b.html,,,
/Users/emilpalikot/Research/AI-Recruiter/data/linkedin/htmls_2/syed-umar-saifi-a1a489142.html,,,
/Users/emilpalikot/Research/AI-Recruiter/data/linkedin/htmls_2/sylvester-oloo-79a17a259.html,,,
/Users/emilpalikot/Research/AI-Recruiter/data/linkedin/htmls_2/tabita-basharat-75267728b.html,,,
/Users/emilpalikot/Research/AI-Recruiter/data/linkedin/htmls_2/talegeta-mandefro-6b4bba346.html,,,
/Users/emilpalikot/Research/AI-Recruiter/data/linkedin/htmls_2/talitharibeiro.html,,,
/Users/emilpalikot/Research/AI-Recruiter/data/linkedin/htmls_2/tanisha-khare-529752218.html,,,
/Users/emilpalikot/Research/AI-Recruiter/data/linkedin/htmls_2/tarun-kumar-7519a131a.html,,,
/Users/emilpalikot/Research/AI-Recruiter/data/linkedin/htmls_2/tarunl2002.html,,,
/Users/emilpalikot/Research/AI-Recruiter/data/linkedin/htmls_2/tatia-daghelashvili-84b73a1a3.html,,,
/Users/emilpalikot/Research/AI-Recruiter/data/linkedin/htmls_2/tdev.html,,,
/Users/emilpalikot/Research/AI-Recruiter/data/linkedin/htmls_2/tdhpatel.html,,,
/Users/emilpalikot/Research/AI-Recruiter/data/linkedin/htmls_2/tejaswika-pandey.html,,,
/Users/emilpalikot/Research/AI-Recruiter/data/linkedin/htmls_2/thati-supraja-a21b28227.html,,,
/Users/emilpalikot/Research/AI-Recruiter/data/linkedin/htmls_2/theabbie.html,,,
/Users/emilpalikot/Research/AI-Recruiter/data/linkedin/htmls_2/theunis-pretorius-53529861.html,,,
/Users/emilpalikot/Research/AI-Recruiter/data/linkedin/htmls_2/thirumurugan-s-799493254.html,,,
/Users/emilpalikot/Research/AI-Recruiter/data/linkedin/htmls_2/tieulam.html,,,
/Users/emilpalikot/Research/AI-Recruiter/data/linkedin/htmls_2/tomas-karlsson-4b860333.html,,,
/Users/emilpalikot/Research/AI-Recruiter/data/linkedin/htmls_2/tomboban77.html,,,
/Users/emilpalikot/Research/AI-Recruiter/data/linkedin/htmls_2/tommywoo916.html,,,
/Users/emilpalikot/Research/AI-Recruiter/data/linkedin/htmls_2/toobafatima12.html,,,
/Users/emilpalikot/Research/AI-Recruiter/data/linkedin/htmls_2/tori-carawan.html,,,
/Users/emilpalikot/Research/AI-Recruiter/data/linkedin/htmls_2/toshik-rathore.html,,,
/Users/emilpalikot/Research/AI-Recruiter/data/linkedin/htmls_2/tugcecifcii.html,,,
/Users/emilpalikot/Research/AI-Recruiter/data/linkedin/htmls_2/tuomas-m%C3%A4kel%C3%A4-6a44791b4.html,,,
/Users/emilpalikot/Research/AI-Recruiter/data/linkedin/htmls_2/turki-alshammari-a16472292.html,,,
/Users/emilpalikot/Research/AI-Recruiter/data/linkedin/htmls_2/tyler-dinner-491b914a.html,,,
/Users/emilpalikot/Research/AI-Recruiter/data/linkedin/htmls_2/ugyen-lhendup-41ba5123b.html,,,
/Users/emilpalikot/Research/AI-Recruiter/data/linkedin/htmls_2/ujwala-dhoble-0169661a3.html,,,
/Users/emilpalikot/Research/AI-Recruiter/data/linkedin/htmls_2/unnati-rastogi-213170222.html,,,
/Users/emilpalikot/Research/AI-Recruiter/data/linkedin/htmls_2/upasana-sharama.html,,,
/Users/emilpalikot/Research/AI-Recruiter/data/linkedin/htmls_2/utkarsh4970.html,,,
/Users/emilpalikot/Research/AI-Recruiter/data/linkedin/htmls_2/uttejshas.html,,,
/Users/emilpalikot/Research/AI-Recruiter/data/linkedin/htmls_2/uvislive.html,The masterThe master,ProjectsProjects,
/Users/emilpalikot/Research/AI-Recruiter/data/linkedin/htmls_2/va1bhav07.html,,,
/Users/emilpalikot/Research/AI-Recruiter/data/linkedin/htmls_2/vache-khanoyan-software-engineer.html,,,
/Users/emilpalikot/Research/AI-Recruiter/data/linkedin/htmls_2/vaibhav-gupta-2a5135180.html,,,
/Users/emilpalikot/Research/AI-Recruiter/data/linkedin/htmls_2/vaibhav-verma-a73238130.html,,,
/Users/emilpalikot/Research/AI-Recruiter/data/linkedin/htmls_2/vaibhavsharma-24102003s.html,,,
/Users/emilpalikot/Research/AI-Recruiter/data/linkedin/htmls_2/vaibhaw-v.html,,,
/Users/emilpalikot/Research/AI-Recruiter/data/linkedin/htmls_2/vaishak-kallore-52a1a6a9.html,,,
/Users/emilpalikot/Research/AI-Recruiter/data/linkedin/htmls_2/vaishnavi-suryawanshi-b9b1a0224.html,,,
/Users/emilpalikot/Research/AI-Recruiter/data/linkedin/htmls_2/vaishnavimuchi.html,,,
/Users/emilpalikot/Research/AI-Recruiter/data/linkedin/htmls_2/valeriy-grey.html,,,
/Users/emilpalikot/Research/AI-Recruiter/data/linkedin/htmls_2/valluri-chaitanyachari-46ab95183.html,,,
/Users/emilpalikot/Research/AI-Recruiter/data/linkedin/htmls_2/vamsi-katuri-5a1b34150.html,,,
/Users/emilpalikot/Research/AI-Recruiter/data/linkedin/htmls_2/vansh-vansh-749a9a235.html,,,
/Users/emilpalikot/Research/AI-Recruiter/data/linkedin/htmls_2/varun-rudrangi.html,,,
/Users/emilpalikot/Research/AI-Recruiter/data/linkedin/htmls_2/varun-samant-0a232620bEwi_tNOL6KCLAxVYVmwGHQGhC84QFnoECBoQAQ&usg=AOvVaw1S7oI78CXWiRDyBqfexZrg.html,,,
/Users/emilpalikot/Research/AI-Recruiter/data/linkedin/htmls_2/varun1631.html,,,
/Users/emilpalikot/Research/AI-Recruiter/data/linkedin/htmls_2/varundoreswamy.html,,,
/Users/emilpalikot/Research/AI-Recruiter/data/linkedin/htmls_2/vasil-gagloshvili-897136256.html,,,
/Users/emilpalikot/Research/AI-Recruiter/data/linkedin/htmls_2/vasunthara-duraisamy-b7544a236.html,,,
/Users/emilpalikot/Research/AI-Recruiter/data/linkedin/htmls_2/vb1vikas.html,,,
/Users/emilpalikot/Research/AI-Recruiter/data/linkedin/htmls_2/veera-vara-prasad-devarabotla-90b482245.html,,,
/Users/emilpalikot/Research/AI-Recruiter/data/linkedin/htmls_2/velvizhi-murugan-36b656341.html,,,
/Users/emilpalikot/Research/AI-Recruiter/data/linkedin/htmls_2/venkata-rathnam-kuntru-0b0783273.html,,,
/Users/emilpalikot/Research/AI-Recruiter/data/linkedin/htmls_2/victorhsantiago.html,,,
/Users/emilpalikot/Research/AI-Recruiter/data/linkedin/htmls_2/vignesh-sadhu.html,,,
/Users/emilpalikot/Research/AI-Recruiter/data/linkedin/htmls_2/vijay-kumar-p-74b666bb.html,,,
/Users/emilpalikot/Research/AI-Recruiter/data/linkedin/htmls_2/vijay-sahani-6515981b8.html,,,
/Users/emilpalikot/Research/AI-Recruiter/data/linkedin/htmls_2/vikas-prajapat.html,,,
/Users/emilpalikot/Research/AI-Recruiter/data/linkedin/htmls_2/vikash-kumar2351.html,,,
/Users/emilpalikot/Research/AI-Recruiter/data/linkedin/htmls_2/vince-quinaging-614104163.html,,,
/Users/emilpalikot/Research/AI-Recruiter/data/linkedin/htmls_2/vineet-verma-768036259.html,CABE - Space AppCABE - Space App,ProjectsProjects,
/Users/emilpalikot/Research/AI-Recruiter/data/linkedin/htmls_2/viniktha-gadde.html,,,
/Users/emilpalikot/Research/AI-Recruiter/data/linkedin/htmls_2/vipin-pathak-4256ba22b.html,,,
/Users/emilpalikot/Research/AI-Recruiter/data/linkedin/htmls_2/viralbhoot.html,,,
/Users/emilpalikot/Research/AI-Recruiter/data/linkedin/htmls_2/vishal-gupta-146477205.html,IntelliText – AI-Powered Text Analysis Chrome ExtensionIntelliText – AI-Powered Text Analysis Chrome Extension,ProjectsProjects,
/Users/emilpalikot/Research/AI-Recruiter/data/linkedin/htmls_2/vivek-ku.html,,,
/Users/emilpalikot/Research/AI-Recruiter/data/linkedin/htmls_2/vivek-patidar-78b03a279.html,,,
/Users/emilpalikot/Research/AI-Recruiter/data/linkedin/htmls_2/vivek-raj-02448624b.html,,,
/Users/emilpalikot/Research/AI-Recruiter/data/linkedin/htmls_2/vivek-saini-718b63141.html,,,
/Users/emilpalikot/Research/AI-Recruiter/data/linkedin/htmls_2/vivek-yadav-6510b8215.html,,,
/Users/emilpalikot/Research/AI-Recruiter/data/linkedin/htmls_2/vkastanenka.html,,,
/Users/emilpalikot/Research/AI-Recruiter/data/linkedin/htmls_2/vlad-s-1b2112a6.html,,,
/Users/emilpalikot/Research/AI-Recruiter/data/linkedin/htmls_2/vnshbhaargava.html,,,
/Users/emilpalikot/Research/AI-Recruiter/data/linkedin/htmls_2/volodymyr-semkiv.html,,,
/Users/emilpalikot/Research/AI-Recruiter/data/linkedin/htmls_2/vrundasavaliya.html,,,
/Users/emilpalikot/Research/AI-Recruiter/data/linkedin/htmls_2/wally-jean.html,,,
/Users/emilpalikot/Research/AI-Recruiter/data/linkedin/htmls_2/waqas-ahmad-9b273119a.html,,,
/Users/emilpalikot/Research/AI-Recruiter/data/linkedin/htmls_2/washington-leckie-milongo-b4b701218.html,,,
/Users/emilpalikot/Research/AI-Recruiter/data/linkedin/htmls_2/wellington-teles0318.html,,,
/Users/emilpalikot/Research/AI-Recruiter/data/linkedin/htmls_2/wilke-oncken-7620462a6.html,,,
/Users/emilpalikot/Research/AI-Recruiter/data/linkedin/htmls_2/y-e-74125090.html,,,
/Users/emilpalikot/Research/AI-Recruiter/data/linkedin/htmls_2/yakupha-ntonintshi-3b2672221.html,,,
/Users/emilpalikot/Research/AI-Recruiter/data/linkedin/htmls_2/yaqian-yang.html,,,
/Users/emilpalikot/Research/AI-Recruiter/data/linkedin/htmls_2/yared-yemane-3b1b9b13b.html,,,
/Users/emilpalikot/Research/AI-Recruiter/data/linkedin/htmls_2/yaroslav-lohvynenko-0a9424191.html,,,
/Users/emilpalikot/Research/AI-Recruiter/data/linkedin/htmls_2/yashankbhola.html,,,
/Users/emilpalikot/Research/AI-Recruiter/data/linkedin/htmls_2/yashaswi-g-puthran-82a889224.html,,,
/Users/emilpalikot/Research/AI-Recruiter/data/linkedin/htmls_2/yashsharmaji.html,,,
/Users/emilpalikot/Research/AI-Recruiter/data/linkedin/htmls_2/yazan-alkhabbaz-63b41a1a6.html,,,
/Users/emilpalikot/Research/AI-Recruiter/data/linkedin/htmls_2/yogendra-singh-verma-04532418b.html,,,
/Users/emilpalikot/Research/AI-Recruiter/data/linkedin/htmls_2/yogesh-kumar-2659a0285.html,The masterThe master,ProjectsProjects,
/Users/emilpalikot/Research/AI-Recruiter/data/linkedin/htmls_2/yogesh-yogi-a5a60326b.html,,,
/Users/emilpalikot/Research/AI-Recruiter/data/linkedin/htmls_2/yogeshwaran-m-80ba24271.html,,,
/Users/emilpalikot/Research/AI-Recruiter/data/linkedin/htmls_2/yolophg.html,Dale UI 🎨 Design SystemDale UI 🎨 Design System,ProjectsProjects,
/Users/emilpalikot/Research/AI-Recruiter/data/linkedin/htmls_2/yu-ning-wang.html,Performance analysis of search algorithms for database indicesPerformance analysis of search algorithms for database indices,ProjectsProjects,
/Users/emilpalikot/Research/AI-Recruiter/data/linkedin/htmls_2/yugesh-m-m-246a67161.html,,,
/Users/emilpalikot/Research/AI-Recruiter/data/linkedin/htmls_2/yuvaraj-s-aaaa78220.html,,,
/Users/emilpalikot/Research/AI-Recruiter/data/linkedin/htmls_2/zachary-saile.html,,,
/Users/emilpalikot/Research/AI-Recruiter/data/linkedin/htmls_2/zbmzubayer.html,,,
/Users/emilpalikot/Research/AI-Recruiter/data/linkedin/htmls_2/zeeshan-ahmad-react.html,,,
/Users/emilpalikot/Research/AI-Recruiter/data/linkedin/htmls_2/zigoruriarte.html,,,
/Users/emilpalikot/Research/AI-Recruiter/data/linkedin/htmls_2/zintis-may-krumins-12025b84.html,,,
/Users/emilpalikot/Research/AI-Recruiter/data/linkedin/htmls_2/zsolt98.html,PomegrenadePomegrenade,ProjectsProjects,
/Users/emilpalikot/Research/AI-Recruiter/data/linkedin/htmls_2/zulhisyam.html,,,
/Users/emilpalikot/Research/AI-Recruiter/data/linkedin/htmls_2/zulkifel-muhammad.html,PUCIT ACM Student ChapterPUCIT ACM Student Chapter,OrganizationsOrganizations,
